path,url
foto-upload/toko1/jibbitz/JB-0000001.png,https://ganci.whatslink.group/foto-upload/toko1/jibbitz/JB-0000001.png
foto-upload/toko1/jibbitz/JB-0000002.png,https://ganci.whatslink.group/foto-upload/toko1/jibbitz/JB-0000002.png
foto-upload/toko1/jibbitz/JB-0000003.png,https://ganci.whatslink.group/foto-upload/toko1/jibbitz/JB-0000003.png
foto-upload/toko1/jibbitz/JB-0000004.png,https://ganci.whatslink.group/foto-upload/toko1/jibbitz/JB-0000004.png
foto-upload/toko1/jibbitz/JB-0000005.png,https://ganci.whatslink.group/foto-upload/toko1/jibbitz/JB-0000005.png
foto-upload/toko1/jibbitz/JB-0000006.png,https://ganci.whatslink.group/foto-upload/toko1/jibbitz/JB-0000006.png
foto-upload/toko1/jibbitz/JB-0000007.png,https://ganci.whatslink.group/foto-upload/toko1/jibbitz/JB-0000007.png
foto-upload/toko1/jibbitz/JB-0000008.png,https://ganci.whatslink.group/foto-upload/toko1/jibbitz/JB-0000008.png
foto-upload/toko1/jibbitz/JB-0000009.png,https://ganci.whatslink.group/foto-upload/toko1/jibbitz/JB-0000009.png
foto-upload/toko1/jibbitz/JB-0000010.png,https://ganci.whatslink.group/foto-upload/toko1/jibbitz/JB-0000010.png
foto-upload/toko1/jibbitz/JB-0000011.png,https://ganci.whatslink.group/foto-upload/toko1/jibbitz/JB-0000011.png
foto-upload/toko1/jibbitz/JB-0000012.png,https://ganci.whatslink.group/foto-upload/toko1/jibbitz/JB-0000012.png
foto-upload/toko1/jibbitz/JB-0000013.png,https://ganci.whatslink.group/foto-upload/toko1/jibbitz/JB-0000013.png
foto-upload/toko1/jibbitz/JB-0000014.png,https://ganci.whatslink.group/foto-upload/toko1/jibbitz/JB-0000014.png
foto-upload/toko1/jibbitz/JB-0000015.png,https://ganci.whatslink.group/foto-upload/toko1/jibbitz/JB-0000015.png
foto-upload/toko1/jibbitz/JB-0000016.png,https://ganci.whatslink.group/foto-upload/toko1/jibbitz/JB-0000016.png
foto-upload/toko1/jibbitz/JB-0000017.png,https://ganci.whatslink.group/foto-upload/toko1/jibbitz/JB-0000017.png
foto-upload/toko1/jibbitz/JB-0000018.png,https://ganci.whatslink.group/foto-upload/toko1/jibbitz/JB-0000018.png
foto-upload/toko1/jibbitz/JB-0000019.png,https://ganci.whatslink.group/foto-upload/toko1/jibbitz/JB-0000019.png
foto-upload/toko1/jibbitz/JB-0000020.png,https://ganci.whatslink.group/foto-upload/toko1/jibbitz/JB-0000020.png
foto-upload/toko1/jibbitz/JB-0000021.png,https://ganci.whatslink.group/foto-upload/toko1/jibbitz/JB-0000021.png
foto-upload/toko1/jibbitz/JB-0000022.png,https://ganci.whatslink.group/foto-upload/toko1/jibbitz/JB-0000022.png
foto-upload/toko1/jibbitz/JB-0000023.png,https://ganci.whatslink.group/foto-upload/toko1/jibbitz/JB-0000023.png
foto-upload/toko1/jibbitz/JB-0000024.png,https://ganci.whatslink.group/foto-upload/toko1/jibbitz/JB-0000024.png
foto-upload/toko1/jibbitz/JB-0000025.png,https://ganci.whatslink.group/foto-upload/toko1/jibbitz/JB-0000025.png
foto-upload/toko1/jibbitz/JB-0000026.png,https://ganci.whatslink.group/foto-upload/toko1/jibbitz/JB-0000026.png
foto-upload/toko1/jibbitz/JB-0000027.png,https://ganci.whatslink.group/foto-upload/toko1/jibbitz/JB-0000027.png
foto-upload/toko1/jibbitz/JB-0000028.png,https://ganci.whatslink.group/foto-upload/toko1/jibbitz/JB-0000028.png
foto-upload/toko1/jibbitz/JB-0000029.png,https://ganci.whatslink.group/foto-upload/toko1/jibbitz/JB-0000029.png
foto-upload/toko1/jibbitz/JB-0000030.png,https://ganci.whatslink.group/foto-upload/toko1/jibbitz/JB-0000030.png
foto-upload/toko1/jibbitz/JB-0000031.png,https://ganci.whatslink.group/foto-upload/toko1/jibbitz/JB-0000031.png
foto-upload/toko1/jibbitz/JB-0000032.png,https://ganci.whatslink.group/foto-upload/toko1/jibbitz/JB-0000032.png
foto-upload/toko1/jibbitz/JB-0000033.png,https://ganci.whatslink.group/foto-upload/toko1/jibbitz/JB-0000033.png
foto-upload/toko1/jibbitz/JB-0000034.png,https://ganci.whatslink.group/foto-upload/toko1/jibbitz/JB-0000034.png
foto-upload/toko1/jibbitz/JB-0000035.png,https://ganci.whatslink.group/foto-upload/toko1/jibbitz/JB-0000035.png
foto-upload/toko1/jibbitz/JB-0000036.png,https://ganci.whatslink.group/foto-upload/toko1/jibbitz/JB-0000036.png
foto-upload/toko1/jibbitz/JB-0000037.png,https://ganci.whatslink.group/foto-upload/toko1/jibbitz/JB-0000037.png
foto-upload/toko1/jibbitz/JB-0000038.png,https://ganci.whatslink.group/foto-upload/toko1/jibbitz/JB-0000038.png
foto-upload/toko1/jibbitz/JB-0000039.png,https://ganci.whatslink.group/foto-upload/toko1/jibbitz/JB-0000039.png
foto-upload/toko1/jibbitz/JB-0000040.png,https://ganci.whatslink.group/foto-upload/toko1/jibbitz/JB-0000040.png
foto-upload/toko1/jibbitz/JB-0000041.png,https://ganci.whatslink.group/foto-upload/toko1/jibbitz/JB-0000041.png
foto-upload/toko1/jibbitz/JB-0000042.png,https://ganci.whatslink.group/foto-upload/toko1/jibbitz/JB-0000042.png
foto-upload/toko1/jibbitz/JB-0000043.png,https://ganci.whatslink.group/foto-upload/toko1/jibbitz/JB-0000043.png
foto-upload/toko1/jibbitz/JB-0000044.png,https://ganci.whatslink.group/foto-upload/toko1/jibbitz/JB-0000044.png
foto-upload/toko1/jibbitz/JB-0000045.png,https://ganci.whatslink.group/foto-upload/toko1/jibbitz/JB-0000045.png
foto-upload/toko1/jibbitz/JB-0000046.png,https://ganci.whatslink.group/foto-upload/toko1/jibbitz/JB-0000046.png
foto-upload/toko1/jibbitz/JB-0000047.png,https://ganci.whatslink.group/foto-upload/toko1/jibbitz/JB-0000047.png
foto-upload/toko1/jibbitz/JB-0000048.png,https://ganci.whatslink.group/foto-upload/toko1/jibbitz/JB-0000048.png
foto-upload/toko1/jibbitz/JB-0000049.png,https://ganci.whatslink.group/foto-upload/toko1/jibbitz/JB-0000049.png
foto-upload/toko1/jibbitz/JB-0000050.png,https://ganci.whatslink.group/foto-upload/toko1/jibbitz/JB-0000050.png
foto-upload/toko1/jibbitz/JB-0000051.png,https://ganci.whatslink.group/foto-upload/toko1/jibbitz/JB-0000051.png
foto-upload/toko1/jibbitz/JB-0000052.png,https://ganci.whatslink.group/foto-upload/toko1/jibbitz/JB-0000052.png
foto-upload/toko1/jibbitz/JB-0000053.png,https://ganci.whatslink.group/foto-upload/toko1/jibbitz/JB-0000053.png
foto-upload/toko1/jibbitz/JB-0000054.png,https://ganci.whatslink.group/foto-upload/toko1/jibbitz/JB-0000054.png
foto-upload/toko1/jibbitz/JB-0000055.png,https://ganci.whatslink.group/foto-upload/toko1/jibbitz/JB-0000055.png
foto-upload/toko1/jibbitz/JB-0000056.png,https://ganci.whatslink.group/foto-upload/toko1/jibbitz/JB-0000056.png
foto-upload/toko1/jibbitz/JB-0000057.png,https://ganci.whatslink.group/foto-upload/toko1/jibbitz/JB-0000057.png
foto-upload/toko1/jibbitz/JB-0000058.png,https://ganci.whatslink.group/foto-upload/toko1/jibbitz/JB-0000058.png
foto-upload/toko1/jibbitz/JB-0000059.png,https://ganci.whatslink.group/foto-upload/toko1/jibbitz/JB-0000059.png
foto-upload/toko1/jibbitz/JB-0000060.png,https://ganci.whatslink.group/foto-upload/toko1/jibbitz/JB-0000060.png
foto-upload/toko1/jibbitz/JB-0000061.png,https://ganci.whatslink.group/foto-upload/toko1/jibbitz/JB-0000061.png
foto-upload/toko1/jibbitz/JB-0000062.png,https://ganci.whatslink.group/foto-upload/toko1/jibbitz/JB-0000062.png
foto-upload/toko1/jibbitz/JB-0000063.png,https://ganci.whatslink.group/foto-upload/toko1/jibbitz/JB-0000063.png
foto-upload/toko1/jibbitz/JB-0000064.png,https://ganci.whatslink.group/foto-upload/toko1/jibbitz/JB-0000064.png
foto-upload/toko1/jibbitz/JB-0000065.png,https://ganci.whatslink.group/foto-upload/toko1/jibbitz/JB-0000065.png
foto-upload/toko1/jibbitz/JB-0000066.png,https://ganci.whatslink.group/foto-upload/toko1/jibbitz/JB-0000066.png
foto-upload/toko1/jibbitz/JB-0000067.png,https://ganci.whatslink.group/foto-upload/toko1/jibbitz/JB-0000067.png
foto-upload/toko1/jibbitz/JB-0000068.png,https://ganci.whatslink.group/foto-upload/toko1/jibbitz/JB-0000068.png
foto-upload/toko1/jibbitz/JB-0000069.png,https://ganci.whatslink.group/foto-upload/toko1/jibbitz/JB-0000069.png
foto-upload/toko1/jibbitz/JB-0000070.png,https://ganci.whatslink.group/foto-upload/toko1/jibbitz/JB-0000070.png
foto-upload/toko1/jibbitz/JB-0000071.png,https://ganci.whatslink.group/foto-upload/toko1/jibbitz/JB-0000071.png
foto-upload/toko1/jibbitz/JB-0000072.png,https://ganci.whatslink.group/foto-upload/toko1/jibbitz/JB-0000072.png
foto-upload/toko1/jibbitz/JB-0000073.png,https://ganci.whatslink.group/foto-upload/toko1/jibbitz/JB-0000073.png
foto-upload/toko1/jibbitz/JB-0000074.png,https://ganci.whatslink.group/foto-upload/toko1/jibbitz/JB-0000074.png
foto-upload/toko1/jibbitz/JB-0000075.png,https://ganci.whatslink.group/foto-upload/toko1/jibbitz/JB-0000075.png
foto-upload/toko1/jibbitz/JB-0000076.png,https://ganci.whatslink.group/foto-upload/toko1/jibbitz/JB-0000076.png
foto-upload/toko1/jibbitz/JB-0000077.png,https://ganci.whatslink.group/foto-upload/toko1/jibbitz/JB-0000077.png
foto-upload/toko1/jibbitz/JB-0000078.png,https://ganci.whatslink.group/foto-upload/toko1/jibbitz/JB-0000078.png
foto-upload/toko1/jibbitz/JB-0000079.png,https://ganci.whatslink.group/foto-upload/toko1/jibbitz/JB-0000079.png
foto-upload/toko1/jibbitz/JB-0000080.png,https://ganci.whatslink.group/foto-upload/toko1/jibbitz/JB-0000080.png
foto-upload/toko1/jibbitz/JB-0000081.png,https://ganci.whatslink.group/foto-upload/toko1/jibbitz/JB-0000081.png
foto-upload/toko1/jibbitz/JB-0000082.png,https://ganci.whatslink.group/foto-upload/toko1/jibbitz/JB-0000082.png
foto-upload/toko1/jibbitz/JB-0000083.png,https://ganci.whatslink.group/foto-upload/toko1/jibbitz/JB-0000083.png
foto-upload/toko1/jibbitz/JB-0000084.png,https://ganci.whatslink.group/foto-upload/toko1/jibbitz/JB-0000084.png
foto-upload/toko1/jibbitz/JB-0000085.png,https://ganci.whatslink.group/foto-upload/toko1/jibbitz/JB-0000085.png
foto-upload/toko1/jibbitz/JB-0000086.png,https://ganci.whatslink.group/foto-upload/toko1/jibbitz/JB-0000086.png
foto-upload/toko1/jibbitz/JB-0000087.png,https://ganci.whatslink.group/foto-upload/toko1/jibbitz/JB-0000087.png
foto-upload/toko1/jibbitz/JB-0000088.png,https://ganci.whatslink.group/foto-upload/toko1/jibbitz/JB-0000088.png
foto-upload/toko1/jibbitz/JB-0000089.png,https://ganci.whatslink.group/foto-upload/toko1/jibbitz/JB-0000089.png
foto-upload/toko1/jibbitz/JB-0000090.png,https://ganci.whatslink.group/foto-upload/toko1/jibbitz/JB-0000090.png
foto-upload/toko1/jibbitz/JB-0000091.png,https://ganci.whatslink.group/foto-upload/toko1/jibbitz/JB-0000091.png
foto-upload/toko1/jibbitz/JB-0000092.png,https://ganci.whatslink.group/foto-upload/toko1/jibbitz/JB-0000092.png
foto-upload/toko1/jibbitz/JB-0000093.png,https://ganci.whatslink.group/foto-upload/toko1/jibbitz/JB-0000093.png
foto-upload/toko1/jibbitz/JB-0000094.png,https://ganci.whatslink.group/foto-upload/toko1/jibbitz/JB-0000094.png
foto-upload/toko1/jibbitz/JB-0000095.png,https://ganci.whatslink.group/foto-upload/toko1/jibbitz/JB-0000095.png
foto-upload/toko1/jibbitz/JB-0000096.png,https://ganci.whatslink.group/foto-upload/toko1/jibbitz/JB-0000096.png
foto-upload/toko1/jibbitz/JB-0000097.png,https://ganci.whatslink.group/foto-upload/toko1/jibbitz/JB-0000097.png
foto-upload/toko1/jibbitz/JB-0000098.png,https://ganci.whatslink.group/foto-upload/toko1/jibbitz/JB-0000098.png
foto-upload/toko1/jibbitz/JB-0000099.png,https://ganci.whatslink.group/foto-upload/toko1/jibbitz/JB-0000099.png
foto-upload/toko1/jibbitz/JB-0000100.png,https://ganci.whatslink.group/foto-upload/toko1/jibbitz/JB-0000100.png
foto-upload/toko1/jibbitz/JB-0000151.png,https://ganci.whatslink.group/foto-upload/toko1/jibbitz/JB-0000151.png
foto-upload/toko1/jibbitz/JB-0000152.png,https://ganci.whatslink.group/foto-upload/toko1/jibbitz/JB-0000152.png
foto-upload/toko1/jibbitz/JB-0000153.png,https://ganci.whatslink.group/foto-upload/toko1/jibbitz/JB-0000153.png
foto-upload/toko1/jibbitz/JB-0000154.png,https://ganci.whatslink.group/foto-upload/toko1/jibbitz/JB-0000154.png
foto-upload/toko1/jibbitz/JB-0000155.png,https://ganci.whatslink.group/foto-upload/toko1/jibbitz/JB-0000155.png
foto-upload/toko1/jibbitz/JB-0000156.png,https://ganci.whatslink.group/foto-upload/toko1/jibbitz/JB-0000156.png
foto-upload/toko1/jibbitz/JB-0000157.png,https://ganci.whatslink.group/foto-upload/toko1/jibbitz/JB-0000157.png
foto-upload/toko1/jibbitz/JB-0000158.png,https://ganci.whatslink.group/foto-upload/toko1/jibbitz/JB-0000158.png
foto-upload/toko1/jibbitz/JB-0000159.png,https://ganci.whatslink.group/foto-upload/toko1/jibbitz/JB-0000159.png
foto-upload/toko1/jibbitz/JB-0000160.png,https://ganci.whatslink.group/foto-upload/toko1/jibbitz/JB-0000160.png
foto-upload/toko1/jibbitz/JB-0000161.png,https://ganci.whatslink.group/foto-upload/toko1/jibbitz/JB-0000161.png
foto-upload/toko1/jibbitz/JB-0000162.png,https://ganci.whatslink.group/foto-upload/toko1/jibbitz/JB-0000162.png
foto-upload/toko1/jibbitz/JB-0000163.png,https://ganci.whatslink.group/foto-upload/toko1/jibbitz/JB-0000163.png
foto-upload/toko1/jibbitz/JB-0000164.png,https://ganci.whatslink.group/foto-upload/toko1/jibbitz/JB-0000164.png
foto-upload/toko1/jibbitz/JB-0000165.png,https://ganci.whatslink.group/foto-upload/toko1/jibbitz/JB-0000165.png
foto-upload/toko1/jibbitz/JB-0000166.png,https://ganci.whatslink.group/foto-upload/toko1/jibbitz/JB-0000166.png
foto-upload/toko1/jibbitz/JB-0000167.png,https://ganci.whatslink.group/foto-upload/toko1/jibbitz/JB-0000167.png
foto-upload/toko1/jibbitz/JB-0000168.png,https://ganci.whatslink.group/foto-upload/toko1/jibbitz/JB-0000168.png
foto-upload/toko1/jibbitz/JB-0000169.png,https://ganci.whatslink.group/foto-upload/toko1/jibbitz/JB-0000169.png
foto-upload/toko1/jibbitz/JB-0000170.png,https://ganci.whatslink.group/foto-upload/toko1/jibbitz/JB-0000170.png
foto-upload/toko1/jibbitz/JB-0000171.png,https://ganci.whatslink.group/foto-upload/toko1/jibbitz/JB-0000171.png
foto-upload/toko1/jibbitz/JB-0000172.png,https://ganci.whatslink.group/foto-upload/toko1/jibbitz/JB-0000172.png
foto-upload/toko1/jibbitz/JB-0000173.png,https://ganci.whatslink.group/foto-upload/toko1/jibbitz/JB-0000173.png
foto-upload/toko1/jibbitz/JB-0000174.png,https://ganci.whatslink.group/foto-upload/toko1/jibbitz/JB-0000174.png
foto-upload/toko1/jibbitz/JB-0000175.png,https://ganci.whatslink.group/foto-upload/toko1/jibbitz/JB-0000175.png
foto-upload/toko1/jibbitz/JB-0000176.png,https://ganci.whatslink.group/foto-upload/toko1/jibbitz/JB-0000176.png
foto-upload/toko1/jibbitz/JB-0000177.png,https://ganci.whatslink.group/foto-upload/toko1/jibbitz/JB-0000177.png
foto-upload/toko1/jibbitz/JB-0000178.png,https://ganci.whatslink.group/foto-upload/toko1/jibbitz/JB-0000178.png
foto-upload/toko1/jibbitz/JB-0000179.png,https://ganci.whatslink.group/foto-upload/toko1/jibbitz/JB-0000179.png
foto-upload/toko1/jibbitz/JB-0000180.png,https://ganci.whatslink.group/foto-upload/toko1/jibbitz/JB-0000180.png
foto-upload/toko1/jibbitz/JB-0000181.png,https://ganci.whatslink.group/foto-upload/toko1/jibbitz/JB-0000181.png
foto-upload/toko1/jibbitz/JB-0000182.png,https://ganci.whatslink.group/foto-upload/toko1/jibbitz/JB-0000182.png
foto-upload/toko1/jibbitz/JB-0000183.png,https://ganci.whatslink.group/foto-upload/toko1/jibbitz/JB-0000183.png
foto-upload/toko1/jibbitz/JB-0000184.png,https://ganci.whatslink.group/foto-upload/toko1/jibbitz/JB-0000184.png
foto-upload/toko1/jibbitz/JB-0000185.png,https://ganci.whatslink.group/foto-upload/toko1/jibbitz/JB-0000185.png
foto-upload/toko1/jibbitz/JB-0000186.png,https://ganci.whatslink.group/foto-upload/toko1/jibbitz/JB-0000186.png
foto-upload/toko1/jibbitz/JB-0000187.png,https://ganci.whatslink.group/foto-upload/toko1/jibbitz/JB-0000187.png
foto-upload/toko1/jibbitz/JB-0000188.png,https://ganci.whatslink.group/foto-upload/toko1/jibbitz/JB-0000188.png
foto-upload/toko1/jibbitz/JB-0000189.png,https://ganci.whatslink.group/foto-upload/toko1/jibbitz/JB-0000189.png
foto-upload/toko1/jibbitz/JB-0000190.png,https://ganci.whatslink.group/foto-upload/toko1/jibbitz/JB-0000190.png
foto-upload/toko1/jibbitz/JB-0000191.png,https://ganci.whatslink.group/foto-upload/toko1/jibbitz/JB-0000191.png
foto-upload/toko1/jibbitz/JB-0000192.png,https://ganci.whatslink.group/foto-upload/toko1/jibbitz/JB-0000192.png
foto-upload/toko1/jibbitz/JB-0000193.png,https://ganci.whatslink.group/foto-upload/toko1/jibbitz/JB-0000193.png
foto-upload/toko1/jibbitz/JB-0000194.png,https://ganci.whatslink.group/foto-upload/toko1/jibbitz/JB-0000194.png
foto-upload/toko1/jibbitz/JB-0000195.png,https://ganci.whatslink.group/foto-upload/toko1/jibbitz/JB-0000195.png
foto-upload/toko1/jibbitz/JB-0000196.png,https://ganci.whatslink.group/foto-upload/toko1/jibbitz/JB-0000196.png
foto-upload/toko1/jibbitz/JB-0000197.png,https://ganci.whatslink.group/foto-upload/toko1/jibbitz/JB-0000197.png
foto-upload/toko1/jibbitz/JB-0000198.png,https://ganci.whatslink.group/foto-upload/toko1/jibbitz/JB-0000198.png
foto-upload/toko1/jibbitz/JB-0000199.png,https://ganci.whatslink.group/foto-upload/toko1/jibbitz/JB-0000199.png
foto-upload/toko1/jibbitz/JB-0000200.png,https://ganci.whatslink.group/foto-upload/toko1/jibbitz/JB-0000200.png
foto-upload/toko1/jibbitz/JB-0000201.png,https://ganci.whatslink.group/foto-upload/toko1/jibbitz/JB-0000201.png
foto-upload/toko1/jibbitz/JB-0000202.png,https://ganci.whatslink.group/foto-upload/toko1/jibbitz/JB-0000202.png
foto-upload/toko1/jibbitz/JB-0000203.png,https://ganci.whatslink.group/foto-upload/toko1/jibbitz/JB-0000203.png
foto-upload/toko1/jibbitz/JB-0000204.png,https://ganci.whatslink.group/foto-upload/toko1/jibbitz/JB-0000204.png
foto-upload/toko1/jibbitz/JB-0000205.png,https://ganci.whatslink.group/foto-upload/toko1/jibbitz/JB-0000205.png
foto-upload/toko1/jibbitz/JB-0000206.png,https://ganci.whatslink.group/foto-upload/toko1/jibbitz/JB-0000206.png
foto-upload/toko1/jibbitz/JB-0000207.png,https://ganci.whatslink.group/foto-upload/toko1/jibbitz/JB-0000207.png
foto-upload/toko1/jibbitz/JB-0000208.png,https://ganci.whatslink.group/foto-upload/toko1/jibbitz/JB-0000208.png
foto-upload/toko1/jibbitz/JB-0000209.png,https://ganci.whatslink.group/foto-upload/toko1/jibbitz/JB-0000209.png
foto-upload/toko1/jibbitz/JB-0000210.png,https://ganci.whatslink.group/foto-upload/toko1/jibbitz/JB-0000210.png
foto-upload/toko1/jibbitz/JB-0000211.png,https://ganci.whatslink.group/foto-upload/toko1/jibbitz/JB-0000211.png
foto-upload/toko1/jibbitz/JB-0000212.png,https://ganci.whatslink.group/foto-upload/toko1/jibbitz/JB-0000212.png
foto-upload/toko1/jibbitz/JB-0000213.png,https://ganci.whatslink.group/foto-upload/toko1/jibbitz/JB-0000213.png
foto-upload/toko1/jibbitz/JB-0000214.png,https://ganci.whatslink.group/foto-upload/toko1/jibbitz/JB-0000214.png
foto-upload/toko1/jibbitz/JB-0000215.png,https://ganci.whatslink.group/foto-upload/toko1/jibbitz/JB-0000215.png
foto-upload/toko1/jibbitz/JB-0000216.png,https://ganci.whatslink.group/foto-upload/toko1/jibbitz/JB-0000216.png
foto-upload/toko1/jibbitz/JB-0000217.png,https://ganci.whatslink.group/foto-upload/toko1/jibbitz/JB-0000217.png
foto-upload/toko1/jibbitz/JB-0000218.png,https://ganci.whatslink.group/foto-upload/toko1/jibbitz/JB-0000218.png
foto-upload/toko1/jibbitz/JB-0000219.png,https://ganci.whatslink.group/foto-upload/toko1/jibbitz/JB-0000219.png
foto-upload/toko1/jibbitz/JB-0000220.png,https://ganci.whatslink.group/foto-upload/toko1/jibbitz/JB-0000220.png
foto-upload/toko1/jibbitz/JB-0000221.png,https://ganci.whatslink.group/foto-upload/toko1/jibbitz/JB-0000221.png
foto-upload/toko1/jibbitz/JB-0000222.png,https://ganci.whatslink.group/foto-upload/toko1/jibbitz/JB-0000222.png
foto-upload/toko1/jibbitz/JB-0000223.png,https://ganci.whatslink.group/foto-upload/toko1/jibbitz/JB-0000223.png
foto-upload/toko1/jibbitz/JB-0000224.png,https://ganci.whatslink.group/foto-upload/toko1/jibbitz/JB-0000224.png
foto-upload/toko1/jibbitz/JB-0000225.png,https://ganci.whatslink.group/foto-upload/toko1/jibbitz/JB-0000225.png
foto-upload/toko1/jibbitz/JB-0000226.png,https://ganci.whatslink.group/foto-upload/toko1/jibbitz/JB-0000226.png
foto-upload/toko1/jibbitz/JB-0000227.png,https://ganci.whatslink.group/foto-upload/toko1/jibbitz/JB-0000227.png
foto-upload/toko1/jibbitz/JB-0000228.png,https://ganci.whatslink.group/foto-upload/toko1/jibbitz/JB-0000228.png
foto-upload/toko1/jibbitz/JB-0000229.png,https://ganci.whatslink.group/foto-upload/toko1/jibbitz/JB-0000229.png
foto-upload/toko1/jibbitz/JB-0000230.png,https://ganci.whatslink.group/foto-upload/toko1/jibbitz/JB-0000230.png
foto-upload/toko1/jibbitz/JB-0000231.png,https://ganci.whatslink.group/foto-upload/toko1/jibbitz/JB-0000231.png
foto-upload/toko1/jibbitz/JB-0000232.png,https://ganci.whatslink.group/foto-upload/toko1/jibbitz/JB-0000232.png
foto-upload/toko1/jibbitz/JB-0000233.png,https://ganci.whatslink.group/foto-upload/toko1/jibbitz/JB-0000233.png
foto-upload/toko1/jibbitz/JB-0000234.png,https://ganci.whatslink.group/foto-upload/toko1/jibbitz/JB-0000234.png
foto-upload/toko1/jibbitz/JB-0000235.png,https://ganci.whatslink.group/foto-upload/toko1/jibbitz/JB-0000235.png
foto-upload/toko1/jibbitz/JB-0000236.png,https://ganci.whatslink.group/foto-upload/toko1/jibbitz/JB-0000236.png
foto-upload/toko1/jibbitz/JB-0000237.png,https://ganci.whatslink.group/foto-upload/toko1/jibbitz/JB-0000237.png
foto-upload/toko1/jibbitz/JB-0000238.png,https://ganci.whatslink.group/foto-upload/toko1/jibbitz/JB-0000238.png
foto-upload/toko1/jibbitz/JB-0000239.png,https://ganci.whatslink.group/foto-upload/toko1/jibbitz/JB-0000239.png
foto-upload/toko1/jibbitz/JB-0000240.png,https://ganci.whatslink.group/foto-upload/toko1/jibbitz/JB-0000240.png
foto-upload/toko1/jibbitz/JB-0000241.png,https://ganci.whatslink.group/foto-upload/toko1/jibbitz/JB-0000241.png
foto-upload/toko1/jibbitz/JB-0000242.png,https://ganci.whatslink.group/foto-upload/toko1/jibbitz/JB-0000242.png
foto-upload/toko1/jibbitz/JB-0000243.png,https://ganci.whatslink.group/foto-upload/toko1/jibbitz/JB-0000243.png
foto-upload/toko1/jibbitz/JB-0000244.png,https://ganci.whatslink.group/foto-upload/toko1/jibbitz/JB-0000244.png
foto-upload/toko1/jibbitz/JB-0000245.png,https://ganci.whatslink.group/foto-upload/toko1/jibbitz/JB-0000245.png
foto-upload/toko1/jibbitz/JB-0000246.png,https://ganci.whatslink.group/foto-upload/toko1/jibbitz/JB-0000246.png
foto-upload/toko1/jibbitz/JB-0000247.png,https://ganci.whatslink.group/foto-upload/toko1/jibbitz/JB-0000247.png
foto-upload/toko1/jibbitz/JB-0000248.png,https://ganci.whatslink.group/foto-upload/toko1/jibbitz/JB-0000248.png
foto-upload/toko1/jibbitz/JB-0000249.png,https://ganci.whatslink.group/foto-upload/toko1/jibbitz/JB-0000249.png
foto-upload/toko1/jibbitz/JB-0000250.png,https://ganci.whatslink.group/foto-upload/toko1/jibbitz/JB-0000250.png
foto-upload/toko1/jibbitz/JB-0000251.png,https://ganci.whatslink.group/foto-upload/toko1/jibbitz/JB-0000251.png
foto-upload/toko1/jibbitz/JB-0000252.png,https://ganci.whatslink.group/foto-upload/toko1/jibbitz/JB-0000252.png
foto-upload/toko1/jibbitz/JB-0000253.png,https://ganci.whatslink.group/foto-upload/toko1/jibbitz/JB-0000253.png
foto-upload/toko1/jibbitz/JB-0000254.png,https://ganci.whatslink.group/foto-upload/toko1/jibbitz/JB-0000254.png
foto-upload/toko1/jibbitz/JB-0000255.png,https://ganci.whatslink.group/foto-upload/toko1/jibbitz/JB-0000255.png
foto-upload/toko1/jibbitz/JB-0000256.png,https://ganci.whatslink.group/foto-upload/toko1/jibbitz/JB-0000256.png
foto-upload/toko1/jibbitz/JB-0000257.png,https://ganci.whatslink.group/foto-upload/toko1/jibbitz/JB-0000257.png
foto-upload/toko1/jibbitz/JB-0000258.png,https://ganci.whatslink.group/foto-upload/toko1/jibbitz/JB-0000258.png
foto-upload/toko1/jibbitz/JB-0000259.png,https://ganci.whatslink.group/foto-upload/toko1/jibbitz/JB-0000259.png
foto-upload/toko1/jibbitz/JB-0000260.png,https://ganci.whatslink.group/foto-upload/toko1/jibbitz/JB-0000260.png
foto-upload/toko1/jibbitz/JB-0000261.png,https://ganci.whatslink.group/foto-upload/toko1/jibbitz/JB-0000261.png
foto-upload/toko1/jibbitz/JB-0000262.png,https://ganci.whatslink.group/foto-upload/toko1/jibbitz/JB-0000262.png
foto-upload/toko1/jibbitz/JB-0000263.png,https://ganci.whatslink.group/foto-upload/toko1/jibbitz/JB-0000263.png
foto-upload/toko1/jibbitz/JB-0000264.png,https://ganci.whatslink.group/foto-upload/toko1/jibbitz/JB-0000264.png
foto-upload/toko1/jibbitz/JB-0000265.png,https://ganci.whatslink.group/foto-upload/toko1/jibbitz/JB-0000265.png
foto-upload/toko1/jibbitz/JB-0000266.png,https://ganci.whatslink.group/foto-upload/toko1/jibbitz/JB-0000266.png
foto-upload/toko1/jibbitz/JB-0000267.png,https://ganci.whatslink.group/foto-upload/toko1/jibbitz/JB-0000267.png
foto-upload/toko1/jibbitz/JB-0000268.png,https://ganci.whatslink.group/foto-upload/toko1/jibbitz/JB-0000268.png
foto-upload/toko1/jibbitz/JB-0000269.png,https://ganci.whatslink.group/foto-upload/toko1/jibbitz/JB-0000269.png
foto-upload/toko1/jibbitz/JB-0000270.png,https://ganci.whatslink.group/foto-upload/toko1/jibbitz/JB-0000270.png
foto-upload/toko1/jibbitz/JB-0000271.png,https://ganci.whatslink.group/foto-upload/toko1/jibbitz/JB-0000271.png
foto-upload/toko1/jibbitz/JB-0000272.png,https://ganci.whatslink.group/foto-upload/toko1/jibbitz/JB-0000272.png
foto-upload/toko1/jibbitz/JB-0000273.png,https://ganci.whatslink.group/foto-upload/toko1/jibbitz/JB-0000273.png
foto-upload/toko1/jibbitz/JB-0000274.png,https://ganci.whatslink.group/foto-upload/toko1/jibbitz/JB-0000274.png
foto-upload/toko1/jibbitz/JB-0000275.png,https://ganci.whatslink.group/foto-upload/toko1/jibbitz/JB-0000275.png
foto-upload/toko1/jibbitz/JB-0000276.png,https://ganci.whatslink.group/foto-upload/toko1/jibbitz/JB-0000276.png
foto-upload/toko1/jibbitz/JB-0000277.png,https://ganci.whatslink.group/foto-upload/toko1/jibbitz/JB-0000277.png
foto-upload/toko1/jibbitz/JB-0000278.png,https://ganci.whatslink.group/foto-upload/toko1/jibbitz/JB-0000278.png
foto-upload/toko1/jibbitz/JB-0000279.png,https://ganci.whatslink.group/foto-upload/toko1/jibbitz/JB-0000279.png
foto-upload/toko1/jibbitz/JB-0000280.png,https://ganci.whatslink.group/foto-upload/toko1/jibbitz/JB-0000280.png
foto-upload/toko1/jibbitz/JB-0000281.png,https://ganci.whatslink.group/foto-upload/toko1/jibbitz/JB-0000281.png
foto-upload/toko1/jibbitz/JB-0000282.png,https://ganci.whatslink.group/foto-upload/toko1/jibbitz/JB-0000282.png
foto-upload/toko1/jibbitz/JB-0000283.png,https://ganci.whatslink.group/foto-upload/toko1/jibbitz/JB-0000283.png
foto-upload/toko1/jibbitz/JB-0000284.png,https://ganci.whatslink.group/foto-upload/toko1/jibbitz/JB-0000284.png
foto-upload/toko1/jibbitz/JB-0000285.png,https://ganci.whatslink.group/foto-upload/toko1/jibbitz/JB-0000285.png
foto-upload/toko1/jibbitz/JB-0000286.png,https://ganci.whatslink.group/foto-upload/toko1/jibbitz/JB-0000286.png
foto-upload/toko1/jibbitz/JB-0000287.png,https://ganci.whatslink.group/foto-upload/toko1/jibbitz/JB-0000287.png
foto-upload/toko1/jibbitz/JB-0000288.png,https://ganci.whatslink.group/foto-upload/toko1/jibbitz/JB-0000288.png
foto-upload/toko1/jibbitz/JB-0000289.png,https://ganci.whatslink.group/foto-upload/toko1/jibbitz/JB-0000289.png
foto-upload/toko1/jibbitz/JB-0000290.png,https://ganci.whatslink.group/foto-upload/toko1/jibbitz/JB-0000290.png
foto-upload/toko1/jibbitz/JB-0000291.png,https://ganci.whatslink.group/foto-upload/toko1/jibbitz/JB-0000291.png
foto-upload/toko1/jibbitz/JB-0000292.png,https://ganci.whatslink.group/foto-upload/toko1/jibbitz/JB-0000292.png
foto-upload/toko1/jibbitz/JB-0000293.png,https://ganci.whatslink.group/foto-upload/toko1/jibbitz/JB-0000293.png
foto-upload/toko1/jibbitz/JB-0000294.png,https://ganci.whatslink.group/foto-upload/toko1/jibbitz/JB-0000294.png
foto-upload/toko1/jibbitz/JB-0000295.png,https://ganci.whatslink.group/foto-upload/toko1/jibbitz/JB-0000295.png
foto-upload/toko1/jibbitz/JB-0000296.png,https://ganci.whatslink.group/foto-upload/toko1/jibbitz/JB-0000296.png
foto-upload/toko1/jibbitz/JB-0000297.png,https://ganci.whatslink.group/foto-upload/toko1/jibbitz/JB-0000297.png
foto-upload/toko1/jibbitz/JB-0000298.png,https://ganci.whatslink.group/foto-upload/toko1/jibbitz/JB-0000298.png
foto-upload/toko1/jibbitz/JB-0000299.png,https://ganci.whatslink.group/foto-upload/toko1/jibbitz/JB-0000299.png
foto-upload/toko1/jibbitz/JB-0000300.png,https://ganci.whatslink.group/foto-upload/toko1/jibbitz/JB-0000300.png
foto-upload/toko1/jibbitz/JB-0000301.png,https://ganci.whatslink.group/foto-upload/toko1/jibbitz/JB-0000301.png
foto-upload/toko1/jibbitz/JB-0000302.png,https://ganci.whatslink.group/foto-upload/toko1/jibbitz/JB-0000302.png
foto-upload/toko1/jibbitz/JB-0000303.png,https://ganci.whatslink.group/foto-upload/toko1/jibbitz/JB-0000303.png
foto-upload/toko1/jibbitz/JB-0000304.png,https://ganci.whatslink.group/foto-upload/toko1/jibbitz/JB-0000304.png
foto-upload/toko1/jibbitz/JB-0000305.png,https://ganci.whatslink.group/foto-upload/toko1/jibbitz/JB-0000305.png
foto-upload/toko1/jibbitz/JB-0000306.png,https://ganci.whatslink.group/foto-upload/toko1/jibbitz/JB-0000306.png
foto-upload/toko1/jibbitz/JB-0000307.png,https://ganci.whatslink.group/foto-upload/toko1/jibbitz/JB-0000307.png
foto-upload/toko1/jibbitz/JB-0000308.png,https://ganci.whatslink.group/foto-upload/toko1/jibbitz/JB-0000308.png
foto-upload/toko1/jibbitz/JB-0000309.png,https://ganci.whatslink.group/foto-upload/toko1/jibbitz/JB-0000309.png
foto-upload/toko1/jibbitz/JB-0000310.png,https://ganci.whatslink.group/foto-upload/toko1/jibbitz/JB-0000310.png
foto-upload/toko1/jibbitz/JB-0000311.png,https://ganci.whatslink.group/foto-upload/toko1/jibbitz/JB-0000311.png
foto-upload/toko1/jibbitz/JB-0000312.png,https://ganci.whatslink.group/foto-upload/toko1/jibbitz/JB-0000312.png
foto-upload/toko1/jibbitz/JB-0000313.png,https://ganci.whatslink.group/foto-upload/toko1/jibbitz/JB-0000313.png
foto-upload/toko1/jibbitz/JB-0000314.png,https://ganci.whatslink.group/foto-upload/toko1/jibbitz/JB-0000314.png
foto-upload/toko1/jibbitz/JB-0000315.png,https://ganci.whatslink.group/foto-upload/toko1/jibbitz/JB-0000315.png
foto-upload/toko1/jibbitz/JB-0000316.png,https://ganci.whatslink.group/foto-upload/toko1/jibbitz/JB-0000316.png
foto-upload/toko1/jibbitz/JB-0000317.png,https://ganci.whatslink.group/foto-upload/toko1/jibbitz/JB-0000317.png
foto-upload/toko1/jibbitz/JB-0000318.png,https://ganci.whatslink.group/foto-upload/toko1/jibbitz/JB-0000318.png
foto-upload/toko1/jibbitz/JB-0000319.png,https://ganci.whatslink.group/foto-upload/toko1/jibbitz/JB-0000319.png
foto-upload/toko1/jibbitz/JB-0000320.png,https://ganci.whatslink.group/foto-upload/toko1/jibbitz/JB-0000320.png
foto-upload/toko1/jibbitz/JB-0000321.png,https://ganci.whatslink.group/foto-upload/toko1/jibbitz/JB-0000321.png
foto-upload/toko1/jibbitz/JB-0000322.png,https://ganci.whatslink.group/foto-upload/toko1/jibbitz/JB-0000322.png
foto-upload/toko1/jibbitz/JB-0000323.png,https://ganci.whatslink.group/foto-upload/toko1/jibbitz/JB-0000323.png
foto-upload/toko1/jibbitz/JB-0000324.png,https://ganci.whatslink.group/foto-upload/toko1/jibbitz/JB-0000324.png
foto-upload/toko1/jibbitz/JB-0000325.png,https://ganci.whatslink.group/foto-upload/toko1/jibbitz/JB-0000325.png
foto-upload/toko1/jibbitz/JB-0000326.png,https://ganci.whatslink.group/foto-upload/toko1/jibbitz/JB-0000326.png
foto-upload/toko1/jibbitz/JB-0000327.png,https://ganci.whatslink.group/foto-upload/toko1/jibbitz/JB-0000327.png
foto-upload/toko1/jibbitz/JB-0000328.png,https://ganci.whatslink.group/foto-upload/toko1/jibbitz/JB-0000328.png
foto-upload/toko1/jibbitz/JB-0000329.png,https://ganci.whatslink.group/foto-upload/toko1/jibbitz/JB-0000329.png
foto-upload/toko1/jibbitz/JB-0000330.png,https://ganci.whatslink.group/foto-upload/toko1/jibbitz/JB-0000330.png
foto-upload/toko1/jibbitz/JB-0000331.png,https://ganci.whatslink.group/foto-upload/toko1/jibbitz/JB-0000331.png
foto-upload/toko1/jibbitz/JB-0000332.png,https://ganci.whatslink.group/foto-upload/toko1/jibbitz/JB-0000332.png
foto-upload/toko1/jibbitz/JB-0000333.png,https://ganci.whatslink.group/foto-upload/toko1/jibbitz/JB-0000333.png
foto-upload/toko1/jibbitz/JB-0000334.png,https://ganci.whatslink.group/foto-upload/toko1/jibbitz/JB-0000334.png
foto-upload/toko1/jibbitz/JB-0000335.png,https://ganci.whatslink.group/foto-upload/toko1/jibbitz/JB-0000335.png
foto-upload/toko1/jibbitz/JB-0000336.png,https://ganci.whatslink.group/foto-upload/toko1/jibbitz/JB-0000336.png
foto-upload/toko1/jibbitz/JB-0000337.png,https://ganci.whatslink.group/foto-upload/toko1/jibbitz/JB-0000337.png
foto-upload/toko1/jibbitz/JB-0000338.png,https://ganci.whatslink.group/foto-upload/toko1/jibbitz/JB-0000338.png
foto-upload/toko1/jibbitz/JB-0000339.png,https://ganci.whatslink.group/foto-upload/toko1/jibbitz/JB-0000339.png
foto-upload/toko1/jibbitz/JB-0000340.png,https://ganci.whatslink.group/foto-upload/toko1/jibbitz/JB-0000340.png
foto-upload/toko1/jibbitz/JB-0000341.png,https://ganci.whatslink.group/foto-upload/toko1/jibbitz/JB-0000341.png
foto-upload/toko1/jibbitz/JB-0000342.png,https://ganci.whatslink.group/foto-upload/toko1/jibbitz/JB-0000342.png
foto-upload/toko1/jibbitz/JB-0000343.png,https://ganci.whatslink.group/foto-upload/toko1/jibbitz/JB-0000343.png
foto-upload/toko1/jibbitz/JB-0000344.png,https://ganci.whatslink.group/foto-upload/toko1/jibbitz/JB-0000344.png
foto-upload/toko1/jibbitz/JB-0000345.png,https://ganci.whatslink.group/foto-upload/toko1/jibbitz/JB-0000345.png
foto-upload/toko1/jibbitz/JB-0000346.png,https://ganci.whatslink.group/foto-upload/toko1/jibbitz/JB-0000346.png
foto-upload/toko1/jibbitz/JB-0000347.png,https://ganci.whatslink.group/foto-upload/toko1/jibbitz/JB-0000347.png
foto-upload/toko1/jibbitz/JB-0000348.png,https://ganci.whatslink.group/foto-upload/toko1/jibbitz/JB-0000348.png
foto-upload/toko1/jibbitz/JB-0000349.png,https://ganci.whatslink.group/foto-upload/toko1/jibbitz/JB-0000349.png
foto-upload/toko1/jibbitz/JB-0000350.png,https://ganci.whatslink.group/foto-upload/toko1/jibbitz/JB-0000350.png
foto-upload/toko1/jibbitz/JB-0000351.png,https://ganci.whatslink.group/foto-upload/toko1/jibbitz/JB-0000351.png
foto-upload/toko1/jibbitz/JB-0000352.png,https://ganci.whatslink.group/foto-upload/toko1/jibbitz/JB-0000352.png
foto-upload/toko1/jibbitz/JB-0000353.png,https://ganci.whatslink.group/foto-upload/toko1/jibbitz/JB-0000353.png
foto-upload/toko1/jibbitz/JB-0000354.png,https://ganci.whatslink.group/foto-upload/toko1/jibbitz/JB-0000354.png
foto-upload/toko1/jibbitz/JB-0000355.png,https://ganci.whatslink.group/foto-upload/toko1/jibbitz/JB-0000355.png
foto-upload/toko1/jibbitz/JB-0000356.png,https://ganci.whatslink.group/foto-upload/toko1/jibbitz/JB-0000356.png
foto-upload/toko1/jibbitz/JB-0000357.png,https://ganci.whatslink.group/foto-upload/toko1/jibbitz/JB-0000357.png
foto-upload/toko1/jibbitz/JB-0000358.png,https://ganci.whatslink.group/foto-upload/toko1/jibbitz/JB-0000358.png
foto-upload/toko1/jibbitz/JB-0000359.png,https://ganci.whatslink.group/foto-upload/toko1/jibbitz/JB-0000359.png
foto-upload/toko1/jibbitz/JB-0000360.png,https://ganci.whatslink.group/foto-upload/toko1/jibbitz/JB-0000360.png
foto-upload/toko1/jibbitz/JB-0000361.png,https://ganci.whatslink.group/foto-upload/toko1/jibbitz/JB-0000361.png
foto-upload/toko1/jibbitz/JB-0000362.png,https://ganci.whatslink.group/foto-upload/toko1/jibbitz/JB-0000362.png
foto-upload/toko1/jibbitz/JB-0000363.png,https://ganci.whatslink.group/foto-upload/toko1/jibbitz/JB-0000363.png
foto-upload/toko1/jibbitz/JB-0000364.png,https://ganci.whatslink.group/foto-upload/toko1/jibbitz/JB-0000364.png
foto-upload/toko1/jibbitz/JB-0000365.png,https://ganci.whatslink.group/foto-upload/toko1/jibbitz/JB-0000365.png
foto-upload/toko1/jibbitz/JB-0000366.png,https://ganci.whatslink.group/foto-upload/toko1/jibbitz/JB-0000366.png
foto-upload/toko1/jibbitz/JB-0000367.png,https://ganci.whatslink.group/foto-upload/toko1/jibbitz/JB-0000367.png
foto-upload/toko1/jibbitz/JB-0000368.png,https://ganci.whatslink.group/foto-upload/toko1/jibbitz/JB-0000368.png
foto-upload/toko1/jibbitz/JB-0000369.png,https://ganci.whatslink.group/foto-upload/toko1/jibbitz/JB-0000369.png
foto-upload/toko1/jibbitz/JB-0000370.png,https://ganci.whatslink.group/foto-upload/toko1/jibbitz/JB-0000370.png
foto-upload/toko1/jibbitz/JB-0000371.png,https://ganci.whatslink.group/foto-upload/toko1/jibbitz/JB-0000371.png
foto-upload/toko1/jibbitz/JB-0000372.png,https://ganci.whatslink.group/foto-upload/toko1/jibbitz/JB-0000372.png
foto-upload/toko1/jibbitz/JB-0000373.png,https://ganci.whatslink.group/foto-upload/toko1/jibbitz/JB-0000373.png
foto-upload/toko1/jibbitz/JB-0000374.png,https://ganci.whatslink.group/foto-upload/toko1/jibbitz/JB-0000374.png
foto-upload/toko1/jibbitz/JB-0000375.png,https://ganci.whatslink.group/foto-upload/toko1/jibbitz/JB-0000375.png
foto-upload/toko1/jibbitz/JB-0000376.png,https://ganci.whatslink.group/foto-upload/toko1/jibbitz/JB-0000376.png
foto-upload/toko1/jibbitz/JB-0000377.png,https://ganci.whatslink.group/foto-upload/toko1/jibbitz/JB-0000377.png
foto-upload/toko1/jibbitz/JB-0000378.png,https://ganci.whatslink.group/foto-upload/toko1/jibbitz/JB-0000378.png
foto-upload/toko1/jibbitz/JB-0000379.png,https://ganci.whatslink.group/foto-upload/toko1/jibbitz/JB-0000379.png
foto-upload/toko1/jibbitz/JB-0000380.png,https://ganci.whatslink.group/foto-upload/toko1/jibbitz/JB-0000380.png
foto-upload/toko1/jibbitz/JB-0000381.png,https://ganci.whatslink.group/foto-upload/toko1/jibbitz/JB-0000381.png
foto-upload/toko1/jibbitz/JB-0000382.png,https://ganci.whatslink.group/foto-upload/toko1/jibbitz/JB-0000382.png
foto-upload/toko1/jibbitz/JB-0000383.png,https://ganci.whatslink.group/foto-upload/toko1/jibbitz/JB-0000383.png
foto-upload/toko1/jibbitz/JB-0000384.png,https://ganci.whatslink.group/foto-upload/toko1/jibbitz/JB-0000384.png
foto-upload/toko1/jibbitz/JB-0000385.png,https://ganci.whatslink.group/foto-upload/toko1/jibbitz/JB-0000385.png
foto-upload/toko1/jibbitz/JB-0000386.png,https://ganci.whatslink.group/foto-upload/toko1/jibbitz/JB-0000386.png
foto-upload/toko1/jibbitz/JB-0000387.png,https://ganci.whatslink.group/foto-upload/toko1/jibbitz/JB-0000387.png
foto-upload/toko1/jibbitz/JB-0000388.png,https://ganci.whatslink.group/foto-upload/toko1/jibbitz/JB-0000388.png
foto-upload/toko1/jibbitz/JB-0000389.png,https://ganci.whatslink.group/foto-upload/toko1/jibbitz/JB-0000389.png
foto-upload/toko1/jibbitz/JB-0000390.png,https://ganci.whatslink.group/foto-upload/toko1/jibbitz/JB-0000390.png
foto-upload/toko1/jibbitz/JB-0000391.png,https://ganci.whatslink.group/foto-upload/toko1/jibbitz/JB-0000391.png
foto-upload/toko1/jibbitz/JB-0000392.png,https://ganci.whatslink.group/foto-upload/toko1/jibbitz/JB-0000392.png
foto-upload/toko1/jibbitz/JB-0000393.png,https://ganci.whatslink.group/foto-upload/toko1/jibbitz/JB-0000393.png
foto-upload/toko1/jibbitz/JB-0000394.png,https://ganci.whatslink.group/foto-upload/toko1/jibbitz/JB-0000394.png
foto-upload/toko1/jibbitz/JB-0000395.png,https://ganci.whatslink.group/foto-upload/toko1/jibbitz/JB-0000395.png
foto-upload/toko1/jibbitz/JB-0000396.png,https://ganci.whatslink.group/foto-upload/toko1/jibbitz/JB-0000396.png
foto-upload/toko1/jibbitz/JB-0000397.png,https://ganci.whatslink.group/foto-upload/toko1/jibbitz/JB-0000397.png
foto-upload/toko1/jibbitz/JB-0000398.png,https://ganci.whatslink.group/foto-upload/toko1/jibbitz/JB-0000398.png
foto-upload/toko1/jibbitz/JB-0000399.png,https://ganci.whatslink.group/foto-upload/toko1/jibbitz/JB-0000399.png
foto-upload/toko1/jibbitz/JB-0000400.png,https://ganci.whatslink.group/foto-upload/toko1/jibbitz/JB-0000400.png
foto-upload/toko1/jibbitz/JB-0000451.png,https://ganci.whatslink.group/foto-upload/toko1/jibbitz/JB-0000451.png
foto-upload/toko1/jibbitz/JB-0000452.png,https://ganci.whatslink.group/foto-upload/toko1/jibbitz/JB-0000452.png
foto-upload/toko1/jibbitz/JB-0000453.png,https://ganci.whatslink.group/foto-upload/toko1/jibbitz/JB-0000453.png
foto-upload/toko1/jibbitz/JB-0000454.png,https://ganci.whatslink.group/foto-upload/toko1/jibbitz/JB-0000454.png
foto-upload/toko1/jibbitz/JB-0000455.png,https://ganci.whatslink.group/foto-upload/toko1/jibbitz/JB-0000455.png
foto-upload/toko1/jibbitz/JB-0000456.png,https://ganci.whatslink.group/foto-upload/toko1/jibbitz/JB-0000456.png
foto-upload/toko1/jibbitz/JB-0000457.png,https://ganci.whatslink.group/foto-upload/toko1/jibbitz/JB-0000457.png
foto-upload/toko1/jibbitz/JB-0000458.png,https://ganci.whatslink.group/foto-upload/toko1/jibbitz/JB-0000458.png
foto-upload/toko1/jibbitz/JB-0000459.png,https://ganci.whatslink.group/foto-upload/toko1/jibbitz/JB-0000459.png
foto-upload/toko1/jibbitz/JB-0000460.png,https://ganci.whatslink.group/foto-upload/toko1/jibbitz/JB-0000460.png
foto-upload/toko1/jibbitz/JB-0000461.png,https://ganci.whatslink.group/foto-upload/toko1/jibbitz/JB-0000461.png
foto-upload/toko1/jibbitz/JB-0000462.png,https://ganci.whatslink.group/foto-upload/toko1/jibbitz/JB-0000462.png
foto-upload/toko1/jibbitz/JB-0000463.png,https://ganci.whatslink.group/foto-upload/toko1/jibbitz/JB-0000463.png
foto-upload/toko1/jibbitz/JB-0000464.png,https://ganci.whatslink.group/foto-upload/toko1/jibbitz/JB-0000464.png
foto-upload/toko1/jibbitz/JB-0000465.png,https://ganci.whatslink.group/foto-upload/toko1/jibbitz/JB-0000465.png
foto-upload/toko1/jibbitz/JB-0000466.png,https://ganci.whatslink.group/foto-upload/toko1/jibbitz/JB-0000466.png
foto-upload/toko1/jibbitz/JB-0000467.png,https://ganci.whatslink.group/foto-upload/toko1/jibbitz/JB-0000467.png
foto-upload/toko1/jibbitz/JB-0000468.png,https://ganci.whatslink.group/foto-upload/toko1/jibbitz/JB-0000468.png
foto-upload/toko1/jibbitz/JB-0000469.png,https://ganci.whatslink.group/foto-upload/toko1/jibbitz/JB-0000469.png
foto-upload/toko1/jibbitz/JB-0000470.png,https://ganci.whatslink.group/foto-upload/toko1/jibbitz/JB-0000470.png
foto-upload/toko1/jibbitz/JB-0000471.png,https://ganci.whatslink.group/foto-upload/toko1/jibbitz/JB-0000471.png
foto-upload/toko1/jibbitz/JB-0000472.png,https://ganci.whatslink.group/foto-upload/toko1/jibbitz/JB-0000472.png
foto-upload/toko1/jibbitz/JB-0000473.png,https://ganci.whatslink.group/foto-upload/toko1/jibbitz/JB-0000473.png
foto-upload/toko1/jibbitz/JB-0000474.png,https://ganci.whatslink.group/foto-upload/toko1/jibbitz/JB-0000474.png
foto-upload/toko1/jibbitz/JB-0000475.png,https://ganci.whatslink.group/foto-upload/toko1/jibbitz/JB-0000475.png
foto-upload/toko1/jibbitz/JB-0000476.png,https://ganci.whatslink.group/foto-upload/toko1/jibbitz/JB-0000476.png
foto-upload/toko1/jibbitz/JB-0000477.png,https://ganci.whatslink.group/foto-upload/toko1/jibbitz/JB-0000477.png
foto-upload/toko1/jibbitz/JB-0000478.png,https://ganci.whatslink.group/foto-upload/toko1/jibbitz/JB-0000478.png
foto-upload/toko1/jibbitz/JB-0000479.png,https://ganci.whatslink.group/foto-upload/toko1/jibbitz/JB-0000479.png
foto-upload/toko1/jibbitz/JB-0000480.png,https://ganci.whatslink.group/foto-upload/toko1/jibbitz/JB-0000480.png
foto-upload/toko1/jibbitz/JB-0000481.png,https://ganci.whatslink.group/foto-upload/toko1/jibbitz/JB-0000481.png
foto-upload/toko1/jibbitz/JB-0000482.png,https://ganci.whatslink.group/foto-upload/toko1/jibbitz/JB-0000482.png
foto-upload/toko1/jibbitz/JB-0000483.png,https://ganci.whatslink.group/foto-upload/toko1/jibbitz/JB-0000483.png
foto-upload/toko1/jibbitz/JB-0000484.png,https://ganci.whatslink.group/foto-upload/toko1/jibbitz/JB-0000484.png
foto-upload/toko1/jibbitz/JB-0000485.png,https://ganci.whatslink.group/foto-upload/toko1/jibbitz/JB-0000485.png
foto-upload/toko1/jibbitz/JB-0000486.png,https://ganci.whatslink.group/foto-upload/toko1/jibbitz/JB-0000486.png
foto-upload/toko1/jibbitz/JB-0000487.png,https://ganci.whatslink.group/foto-upload/toko1/jibbitz/JB-0000487.png
foto-upload/toko1/jibbitz/JB-0000488.png,https://ganci.whatslink.group/foto-upload/toko1/jibbitz/JB-0000488.png
foto-upload/toko1/jibbitz/JB-0000489.png,https://ganci.whatslink.group/foto-upload/toko1/jibbitz/JB-0000489.png
foto-upload/toko1/jibbitz/JB-0000490.png,https://ganci.whatslink.group/foto-upload/toko1/jibbitz/JB-0000490.png
foto-upload/toko1/jibbitz/JB-0000491.png,https://ganci.whatslink.group/foto-upload/toko1/jibbitz/JB-0000491.png
foto-upload/toko1/jibbitz/JB-0000492.png,https://ganci.whatslink.group/foto-upload/toko1/jibbitz/JB-0000492.png
foto-upload/toko1/jibbitz/JB-0000493.png,https://ganci.whatslink.group/foto-upload/toko1/jibbitz/JB-0000493.png
foto-upload/toko1/jibbitz/JB-0000494.png,https://ganci.whatslink.group/foto-upload/toko1/jibbitz/JB-0000494.png
foto-upload/toko1/jibbitz/JB-0000495.png,https://ganci.whatslink.group/foto-upload/toko1/jibbitz/JB-0000495.png
foto-upload/toko1/jibbitz/JB-0000496.png,https://ganci.whatslink.group/foto-upload/toko1/jibbitz/JB-0000496.png
foto-upload/toko1/jibbitz/JB-0000497.png,https://ganci.whatslink.group/foto-upload/toko1/jibbitz/JB-0000497.png
foto-upload/toko1/jibbitz/JB-0000498.png,https://ganci.whatslink.group/foto-upload/toko1/jibbitz/JB-0000498.png
foto-upload/toko1/jibbitz/JB-0000499.png,https://ganci.whatslink.group/foto-upload/toko1/jibbitz/JB-0000499.png
foto-upload/toko1/jibbitz/JB-0000500.png,https://ganci.whatslink.group/foto-upload/toko1/jibbitz/JB-0000500.png
foto-upload/toko1/jibbitz/JB-0000501.png,https://ganci.whatslink.group/foto-upload/toko1/jibbitz/JB-0000501.png
foto-upload/toko1/jibbitz/JB-0000502.png,https://ganci.whatslink.group/foto-upload/toko1/jibbitz/JB-0000502.png
foto-upload/toko1/jibbitz/JB-0000503.png,https://ganci.whatslink.group/foto-upload/toko1/jibbitz/JB-0000503.png
foto-upload/toko1/jibbitz/JB-0000504.png,https://ganci.whatslink.group/foto-upload/toko1/jibbitz/JB-0000504.png
foto-upload/toko1/jibbitz/JB-0000505.png,https://ganci.whatslink.group/foto-upload/toko1/jibbitz/JB-0000505.png
foto-upload/toko1/jibbitz/JB-0000506.png,https://ganci.whatslink.group/foto-upload/toko1/jibbitz/JB-0000506.png
foto-upload/toko1/jibbitz/JB-0000507.png,https://ganci.whatslink.group/foto-upload/toko1/jibbitz/JB-0000507.png
foto-upload/toko1/jibbitz/JB-0000508.png,https://ganci.whatslink.group/foto-upload/toko1/jibbitz/JB-0000508.png
foto-upload/toko1/jibbitz/JB-0000509.png,https://ganci.whatslink.group/foto-upload/toko1/jibbitz/JB-0000509.png
foto-upload/toko1/jibbitz/JB-0000510.png,https://ganci.whatslink.group/foto-upload/toko1/jibbitz/JB-0000510.png
foto-upload/toko1/jibbitz/JB-0000511.png,https://ganci.whatslink.group/foto-upload/toko1/jibbitz/JB-0000511.png
foto-upload/toko1/jibbitz/JB-0000512.png,https://ganci.whatslink.group/foto-upload/toko1/jibbitz/JB-0000512.png
foto-upload/toko1/jibbitz/JB-0000513.png,https://ganci.whatslink.group/foto-upload/toko1/jibbitz/JB-0000513.png
foto-upload/toko1/jibbitz/JB-0000514.png,https://ganci.whatslink.group/foto-upload/toko1/jibbitz/JB-0000514.png
foto-upload/toko1/jibbitz/JB-0000515.png,https://ganci.whatslink.group/foto-upload/toko1/jibbitz/JB-0000515.png
foto-upload/toko1/jibbitz/JB-0000516.png,https://ganci.whatslink.group/foto-upload/toko1/jibbitz/JB-0000516.png
foto-upload/toko1/jibbitz/JB-0000517.png,https://ganci.whatslink.group/foto-upload/toko1/jibbitz/JB-0000517.png
foto-upload/toko1/jibbitz/JB-0000518.png,https://ganci.whatslink.group/foto-upload/toko1/jibbitz/JB-0000518.png
foto-upload/toko1/jibbitz/JB-0000519.png,https://ganci.whatslink.group/foto-upload/toko1/jibbitz/JB-0000519.png
foto-upload/toko1/jibbitz/JB-0000520.png,https://ganci.whatslink.group/foto-upload/toko1/jibbitz/JB-0000520.png
foto-upload/toko1/jibbitz/JB-0000521.png,https://ganci.whatslink.group/foto-upload/toko1/jibbitz/JB-0000521.png
foto-upload/toko1/jibbitz/JB-0000522.png,https://ganci.whatslink.group/foto-upload/toko1/jibbitz/JB-0000522.png
foto-upload/toko1/jibbitz/JB-0000523.png,https://ganci.whatslink.group/foto-upload/toko1/jibbitz/JB-0000523.png
foto-upload/toko1/jibbitz/JB-0000524.png,https://ganci.whatslink.group/foto-upload/toko1/jibbitz/JB-0000524.png
foto-upload/toko1/jibbitz/JB-0000525.png,https://ganci.whatslink.group/foto-upload/toko1/jibbitz/JB-0000525.png
foto-upload/toko1/jibbitz/JB-0000526.png,https://ganci.whatslink.group/foto-upload/toko1/jibbitz/JB-0000526.png
foto-upload/toko1/jibbitz/JB-0000527.png,https://ganci.whatslink.group/foto-upload/toko1/jibbitz/JB-0000527.png
foto-upload/toko1/jibbitz/JB-0000528.png,https://ganci.whatslink.group/foto-upload/toko1/jibbitz/JB-0000528.png
foto-upload/toko1/jibbitz/JB-0000529.png,https://ganci.whatslink.group/foto-upload/toko1/jibbitz/JB-0000529.png
foto-upload/toko1/jibbitz/JB-0000530.png,https://ganci.whatslink.group/foto-upload/toko1/jibbitz/JB-0000530.png
foto-upload/toko1/jibbitz/JB-0000531.png,https://ganci.whatslink.group/foto-upload/toko1/jibbitz/JB-0000531.png
foto-upload/toko1/jibbitz/JB-0000532.png,https://ganci.whatslink.group/foto-upload/toko1/jibbitz/JB-0000532.png
foto-upload/toko1/jibbitz/JB-0000533.png,https://ganci.whatslink.group/foto-upload/toko1/jibbitz/JB-0000533.png
foto-upload/toko1/jibbitz/JB-0000534.png,https://ganci.whatslink.group/foto-upload/toko1/jibbitz/JB-0000534.png
foto-upload/toko1/jibbitz/JB-0000535.png,https://ganci.whatslink.group/foto-upload/toko1/jibbitz/JB-0000535.png
foto-upload/toko1/jibbitz/JB-0000536.png,https://ganci.whatslink.group/foto-upload/toko1/jibbitz/JB-0000536.png
foto-upload/toko1/jibbitz/JB-0000537.png,https://ganci.whatslink.group/foto-upload/toko1/jibbitz/JB-0000537.png
foto-upload/toko1/jibbitz/JB-0000538.png,https://ganci.whatslink.group/foto-upload/toko1/jibbitz/JB-0000538.png
foto-upload/toko1/jibbitz/JB-0000539.png,https://ganci.whatslink.group/foto-upload/toko1/jibbitz/JB-0000539.png
foto-upload/toko1/jibbitz/JB-0000540.png,https://ganci.whatslink.group/foto-upload/toko1/jibbitz/JB-0000540.png
foto-upload/toko1/jibbitz/JB-0000541.png,https://ganci.whatslink.group/foto-upload/toko1/jibbitz/JB-0000541.png
foto-upload/toko1/jibbitz/JB-0000542.png,https://ganci.whatslink.group/foto-upload/toko1/jibbitz/JB-0000542.png
foto-upload/toko1/jibbitz/JB-0000543.png,https://ganci.whatslink.group/foto-upload/toko1/jibbitz/JB-0000543.png
foto-upload/toko1/jibbitz/JB-0000544.png,https://ganci.whatslink.group/foto-upload/toko1/jibbitz/JB-0000544.png
foto-upload/toko1/jibbitz/JB-0000545.png,https://ganci.whatslink.group/foto-upload/toko1/jibbitz/JB-0000545.png
foto-upload/toko1/jibbitz/JB-0000546.png,https://ganci.whatslink.group/foto-upload/toko1/jibbitz/JB-0000546.png
foto-upload/toko1/jibbitz/JB-0000547.png,https://ganci.whatslink.group/foto-upload/toko1/jibbitz/JB-0000547.png
foto-upload/toko1/jibbitz/JB-0000548.png,https://ganci.whatslink.group/foto-upload/toko1/jibbitz/JB-0000548.png
foto-upload/toko1/jibbitz/JB-0000549.png,https://ganci.whatslink.group/foto-upload/toko1/jibbitz/JB-0000549.png
foto-upload/toko1/jibbitz/JB-0000550.png,https://ganci.whatslink.group/foto-upload/toko1/jibbitz/JB-0000550.png
foto-upload/toko1/jibbitz/JB-0000551.png,https://ganci.whatslink.group/foto-upload/toko1/jibbitz/JB-0000551.png
foto-upload/toko1/jibbitz/JB-0000552.png,https://ganci.whatslink.group/foto-upload/toko1/jibbitz/JB-0000552.png
foto-upload/toko1/jibbitz/JB-0000553.png,https://ganci.whatslink.group/foto-upload/toko1/jibbitz/JB-0000553.png
foto-upload/toko1/jibbitz/JB-0000554.png,https://ganci.whatslink.group/foto-upload/toko1/jibbitz/JB-0000554.png
foto-upload/toko1/jibbitz/JB-0000555.png,https://ganci.whatslink.group/foto-upload/toko1/jibbitz/JB-0000555.png
foto-upload/toko1/jibbitz/JB-0000556.png,https://ganci.whatslink.group/foto-upload/toko1/jibbitz/JB-0000556.png
foto-upload/toko1/jibbitz/JB-0000557.png,https://ganci.whatslink.group/foto-upload/toko1/jibbitz/JB-0000557.png
foto-upload/toko1/jibbitz/JB-0000558.png,https://ganci.whatslink.group/foto-upload/toko1/jibbitz/JB-0000558.png
foto-upload/toko1/jibbitz/JB-0000559.png,https://ganci.whatslink.group/foto-upload/toko1/jibbitz/JB-0000559.png
foto-upload/toko1/jibbitz/JB-0000560.png,https://ganci.whatslink.group/foto-upload/toko1/jibbitz/JB-0000560.png
foto-upload/toko1/jibbitz/JB-0000561.png,https://ganci.whatslink.group/foto-upload/toko1/jibbitz/JB-0000561.png
foto-upload/toko1/jibbitz/JB-0000562.png,https://ganci.whatslink.group/foto-upload/toko1/jibbitz/JB-0000562.png
foto-upload/toko1/jibbitz/JB-0000563.png,https://ganci.whatslink.group/foto-upload/toko1/jibbitz/JB-0000563.png
foto-upload/toko1/jibbitz/JB-0000564.png,https://ganci.whatslink.group/foto-upload/toko1/jibbitz/JB-0000564.png
foto-upload/toko1/jibbitz/JB-0000565.png,https://ganci.whatslink.group/foto-upload/toko1/jibbitz/JB-0000565.png
foto-upload/toko1/jibbitz/JB-0000566.png,https://ganci.whatslink.group/foto-upload/toko1/jibbitz/JB-0000566.png
foto-upload/toko1/jibbitz/JB-0000567.png,https://ganci.whatslink.group/foto-upload/toko1/jibbitz/JB-0000567.png
foto-upload/toko1/jibbitz/JB-0000568.png,https://ganci.whatslink.group/foto-upload/toko1/jibbitz/JB-0000568.png
foto-upload/toko1/jibbitz/JB-0000569.png,https://ganci.whatslink.group/foto-upload/toko1/jibbitz/JB-0000569.png
foto-upload/toko1/jibbitz/JB-0000570.png,https://ganci.whatslink.group/foto-upload/toko1/jibbitz/JB-0000570.png
foto-upload/toko1/jibbitz/JB-0000571.png,https://ganci.whatslink.group/foto-upload/toko1/jibbitz/JB-0000571.png
foto-upload/toko1/jibbitz/JB-0000572.png,https://ganci.whatslink.group/foto-upload/toko1/jibbitz/JB-0000572.png
foto-upload/toko1/jibbitz/JB-0000573.png,https://ganci.whatslink.group/foto-upload/toko1/jibbitz/JB-0000573.png
foto-upload/toko1/jibbitz/JB-0000574.png,https://ganci.whatslink.group/foto-upload/toko1/jibbitz/JB-0000574.png
foto-upload/toko1/jibbitz/JB-0000575.png,https://ganci.whatslink.group/foto-upload/toko1/jibbitz/JB-0000575.png
foto-upload/toko1/jibbitz/JB-0000576.png,https://ganci.whatslink.group/foto-upload/toko1/jibbitz/JB-0000576.png
foto-upload/toko1/jibbitz/JB-0000577.png,https://ganci.whatslink.group/foto-upload/toko1/jibbitz/JB-0000577.png
foto-upload/toko1/jibbitz/JB-0000578.png,https://ganci.whatslink.group/foto-upload/toko1/jibbitz/JB-0000578.png
foto-upload/toko1/jibbitz/JB-0000579.png,https://ganci.whatslink.group/foto-upload/toko1/jibbitz/JB-0000579.png
foto-upload/toko1/jibbitz/JB-0000580.png,https://ganci.whatslink.group/foto-upload/toko1/jibbitz/JB-0000580.png
foto-upload/toko1/jibbitz/JB-0000581.png,https://ganci.whatslink.group/foto-upload/toko1/jibbitz/JB-0000581.png
foto-upload/toko1/jibbitz/JB-0000582.png,https://ganci.whatslink.group/foto-upload/toko1/jibbitz/JB-0000582.png
foto-upload/toko1/jibbitz/JB-0000583.png,https://ganci.whatslink.group/foto-upload/toko1/jibbitz/JB-0000583.png
foto-upload/toko1/jibbitz/JB-0000584.png,https://ganci.whatslink.group/foto-upload/toko1/jibbitz/JB-0000584.png
foto-upload/toko1/jibbitz/JB-0000585.png,https://ganci.whatslink.group/foto-upload/toko1/jibbitz/JB-0000585.png
foto-upload/toko1/jibbitz/JB-0000586.png,https://ganci.whatslink.group/foto-upload/toko1/jibbitz/JB-0000586.png
foto-upload/toko1/jibbitz/JB-0000587.png,https://ganci.whatslink.group/foto-upload/toko1/jibbitz/JB-0000587.png
foto-upload/toko1/jibbitz/JB-0000588.png,https://ganci.whatslink.group/foto-upload/toko1/jibbitz/JB-0000588.png
foto-upload/toko1/jibbitz/JB-0000589.png,https://ganci.whatslink.group/foto-upload/toko1/jibbitz/JB-0000589.png
foto-upload/toko1/jibbitz/JB-0000590.png,https://ganci.whatslink.group/foto-upload/toko1/jibbitz/JB-0000590.png
foto-upload/toko1/jibbitz/JB-0000591.png,https://ganci.whatslink.group/foto-upload/toko1/jibbitz/JB-0000591.png
foto-upload/toko1/jibbitz/JB-0000592.png,https://ganci.whatslink.group/foto-upload/toko1/jibbitz/JB-0000592.png
foto-upload/toko1/jibbitz/JB-0000593.png,https://ganci.whatslink.group/foto-upload/toko1/jibbitz/JB-0000593.png
foto-upload/toko1/jibbitz/JB-0000594.png,https://ganci.whatslink.group/foto-upload/toko1/jibbitz/JB-0000594.png
foto-upload/toko1/jibbitz/JB-0000595.png,https://ganci.whatslink.group/foto-upload/toko1/jibbitz/JB-0000595.png
foto-upload/toko1/jibbitz/JB-0000596.png,https://ganci.whatslink.group/foto-upload/toko1/jibbitz/JB-0000596.png
foto-upload/toko1/jibbitz/JB-0000597.png,https://ganci.whatslink.group/foto-upload/toko1/jibbitz/JB-0000597.png
foto-upload/toko1/jibbitz/JB-0000598.png,https://ganci.whatslink.group/foto-upload/toko1/jibbitz/JB-0000598.png
foto-upload/toko1/jibbitz/JB-0000599.png,https://ganci.whatslink.group/foto-upload/toko1/jibbitz/JB-0000599.png
foto-upload/toko1/jibbitz/JB-0000600.png,https://ganci.whatslink.group/foto-upload/toko1/jibbitz/JB-0000600.png
foto-upload/toko1/jibbitz/JB-0000601.png,https://ganci.whatslink.group/foto-upload/toko1/jibbitz/JB-0000601.png
foto-upload/toko1/jibbitz/JB-0000602.png,https://ganci.whatslink.group/foto-upload/toko1/jibbitz/JB-0000602.png
foto-upload/toko1/jibbitz/JB-0000603.png,https://ganci.whatslink.group/foto-upload/toko1/jibbitz/JB-0000603.png
foto-upload/toko1/jibbitz/JB-0000604.png,https://ganci.whatslink.group/foto-upload/toko1/jibbitz/JB-0000604.png
foto-upload/toko1/jibbitz/JB-0000605.png,https://ganci.whatslink.group/foto-upload/toko1/jibbitz/JB-0000605.png
foto-upload/toko1/jibbitz/JB-0000606.png,https://ganci.whatslink.group/foto-upload/toko1/jibbitz/JB-0000606.png
foto-upload/toko1/jibbitz/JB-0000607.png,https://ganci.whatslink.group/foto-upload/toko1/jibbitz/JB-0000607.png
foto-upload/toko1/jibbitz/JB-0000608.png,https://ganci.whatslink.group/foto-upload/toko1/jibbitz/JB-0000608.png
foto-upload/toko1/jibbitz/JB-0000609.png,https://ganci.whatslink.group/foto-upload/toko1/jibbitz/JB-0000609.png
foto-upload/toko1/jibbitz/JB-0000610.png,https://ganci.whatslink.group/foto-upload/toko1/jibbitz/JB-0000610.png
foto-upload/toko1/jibbitz/JB-0000611.png,https://ganci.whatslink.group/foto-upload/toko1/jibbitz/JB-0000611.png
foto-upload/toko1/jibbitz/JB-0000612.png,https://ganci.whatslink.group/foto-upload/toko1/jibbitz/JB-0000612.png
foto-upload/toko1/jibbitz/JB-0000613.png,https://ganci.whatslink.group/foto-upload/toko1/jibbitz/JB-0000613.png
foto-upload/toko1/jibbitz/JB-0000614.png,https://ganci.whatslink.group/foto-upload/toko1/jibbitz/JB-0000614.png
foto-upload/toko1/jibbitz/JB-0000615.png,https://ganci.whatslink.group/foto-upload/toko1/jibbitz/JB-0000615.png
foto-upload/toko1/jibbitz/JB-0000616.png,https://ganci.whatslink.group/foto-upload/toko1/jibbitz/JB-0000616.png
foto-upload/toko1/jibbitz/JB-0000617.png,https://ganci.whatslink.group/foto-upload/toko1/jibbitz/JB-0000617.png
foto-upload/toko1/jibbitz/JB-0000618.png,https://ganci.whatslink.group/foto-upload/toko1/jibbitz/JB-0000618.png
foto-upload/toko1/jibbitz/JB-0000619.png,https://ganci.whatslink.group/foto-upload/toko1/jibbitz/JB-0000619.png
foto-upload/toko1/jibbitz/JB-0000620.png,https://ganci.whatslink.group/foto-upload/toko1/jibbitz/JB-0000620.png
foto-upload/toko1/jibbitz/JB-0000621.png,https://ganci.whatslink.group/foto-upload/toko1/jibbitz/JB-0000621.png
foto-upload/toko1/jibbitz/JB-0000622.png,https://ganci.whatslink.group/foto-upload/toko1/jibbitz/JB-0000622.png
foto-upload/toko1/jibbitz/JB-0000623.png,https://ganci.whatslink.group/foto-upload/toko1/jibbitz/JB-0000623.png
foto-upload/toko1/jibbitz/JB-0000624.png,https://ganci.whatslink.group/foto-upload/toko1/jibbitz/JB-0000624.png
foto-upload/toko1/jibbitz/JB-0000625.png,https://ganci.whatslink.group/foto-upload/toko1/jibbitz/JB-0000625.png
foto-upload/toko1/jibbitz/JB-0000626.png,https://ganci.whatslink.group/foto-upload/toko1/jibbitz/JB-0000626.png
foto-upload/toko1/jibbitz/JB-0000627.png,https://ganci.whatslink.group/foto-upload/toko1/jibbitz/JB-0000627.png
foto-upload/toko1/jibbitz/JB-0000628.png,https://ganci.whatslink.group/foto-upload/toko1/jibbitz/JB-0000628.png
foto-upload/toko1/jibbitz/JB-0000629.png,https://ganci.whatslink.group/foto-upload/toko1/jibbitz/JB-0000629.png
foto-upload/toko1/jibbitz/JB-0000630.png,https://ganci.whatslink.group/foto-upload/toko1/jibbitz/JB-0000630.png
foto-upload/toko1/jibbitz/JB-0000631.png,https://ganci.whatslink.group/foto-upload/toko1/jibbitz/JB-0000631.png
foto-upload/toko1/jibbitz/JB-0000632.png,https://ganci.whatslink.group/foto-upload/toko1/jibbitz/JB-0000632.png
foto-upload/toko1/jibbitz/JB-0000633.png,https://ganci.whatslink.group/foto-upload/toko1/jibbitz/JB-0000633.png
foto-upload/toko1/jibbitz/JB-0000634.png,https://ganci.whatslink.group/foto-upload/toko1/jibbitz/JB-0000634.png
foto-upload/toko1/jibbitz/JB-0000635.png,https://ganci.whatslink.group/foto-upload/toko1/jibbitz/JB-0000635.png
foto-upload/toko1/jibbitz/JB-0000636.png,https://ganci.whatslink.group/foto-upload/toko1/jibbitz/JB-0000636.png
foto-upload/toko1/jibbitz/JB-0000637.png,https://ganci.whatslink.group/foto-upload/toko1/jibbitz/JB-0000637.png
foto-upload/toko1/jibbitz/JB-0000638.png,https://ganci.whatslink.group/foto-upload/toko1/jibbitz/JB-0000638.png
foto-upload/toko1/jibbitz/JB-0000639.png,https://ganci.whatslink.group/foto-upload/toko1/jibbitz/JB-0000639.png
foto-upload/toko1/jibbitz/JB-0000640.png,https://ganci.whatslink.group/foto-upload/toko1/jibbitz/JB-0000640.png
foto-upload/toko1/jibbitz/JB-0000641.png,https://ganci.whatslink.group/foto-upload/toko1/jibbitz/JB-0000641.png
foto-upload/toko1/jibbitz/JB-0000642.png,https://ganci.whatslink.group/foto-upload/toko1/jibbitz/JB-0000642.png
foto-upload/toko1/jibbitz/JB-0000643.png,https://ganci.whatslink.group/foto-upload/toko1/jibbitz/JB-0000643.png
foto-upload/toko1/jibbitz/JB-0000644.png,https://ganci.whatslink.group/foto-upload/toko1/jibbitz/JB-0000644.png
foto-upload/toko1/jibbitz/JB-0000645.png,https://ganci.whatslink.group/foto-upload/toko1/jibbitz/JB-0000645.png
foto-upload/toko1/jibbitz/JB-0000646.png,https://ganci.whatslink.group/foto-upload/toko1/jibbitz/JB-0000646.png
foto-upload/toko1/jibbitz/JB-0000647.png,https://ganci.whatslink.group/foto-upload/toko1/jibbitz/JB-0000647.png
foto-upload/toko1/jibbitz/JB-0000648.png,https://ganci.whatslink.group/foto-upload/toko1/jibbitz/JB-0000648.png
foto-upload/toko1/jibbitz/JB-0000649.png,https://ganci.whatslink.group/foto-upload/toko1/jibbitz/JB-0000649.png
foto-upload/toko1/jibbitz/JB-0000650.png,https://ganci.whatslink.group/foto-upload/toko1/jibbitz/JB-0000650.png
foto-upload/toko1/jibbitz/JB-0000751.png,https://ganci.whatslink.group/foto-upload/toko1/jibbitz/JB-0000751.png
foto-upload/toko1/jibbitz/JB-0000752.png,https://ganci.whatslink.group/foto-upload/toko1/jibbitz/JB-0000752.png
foto-upload/toko1/jibbitz/JB-0000753.png,https://ganci.whatslink.group/foto-upload/toko1/jibbitz/JB-0000753.png
foto-upload/toko1/jibbitz/JB-0000754.png,https://ganci.whatslink.group/foto-upload/toko1/jibbitz/JB-0000754.png
foto-upload/toko1/jibbitz/JB-0000755.png,https://ganci.whatslink.group/foto-upload/toko1/jibbitz/JB-0000755.png
foto-upload/toko1/jibbitz/JB-0000756.png,https://ganci.whatslink.group/foto-upload/toko1/jibbitz/JB-0000756.png
foto-upload/toko1/jibbitz/JB-0000757.png,https://ganci.whatslink.group/foto-upload/toko1/jibbitz/JB-0000757.png
foto-upload/toko1/jibbitz/JB-0000758.png,https://ganci.whatslink.group/foto-upload/toko1/jibbitz/JB-0000758.png
foto-upload/toko1/jibbitz/JB-0000759.png,https://ganci.whatslink.group/foto-upload/toko1/jibbitz/JB-0000759.png
foto-upload/toko1/jibbitz/JB-0000760.png,https://ganci.whatslink.group/foto-upload/toko1/jibbitz/JB-0000760.png
foto-upload/toko1/jibbitz/JB-0000761.png,https://ganci.whatslink.group/foto-upload/toko1/jibbitz/JB-0000761.png
foto-upload/toko1/jibbitz/JB-0000762.png,https://ganci.whatslink.group/foto-upload/toko1/jibbitz/JB-0000762.png
foto-upload/toko1/jibbitz/JB-0000763.png,https://ganci.whatslink.group/foto-upload/toko1/jibbitz/JB-0000763.png
foto-upload/toko1/jibbitz/JB-0000764.png,https://ganci.whatslink.group/foto-upload/toko1/jibbitz/JB-0000764.png
foto-upload/toko1/jibbitz/JB-0000765.png,https://ganci.whatslink.group/foto-upload/toko1/jibbitz/JB-0000765.png
foto-upload/toko1/jibbitz/JB-0000766.png,https://ganci.whatslink.group/foto-upload/toko1/jibbitz/JB-0000766.png
foto-upload/toko1/jibbitz/JB-0000767.png,https://ganci.whatslink.group/foto-upload/toko1/jibbitz/JB-0000767.png
foto-upload/toko1/jibbitz/JB-0000768.png,https://ganci.whatslink.group/foto-upload/toko1/jibbitz/JB-0000768.png
foto-upload/toko1/jibbitz/JB-0000769.png,https://ganci.whatslink.group/foto-upload/toko1/jibbitz/JB-0000769.png
foto-upload/toko1/jibbitz/JB-0000770.png,https://ganci.whatslink.group/foto-upload/toko1/jibbitz/JB-0000770.png
foto-upload/toko1/jibbitz/JB-0000771.png,https://ganci.whatslink.group/foto-upload/toko1/jibbitz/JB-0000771.png
foto-upload/toko1/jibbitz/JB-0000772.png,https://ganci.whatslink.group/foto-upload/toko1/jibbitz/JB-0000772.png
foto-upload/toko1/jibbitz/JB-0000773.png,https://ganci.whatslink.group/foto-upload/toko1/jibbitz/JB-0000773.png
foto-upload/toko1/jibbitz/JB-0000774.png,https://ganci.whatslink.group/foto-upload/toko1/jibbitz/JB-0000774.png
foto-upload/toko1/jibbitz/JB-0000775.png,https://ganci.whatslink.group/foto-upload/toko1/jibbitz/JB-0000775.png
foto-upload/toko1/jibbitz/JB-0000776.png,https://ganci.whatslink.group/foto-upload/toko1/jibbitz/JB-0000776.png
foto-upload/toko1/jibbitz/JB-0000777.png,https://ganci.whatslink.group/foto-upload/toko1/jibbitz/JB-0000777.png
foto-upload/toko1/jibbitz/JB-0000778.png,https://ganci.whatslink.group/foto-upload/toko1/jibbitz/JB-0000778.png
foto-upload/toko1/jibbitz/JB-0000779.png,https://ganci.whatslink.group/foto-upload/toko1/jibbitz/JB-0000779.png
foto-upload/toko1/jibbitz/JB-0000780.png,https://ganci.whatslink.group/foto-upload/toko1/jibbitz/JB-0000780.png
foto-upload/toko1/jibbitz/JB-0000781.png,https://ganci.whatslink.group/foto-upload/toko1/jibbitz/JB-0000781.png
foto-upload/toko1/jibbitz/JB-0000782.png,https://ganci.whatslink.group/foto-upload/toko1/jibbitz/JB-0000782.png
foto-upload/toko1/jibbitz/JB-0000783.png,https://ganci.whatslink.group/foto-upload/toko1/jibbitz/JB-0000783.png
foto-upload/toko1/jibbitz/JB-0000784.png,https://ganci.whatslink.group/foto-upload/toko1/jibbitz/JB-0000784.png
foto-upload/toko1/jibbitz/JB-0000785.png,https://ganci.whatslink.group/foto-upload/toko1/jibbitz/JB-0000785.png
foto-upload/toko1/jibbitz/JB-0000786.png,https://ganci.whatslink.group/foto-upload/toko1/jibbitz/JB-0000786.png
foto-upload/toko1/jibbitz/JB-0000787.png,https://ganci.whatslink.group/foto-upload/toko1/jibbitz/JB-0000787.png
foto-upload/toko1/jibbitz/JB-0000788.png,https://ganci.whatslink.group/foto-upload/toko1/jibbitz/JB-0000788.png
foto-upload/toko1/jibbitz/JB-0000789.png,https://ganci.whatslink.group/foto-upload/toko1/jibbitz/JB-0000789.png
foto-upload/toko1/jibbitz/JB-0000790.png,https://ganci.whatslink.group/foto-upload/toko1/jibbitz/JB-0000790.png
foto-upload/toko1/jibbitz/JB-0000791.png,https://ganci.whatslink.group/foto-upload/toko1/jibbitz/JB-0000791.png
foto-upload/toko1/jibbitz/JB-0000792.png,https://ganci.whatslink.group/foto-upload/toko1/jibbitz/JB-0000792.png
foto-upload/toko1/jibbitz/JB-0000793.png,https://ganci.whatslink.group/foto-upload/toko1/jibbitz/JB-0000793.png
foto-upload/toko1/jibbitz/JB-0000794.png,https://ganci.whatslink.group/foto-upload/toko1/jibbitz/JB-0000794.png
foto-upload/toko1/jibbitz/JB-0000795.png,https://ganci.whatslink.group/foto-upload/toko1/jibbitz/JB-0000795.png
foto-upload/toko1/jibbitz/JB-0000796.png,https://ganci.whatslink.group/foto-upload/toko1/jibbitz/JB-0000796.png
foto-upload/toko1/jibbitz/JB-0000797.png,https://ganci.whatslink.group/foto-upload/toko1/jibbitz/JB-0000797.png
foto-upload/toko1/jibbitz/JB-0000798.png,https://ganci.whatslink.group/foto-upload/toko1/jibbitz/JB-0000798.png
foto-upload/toko1/jibbitz/JB-0000799.png,https://ganci.whatslink.group/foto-upload/toko1/jibbitz/JB-0000799.png
foto-upload/toko1/jibbitz/JB-0000800.png,https://ganci.whatslink.group/foto-upload/toko1/jibbitz/JB-0000800.png
foto-upload/toko1/jibbitz/JB-BAVERAGECOFFEE-utama1.png,https://ganci.whatslink.group/foto-upload/toko1/jibbitz/JB-BAVERAGECOFFEE-utama1.png
foto-upload/toko1/jibbitz/JB-BAVERAGECOFFEE-utama2.png,https://ganci.whatslink.group/foto-upload/toko1/jibbitz/JB-BAVERAGECOFFEE-utama2.png
foto-upload/toko1/jibbitz/JB-BAVERAGECOFFEE-utama3.png,https://ganci.whatslink.group/foto-upload/toko1/jibbitz/JB-BAVERAGECOFFEE-utama3.png
foto-upload/toko1/jibbitz/JB-BLACKPINK-utama1.png,https://ganci.whatslink.group/foto-upload/toko1/jibbitz/JB-BLACKPINK-utama1.png
foto-upload/toko1/jibbitz/JB-BLACKPINK-utama2.png,https://ganci.whatslink.group/foto-upload/toko1/jibbitz/JB-BLACKPINK-utama2.png
foto-upload/toko1/jibbitz/JB-BLACKPINK-utama3.png,https://ganci.whatslink.group/foto-upload/toko1/jibbitz/JB-BLACKPINK-utama3.png
foto-upload/toko1/jibbitz/JB-BTS-utama1.png,https://ganci.whatslink.group/foto-upload/toko1/jibbitz/JB-BTS-utama1.png
foto-upload/toko1/jibbitz/JB-BTS-utama2.png,https://ganci.whatslink.group/foto-upload/toko1/jibbitz/JB-BTS-utama2.png
foto-upload/toko1/jibbitz/JB-BTS-utama3.png,https://ganci.whatslink.group/foto-upload/toko1/jibbitz/JB-BTS-utama3.png
foto-upload/toko1/jibbitz/JB-CORTIS-utama1.png,https://ganci.whatslink.group/foto-upload/toko1/jibbitz/JB-CORTIS-utama1.png
foto-upload/toko1/jibbitz/JB-CORTIS-utama2.png,https://ganci.whatslink.group/foto-upload/toko1/jibbitz/JB-CORTIS-utama2.png
foto-upload/toko1/jibbitz/JB-CORTIS-utama3.png,https://ganci.whatslink.group/foto-upload/toko1/jibbitz/JB-CORTIS-utama3.png
foto-upload/toko1/jibbitz/JB-F1RACE-utama1.png,https://ganci.whatslink.group/foto-upload/toko1/jibbitz/JB-F1RACE-utama1.png
foto-upload/toko1/jibbitz/JB-F1RACE-utama2.png,https://ganci.whatslink.group/foto-upload/toko1/jibbitz/JB-F1RACE-utama2.png
foto-upload/toko1/jibbitz/JB-F1RACE-utama3.png,https://ganci.whatslink.group/foto-upload/toko1/jibbitz/JB-F1RACE-utama3.png
foto-upload/toko1/jibbitz/JB-HARRYPOTTER-utama1.png,https://ganci.whatslink.group/foto-upload/toko1/jibbitz/JB-HARRYPOTTER-utama1.png
foto-upload/toko1/jibbitz/JB-HARRYPOTTER-utama2.png,https://ganci.whatslink.group/foto-upload/toko1/jibbitz/JB-HARRYPOTTER-utama2.png
foto-upload/toko1/jibbitz/JB-HARRYPOTTER-utama3.png,https://ganci.whatslink.group/foto-upload/toko1/jibbitz/JB-HARRYPOTTER-utama3.png
foto-upload/toko1/jibbitz/JB-HEARTS2HEARTS-utama1.png,https://ganci.whatslink.group/foto-upload/toko1/jibbitz/JB-HEARTS2HEARTS-utama1.png
foto-upload/toko1/jibbitz/JB-HEARTS2HEARTS-utama2.png,https://ganci.whatslink.group/foto-upload/toko1/jibbitz/JB-HEARTS2HEARTS-utama2.png
foto-upload/toko1/jibbitz/JB-HEARTS2HEARTS-utama3.png,https://ganci.whatslink.group/foto-upload/toko1/jibbitz/JB-HEARTS2HEARTS-utama3.png
foto-upload/toko1/jibbitz/JB-LANY-utama1.png,https://ganci.whatslink.group/foto-upload/toko1/jibbitz/JB-LANY-utama1.png
foto-upload/toko1/jibbitz/JB-LANY-utama2.png,https://ganci.whatslink.group/foto-upload/toko1/jibbitz/JB-LANY-utama2.png
foto-upload/toko1/jibbitz/JB-LANY-utama3.png,https://ganci.whatslink.group/foto-upload/toko1/jibbitz/JB-LANY-utama3.png
foto-upload/toko1/jibbitz/JB-LIVERPOOL-utama1.png,https://ganci.whatslink.group/foto-upload/toko1/jibbitz/JB-LIVERPOOL-utama1.png
foto-upload/toko1/jibbitz/JB-LIVERPOOL-utama2.png,https://ganci.whatslink.group/foto-upload/toko1/jibbitz/JB-LIVERPOOL-utama2.png
foto-upload/toko1/jibbitz/JB-MATCHA-utama1.png,https://ganci.whatslink.group/foto-upload/toko1/jibbitz/JB-MATCHA-utama1.png
foto-upload/toko1/jibbitz/JB-MATCHA-utama2.png,https://ganci.whatslink.group/foto-upload/toko1/jibbitz/JB-MATCHA-utama2.png
foto-upload/toko1/jibbitz/JB-MATCHA-utama3.png,https://ganci.whatslink.group/foto-upload/toko1/jibbitz/JB-MATCHA-utama3.png
foto-upload/toko1/jibbitz/JB-MINECRAFT-utama1.png,https://ganci.whatslink.group/foto-upload/toko1/jibbitz/JB-MINECRAFT-utama1.png
foto-upload/toko1/jibbitz/JB-MINECRAFT-utama2.png,https://ganci.whatslink.group/foto-upload/toko1/jibbitz/JB-MINECRAFT-utama2.png
foto-upload/toko1/jibbitz/JB-MINECRAFT-utama3.png,https://ganci.whatslink.group/foto-upload/toko1/jibbitz/JB-MINECRAFT-utama3.png
foto-upload/toko1/pin-akrilik/PA-0000151.png,https://ganci.whatslink.group/foto-upload/toko1/pin-akrilik/PA-0000151.png
foto-upload/toko1/pin-akrilik/PA-0000152.png,https://ganci.whatslink.group/foto-upload/toko1/pin-akrilik/PA-0000152.png
foto-upload/toko1/pin-akrilik/PA-0000153.png,https://ganci.whatslink.group/foto-upload/toko1/pin-akrilik/PA-0000153.png
foto-upload/toko1/pin-akrilik/PA-0000154.png,https://ganci.whatslink.group/foto-upload/toko1/pin-akrilik/PA-0000154.png
foto-upload/toko1/pin-akrilik/PA-0000155.png,https://ganci.whatslink.group/foto-upload/toko1/pin-akrilik/PA-0000155.png
foto-upload/toko1/pin-akrilik/PA-0000156.png,https://ganci.whatslink.group/foto-upload/toko1/pin-akrilik/PA-0000156.png
foto-upload/toko1/pin-akrilik/PA-0000157.png,https://ganci.whatslink.group/foto-upload/toko1/pin-akrilik/PA-0000157.png
foto-upload/toko1/pin-akrilik/PA-0000158.png,https://ganci.whatslink.group/foto-upload/toko1/pin-akrilik/PA-0000158.png
foto-upload/toko1/pin-akrilik/PA-0000159.png,https://ganci.whatslink.group/foto-upload/toko1/pin-akrilik/PA-0000159.png
foto-upload/toko1/pin-akrilik/PA-0000160.png,https://ganci.whatslink.group/foto-upload/toko1/pin-akrilik/PA-0000160.png
foto-upload/toko1/pin-akrilik/PA-0000161.png,https://ganci.whatslink.group/foto-upload/toko1/pin-akrilik/PA-0000161.png
foto-upload/toko1/pin-akrilik/PA-0000162.png,https://ganci.whatslink.group/foto-upload/toko1/pin-akrilik/PA-0000162.png
foto-upload/toko1/pin-akrilik/PA-0000163.png,https://ganci.whatslink.group/foto-upload/toko1/pin-akrilik/PA-0000163.png
foto-upload/toko1/pin-akrilik/PA-0000164.png,https://ganci.whatslink.group/foto-upload/toko1/pin-akrilik/PA-0000164.png
foto-upload/toko1/pin-akrilik/PA-0000165.png,https://ganci.whatslink.group/foto-upload/toko1/pin-akrilik/PA-0000165.png
foto-upload/toko1/pin-akrilik/PA-0000166 (1).png,https://ganci.whatslink.group/foto-upload/toko1/pin-akrilik/PA-0000166 (1).png
foto-upload/toko1/pin-akrilik/PA-0000166.png,https://ganci.whatslink.group/foto-upload/toko1/pin-akrilik/PA-0000166.png
foto-upload/toko1/pin-akrilik/PA-0000167 (1).png,https://ganci.whatslink.group/foto-upload/toko1/pin-akrilik/PA-0000167 (1).png
foto-upload/toko1/pin-akrilik/PA-0000167.png,https://ganci.whatslink.group/foto-upload/toko1/pin-akrilik/PA-0000167.png
foto-upload/toko1/pin-akrilik/PA-0000168 (1).png,https://ganci.whatslink.group/foto-upload/toko1/pin-akrilik/PA-0000168 (1).png
foto-upload/toko1/pin-akrilik/PA-0000168.png,https://ganci.whatslink.group/foto-upload/toko1/pin-akrilik/PA-0000168.png
foto-upload/toko1/pin-akrilik/PA-0000169.png,https://ganci.whatslink.group/foto-upload/toko1/pin-akrilik/PA-0000169.png
foto-upload/toko1/pin-akrilik/PA-0000170.png,https://ganci.whatslink.group/foto-upload/toko1/pin-akrilik/PA-0000170.png
foto-upload/toko1/pin-akrilik/PA-0000171.png,https://ganci.whatslink.group/foto-upload/toko1/pin-akrilik/PA-0000171.png
foto-upload/toko1/pin-akrilik/PA-0000172.png,https://ganci.whatslink.group/foto-upload/toko1/pin-akrilik/PA-0000172.png
foto-upload/toko1/pin-akrilik/PA-0000173.png,https://ganci.whatslink.group/foto-upload/toko1/pin-akrilik/PA-0000173.png
foto-upload/toko1/pin-akrilik/PA-0000174.png,https://ganci.whatslink.group/foto-upload/toko1/pin-akrilik/PA-0000174.png
foto-upload/toko1/pin-akrilik/PA-0000175.png,https://ganci.whatslink.group/foto-upload/toko1/pin-akrilik/PA-0000175.png
foto-upload/toko1/pin-akrilik/PA-0000176.png,https://ganci.whatslink.group/foto-upload/toko1/pin-akrilik/PA-0000176.png
foto-upload/toko1/pin-akrilik/PA-0000177.png,https://ganci.whatslink.group/foto-upload/toko1/pin-akrilik/PA-0000177.png
foto-upload/toko1/pin-akrilik/PA-0000178.png,https://ganci.whatslink.group/foto-upload/toko1/pin-akrilik/PA-0000178.png
foto-upload/toko1/pin-akrilik/PA-0000179.png,https://ganci.whatslink.group/foto-upload/toko1/pin-akrilik/PA-0000179.png
foto-upload/toko1/pin-akrilik/PA-0000180.png,https://ganci.whatslink.group/foto-upload/toko1/pin-akrilik/PA-0000180.png
foto-upload/toko1/pin-akrilik/PA-0000181.png,https://ganci.whatslink.group/foto-upload/toko1/pin-akrilik/PA-0000181.png
foto-upload/toko1/pin-akrilik/PA-0000182.png,https://ganci.whatslink.group/foto-upload/toko1/pin-akrilik/PA-0000182.png
foto-upload/toko1/pin-akrilik/PA-0000183.png,https://ganci.whatslink.group/foto-upload/toko1/pin-akrilik/PA-0000183.png
foto-upload/toko1/pin-akrilik/PA-0000184.png,https://ganci.whatslink.group/foto-upload/toko1/pin-akrilik/PA-0000184.png
foto-upload/toko1/pin-akrilik/PA-0000185 (1).png,https://ganci.whatslink.group/foto-upload/toko1/pin-akrilik/PA-0000185 (1).png
foto-upload/toko1/pin-akrilik/PA-0000185.png,https://ganci.whatslink.group/foto-upload/toko1/pin-akrilik/PA-0000185.png
foto-upload/toko1/pin-akrilik/PA-0000186.png,https://ganci.whatslink.group/foto-upload/toko1/pin-akrilik/PA-0000186.png
foto-upload/toko1/pin-akrilik/PA-0000187.png,https://ganci.whatslink.group/foto-upload/toko1/pin-akrilik/PA-0000187.png
foto-upload/toko1/pin-akrilik/PA-0000188.png,https://ganci.whatslink.group/foto-upload/toko1/pin-akrilik/PA-0000188.png
foto-upload/toko1/pin-akrilik/PA-0000189.png,https://ganci.whatslink.group/foto-upload/toko1/pin-akrilik/PA-0000189.png
foto-upload/toko1/pin-akrilik/PA-0000190.png,https://ganci.whatslink.group/foto-upload/toko1/pin-akrilik/PA-0000190.png
foto-upload/toko1/pin-akrilik/PA-0000191.png,https://ganci.whatslink.group/foto-upload/toko1/pin-akrilik/PA-0000191.png
foto-upload/toko1/pin-akrilik/PA-0000192.png,https://ganci.whatslink.group/foto-upload/toko1/pin-akrilik/PA-0000192.png
foto-upload/toko1/pin-akrilik/PA-0000193.png,https://ganci.whatslink.group/foto-upload/toko1/pin-akrilik/PA-0000193.png
foto-upload/toko1/pin-akrilik/PA-0000194.png,https://ganci.whatslink.group/foto-upload/toko1/pin-akrilik/PA-0000194.png
foto-upload/toko1/pin-akrilik/PA-0000195.png,https://ganci.whatslink.group/foto-upload/toko1/pin-akrilik/PA-0000195.png
foto-upload/toko1/pin-akrilik/PA-0000196.png,https://ganci.whatslink.group/foto-upload/toko1/pin-akrilik/PA-0000196.png
foto-upload/toko1/pin-akrilik/PA-0000197.png,https://ganci.whatslink.group/foto-upload/toko1/pin-akrilik/PA-0000197.png
foto-upload/toko1/pin-akrilik/PA-0000198 (1).png,https://ganci.whatslink.group/foto-upload/toko1/pin-akrilik/PA-0000198 (1).png
foto-upload/toko1/pin-akrilik/PA-0000198.png,https://ganci.whatslink.group/foto-upload/toko1/pin-akrilik/PA-0000198.png
foto-upload/toko1/pin-akrilik/PA-0000199.png,https://ganci.whatslink.group/foto-upload/toko1/pin-akrilik/PA-0000199.png
foto-upload/toko1/pin-akrilik/PA-0000200.png,https://ganci.whatslink.group/foto-upload/toko1/pin-akrilik/PA-0000200.png
foto-upload/toko1/pin-akrilik/PA-BLACKPINK-utama1.png,https://ganci.whatslink.group/foto-upload/toko1/pin-akrilik/PA-BLACKPINK-utama1.png
foto-upload/toko1/pin-akrilik/PA-BLACKPINK-utama2.png,https://ganci.whatslink.group/foto-upload/toko1/pin-akrilik/PA-BLACKPINK-utama2.png
foto-upload/toko1/pin-akrilik/PA-BLACKPINK-utama3.png,https://ganci.whatslink.group/foto-upload/toko1/pin-akrilik/PA-BLACKPINK-utama3.png
foto-upload/toko1/umum/TAMBAHAN-U1.png,https://ganci.whatslink.group/foto-upload/toko1/umum/TAMBAHAN-U1.png
foto-upload/toko2/jibbitz/JB-0000001.png,https://ganci.whatslink.group/foto-upload/toko2/jibbitz/JB-0000001.png
foto-upload/toko2/jibbitz/JB-0000002.png,https://ganci.whatslink.group/foto-upload/toko2/jibbitz/JB-0000002.png
foto-upload/toko2/jibbitz/JB-0000003.png,https://ganci.whatslink.group/foto-upload/toko2/jibbitz/JB-0000003.png
foto-upload/toko2/jibbitz/JB-0000004.png,https://ganci.whatslink.group/foto-upload/toko2/jibbitz/JB-0000004.png
foto-upload/toko2/jibbitz/JB-0000005.png,https://ganci.whatslink.group/foto-upload/toko2/jibbitz/JB-0000005.png
foto-upload/toko2/jibbitz/JB-0000006.png,https://ganci.whatslink.group/foto-upload/toko2/jibbitz/JB-0000006.png
foto-upload/toko2/jibbitz/JB-0000007.png,https://ganci.whatslink.group/foto-upload/toko2/jibbitz/JB-0000007.png
foto-upload/toko2/jibbitz/JB-0000008.png,https://ganci.whatslink.group/foto-upload/toko2/jibbitz/JB-0000008.png
foto-upload/toko2/jibbitz/JB-0000009.png,https://ganci.whatslink.group/foto-upload/toko2/jibbitz/JB-0000009.png
foto-upload/toko2/jibbitz/JB-0000010.png,https://ganci.whatslink.group/foto-upload/toko2/jibbitz/JB-0000010.png
foto-upload/toko2/jibbitz/JB-0000011.png,https://ganci.whatslink.group/foto-upload/toko2/jibbitz/JB-0000011.png
foto-upload/toko2/jibbitz/JB-0000012.png,https://ganci.whatslink.group/foto-upload/toko2/jibbitz/JB-0000012.png
foto-upload/toko2/jibbitz/JB-0000013.png,https://ganci.whatslink.group/foto-upload/toko2/jibbitz/JB-0000013.png
foto-upload/toko2/jibbitz/JB-0000014.png,https://ganci.whatslink.group/foto-upload/toko2/jibbitz/JB-0000014.png
foto-upload/toko2/jibbitz/JB-0000015.png,https://ganci.whatslink.group/foto-upload/toko2/jibbitz/JB-0000015.png
foto-upload/toko2/jibbitz/JB-0000016.png,https://ganci.whatslink.group/foto-upload/toko2/jibbitz/JB-0000016.png
foto-upload/toko2/jibbitz/JB-0000017.png,https://ganci.whatslink.group/foto-upload/toko2/jibbitz/JB-0000017.png
foto-upload/toko2/jibbitz/JB-0000018.png,https://ganci.whatslink.group/foto-upload/toko2/jibbitz/JB-0000018.png
foto-upload/toko2/jibbitz/JB-0000019.png,https://ganci.whatslink.group/foto-upload/toko2/jibbitz/JB-0000019.png
foto-upload/toko2/jibbitz/JB-0000020.png,https://ganci.whatslink.group/foto-upload/toko2/jibbitz/JB-0000020.png
foto-upload/toko2/jibbitz/JB-0000021.png,https://ganci.whatslink.group/foto-upload/toko2/jibbitz/JB-0000021.png
foto-upload/toko2/jibbitz/JB-0000022.png,https://ganci.whatslink.group/foto-upload/toko2/jibbitz/JB-0000022.png
foto-upload/toko2/jibbitz/JB-0000023.png,https://ganci.whatslink.group/foto-upload/toko2/jibbitz/JB-0000023.png
foto-upload/toko2/jibbitz/JB-0000024.png,https://ganci.whatslink.group/foto-upload/toko2/jibbitz/JB-0000024.png
foto-upload/toko2/jibbitz/JB-0000025.png,https://ganci.whatslink.group/foto-upload/toko2/jibbitz/JB-0000025.png
foto-upload/toko2/jibbitz/JB-0000026.png,https://ganci.whatslink.group/foto-upload/toko2/jibbitz/JB-0000026.png
foto-upload/toko2/jibbitz/JB-0000027.png,https://ganci.whatslink.group/foto-upload/toko2/jibbitz/JB-0000027.png
foto-upload/toko2/jibbitz/JB-0000028.png,https://ganci.whatslink.group/foto-upload/toko2/jibbitz/JB-0000028.png
foto-upload/toko2/jibbitz/JB-0000029.png,https://ganci.whatslink.group/foto-upload/toko2/jibbitz/JB-0000029.png
foto-upload/toko2/jibbitz/JB-0000030.png,https://ganci.whatslink.group/foto-upload/toko2/jibbitz/JB-0000030.png
foto-upload/toko2/jibbitz/JB-0000031.png,https://ganci.whatslink.group/foto-upload/toko2/jibbitz/JB-0000031.png
foto-upload/toko2/jibbitz/JB-0000032.png,https://ganci.whatslink.group/foto-upload/toko2/jibbitz/JB-0000032.png
foto-upload/toko2/jibbitz/JB-0000033.png,https://ganci.whatslink.group/foto-upload/toko2/jibbitz/JB-0000033.png
foto-upload/toko2/jibbitz/JB-0000034.png,https://ganci.whatslink.group/foto-upload/toko2/jibbitz/JB-0000034.png
foto-upload/toko2/jibbitz/JB-0000035.png,https://ganci.whatslink.group/foto-upload/toko2/jibbitz/JB-0000035.png
foto-upload/toko2/jibbitz/JB-0000036.png,https://ganci.whatslink.group/foto-upload/toko2/jibbitz/JB-0000036.png
foto-upload/toko2/jibbitz/JB-0000037.png,https://ganci.whatslink.group/foto-upload/toko2/jibbitz/JB-0000037.png
foto-upload/toko2/jibbitz/JB-0000038.png,https://ganci.whatslink.group/foto-upload/toko2/jibbitz/JB-0000038.png
foto-upload/toko2/jibbitz/JB-0000039.png,https://ganci.whatslink.group/foto-upload/toko2/jibbitz/JB-0000039.png
foto-upload/toko2/jibbitz/JB-0000040.png,https://ganci.whatslink.group/foto-upload/toko2/jibbitz/JB-0000040.png
foto-upload/toko2/jibbitz/JB-0000041.png,https://ganci.whatslink.group/foto-upload/toko2/jibbitz/JB-0000041.png
foto-upload/toko2/jibbitz/JB-0000042.png,https://ganci.whatslink.group/foto-upload/toko2/jibbitz/JB-0000042.png
foto-upload/toko2/jibbitz/JB-0000043.png,https://ganci.whatslink.group/foto-upload/toko2/jibbitz/JB-0000043.png
foto-upload/toko2/jibbitz/JB-0000044.png,https://ganci.whatslink.group/foto-upload/toko2/jibbitz/JB-0000044.png
foto-upload/toko2/jibbitz/JB-0000045.png,https://ganci.whatslink.group/foto-upload/toko2/jibbitz/JB-0000045.png
foto-upload/toko2/jibbitz/JB-0000046.png,https://ganci.whatslink.group/foto-upload/toko2/jibbitz/JB-0000046.png
foto-upload/toko2/jibbitz/JB-0000047.png,https://ganci.whatslink.group/foto-upload/toko2/jibbitz/JB-0000047.png
foto-upload/toko2/jibbitz/JB-0000048.png,https://ganci.whatslink.group/foto-upload/toko2/jibbitz/JB-0000048.png
foto-upload/toko2/jibbitz/JB-0000049.png,https://ganci.whatslink.group/foto-upload/toko2/jibbitz/JB-0000049.png
foto-upload/toko2/jibbitz/JB-0000050.png,https://ganci.whatslink.group/foto-upload/toko2/jibbitz/JB-0000050.png
foto-upload/toko2/jibbitz/JB-0000051.png,https://ganci.whatslink.group/foto-upload/toko2/jibbitz/JB-0000051.png
foto-upload/toko2/jibbitz/JB-0000052.png,https://ganci.whatslink.group/foto-upload/toko2/jibbitz/JB-0000052.png
foto-upload/toko2/jibbitz/JB-0000053.png,https://ganci.whatslink.group/foto-upload/toko2/jibbitz/JB-0000053.png
foto-upload/toko2/jibbitz/JB-0000054.png,https://ganci.whatslink.group/foto-upload/toko2/jibbitz/JB-0000054.png
foto-upload/toko2/jibbitz/JB-0000055.png,https://ganci.whatslink.group/foto-upload/toko2/jibbitz/JB-0000055.png
foto-upload/toko2/jibbitz/JB-0000056.png,https://ganci.whatslink.group/foto-upload/toko2/jibbitz/JB-0000056.png
foto-upload/toko2/jibbitz/JB-0000057.png,https://ganci.whatslink.group/foto-upload/toko2/jibbitz/JB-0000057.png
foto-upload/toko2/jibbitz/JB-0000058.png,https://ganci.whatslink.group/foto-upload/toko2/jibbitz/JB-0000058.png
foto-upload/toko2/jibbitz/JB-0000059.png,https://ganci.whatslink.group/foto-upload/toko2/jibbitz/JB-0000059.png
foto-upload/toko2/jibbitz/JB-0000060.png,https://ganci.whatslink.group/foto-upload/toko2/jibbitz/JB-0000060.png
foto-upload/toko2/jibbitz/JB-0000061.png,https://ganci.whatslink.group/foto-upload/toko2/jibbitz/JB-0000061.png
foto-upload/toko2/jibbitz/JB-0000062.png,https://ganci.whatslink.group/foto-upload/toko2/jibbitz/JB-0000062.png
foto-upload/toko2/jibbitz/JB-0000063.png,https://ganci.whatslink.group/foto-upload/toko2/jibbitz/JB-0000063.png
foto-upload/toko2/jibbitz/JB-0000064.png,https://ganci.whatslink.group/foto-upload/toko2/jibbitz/JB-0000064.png
foto-upload/toko2/jibbitz/JB-0000065.png,https://ganci.whatslink.group/foto-upload/toko2/jibbitz/JB-0000065.png
foto-upload/toko2/jibbitz/JB-0000066.png,https://ganci.whatslink.group/foto-upload/toko2/jibbitz/JB-0000066.png
foto-upload/toko2/jibbitz/JB-0000067.png,https://ganci.whatslink.group/foto-upload/toko2/jibbitz/JB-0000067.png
foto-upload/toko2/jibbitz/JB-0000068.png,https://ganci.whatslink.group/foto-upload/toko2/jibbitz/JB-0000068.png
foto-upload/toko2/jibbitz/JB-0000069.png,https://ganci.whatslink.group/foto-upload/toko2/jibbitz/JB-0000069.png
foto-upload/toko2/jibbitz/JB-0000070.png,https://ganci.whatslink.group/foto-upload/toko2/jibbitz/JB-0000070.png
foto-upload/toko2/jibbitz/JB-0000071.png,https://ganci.whatslink.group/foto-upload/toko2/jibbitz/JB-0000071.png
foto-upload/toko2/jibbitz/JB-0000072.png,https://ganci.whatslink.group/foto-upload/toko2/jibbitz/JB-0000072.png
foto-upload/toko2/jibbitz/JB-0000073.png,https://ganci.whatslink.group/foto-upload/toko2/jibbitz/JB-0000073.png
foto-upload/toko2/jibbitz/JB-0000074.png,https://ganci.whatslink.group/foto-upload/toko2/jibbitz/JB-0000074.png
foto-upload/toko2/jibbitz/JB-0000075.png,https://ganci.whatslink.group/foto-upload/toko2/jibbitz/JB-0000075.png
foto-upload/toko2/jibbitz/JB-0000076.png,https://ganci.whatslink.group/foto-upload/toko2/jibbitz/JB-0000076.png
foto-upload/toko2/jibbitz/JB-0000077.png,https://ganci.whatslink.group/foto-upload/toko2/jibbitz/JB-0000077.png
foto-upload/toko2/jibbitz/JB-0000078.png,https://ganci.whatslink.group/foto-upload/toko2/jibbitz/JB-0000078.png
foto-upload/toko2/jibbitz/JB-0000079.png,https://ganci.whatslink.group/foto-upload/toko2/jibbitz/JB-0000079.png
foto-upload/toko2/jibbitz/JB-0000080.png,https://ganci.whatslink.group/foto-upload/toko2/jibbitz/JB-0000080.png
foto-upload/toko2/jibbitz/JB-0000081.png,https://ganci.whatslink.group/foto-upload/toko2/jibbitz/JB-0000081.png
foto-upload/toko2/jibbitz/JB-0000082.png,https://ganci.whatslink.group/foto-upload/toko2/jibbitz/JB-0000082.png
foto-upload/toko2/jibbitz/JB-0000083.png,https://ganci.whatslink.group/foto-upload/toko2/jibbitz/JB-0000083.png
foto-upload/toko2/jibbitz/JB-0000084.png,https://ganci.whatslink.group/foto-upload/toko2/jibbitz/JB-0000084.png
foto-upload/toko2/jibbitz/JB-0000085.png,https://ganci.whatslink.group/foto-upload/toko2/jibbitz/JB-0000085.png
foto-upload/toko2/jibbitz/JB-0000086.png,https://ganci.whatslink.group/foto-upload/toko2/jibbitz/JB-0000086.png
foto-upload/toko2/jibbitz/JB-0000087.png,https://ganci.whatslink.group/foto-upload/toko2/jibbitz/JB-0000087.png
foto-upload/toko2/jibbitz/JB-0000088.png,https://ganci.whatslink.group/foto-upload/toko2/jibbitz/JB-0000088.png
foto-upload/toko2/jibbitz/JB-0000089.png,https://ganci.whatslink.group/foto-upload/toko2/jibbitz/JB-0000089.png
foto-upload/toko2/jibbitz/JB-0000090.png,https://ganci.whatslink.group/foto-upload/toko2/jibbitz/JB-0000090.png
foto-upload/toko2/jibbitz/JB-0000091.png,https://ganci.whatslink.group/foto-upload/toko2/jibbitz/JB-0000091.png
foto-upload/toko2/jibbitz/JB-0000092.png,https://ganci.whatslink.group/foto-upload/toko2/jibbitz/JB-0000092.png
foto-upload/toko2/jibbitz/JB-0000093.png,https://ganci.whatslink.group/foto-upload/toko2/jibbitz/JB-0000093.png
foto-upload/toko2/jibbitz/JB-0000094.png,https://ganci.whatslink.group/foto-upload/toko2/jibbitz/JB-0000094.png
foto-upload/toko2/jibbitz/JB-0000095.png,https://ganci.whatslink.group/foto-upload/toko2/jibbitz/JB-0000095.png
foto-upload/toko2/jibbitz/JB-0000096.png,https://ganci.whatslink.group/foto-upload/toko2/jibbitz/JB-0000096.png
foto-upload/toko2/jibbitz/JB-0000097.png,https://ganci.whatslink.group/foto-upload/toko2/jibbitz/JB-0000097.png
foto-upload/toko2/jibbitz/JB-0000098.png,https://ganci.whatslink.group/foto-upload/toko2/jibbitz/JB-0000098.png
foto-upload/toko2/jibbitz/JB-0000099.png,https://ganci.whatslink.group/foto-upload/toko2/jibbitz/JB-0000099.png
foto-upload/toko2/jibbitz/JB-0000100.png,https://ganci.whatslink.group/foto-upload/toko2/jibbitz/JB-0000100.png
foto-upload/toko2/jibbitz/JB-0000151.png,https://ganci.whatslink.group/foto-upload/toko2/jibbitz/JB-0000151.png
foto-upload/toko2/jibbitz/JB-0000152.png,https://ganci.whatslink.group/foto-upload/toko2/jibbitz/JB-0000152.png
foto-upload/toko2/jibbitz/JB-0000153.png,https://ganci.whatslink.group/foto-upload/toko2/jibbitz/JB-0000153.png
foto-upload/toko2/jibbitz/JB-0000154.png,https://ganci.whatslink.group/foto-upload/toko2/jibbitz/JB-0000154.png
foto-upload/toko2/jibbitz/JB-0000155.png,https://ganci.whatslink.group/foto-upload/toko2/jibbitz/JB-0000155.png
foto-upload/toko2/jibbitz/JB-0000156.png,https://ganci.whatslink.group/foto-upload/toko2/jibbitz/JB-0000156.png
foto-upload/toko2/jibbitz/JB-0000157.png,https://ganci.whatslink.group/foto-upload/toko2/jibbitz/JB-0000157.png
foto-upload/toko2/jibbitz/JB-0000158.png,https://ganci.whatslink.group/foto-upload/toko2/jibbitz/JB-0000158.png
foto-upload/toko2/jibbitz/JB-0000159.png,https://ganci.whatslink.group/foto-upload/toko2/jibbitz/JB-0000159.png
foto-upload/toko2/jibbitz/JB-0000160.png,https://ganci.whatslink.group/foto-upload/toko2/jibbitz/JB-0000160.png
foto-upload/toko2/jibbitz/JB-0000161.png,https://ganci.whatslink.group/foto-upload/toko2/jibbitz/JB-0000161.png
foto-upload/toko2/jibbitz/JB-0000162.png,https://ganci.whatslink.group/foto-upload/toko2/jibbitz/JB-0000162.png
foto-upload/toko2/jibbitz/JB-0000163.png,https://ganci.whatslink.group/foto-upload/toko2/jibbitz/JB-0000163.png
foto-upload/toko2/jibbitz/JB-0000164.png,https://ganci.whatslink.group/foto-upload/toko2/jibbitz/JB-0000164.png
foto-upload/toko2/jibbitz/JB-0000165.png,https://ganci.whatslink.group/foto-upload/toko2/jibbitz/JB-0000165.png
foto-upload/toko2/jibbitz/JB-0000166.png,https://ganci.whatslink.group/foto-upload/toko2/jibbitz/JB-0000166.png
foto-upload/toko2/jibbitz/JB-0000167.png,https://ganci.whatslink.group/foto-upload/toko2/jibbitz/JB-0000167.png
foto-upload/toko2/jibbitz/JB-0000168.png,https://ganci.whatslink.group/foto-upload/toko2/jibbitz/JB-0000168.png
foto-upload/toko2/jibbitz/JB-0000169.png,https://ganci.whatslink.group/foto-upload/toko2/jibbitz/JB-0000169.png
foto-upload/toko2/jibbitz/JB-0000170.png,https://ganci.whatslink.group/foto-upload/toko2/jibbitz/JB-0000170.png
foto-upload/toko2/jibbitz/JB-0000171.png,https://ganci.whatslink.group/foto-upload/toko2/jibbitz/JB-0000171.png
foto-upload/toko2/jibbitz/JB-0000172.png,https://ganci.whatslink.group/foto-upload/toko2/jibbitz/JB-0000172.png
foto-upload/toko2/jibbitz/JB-0000173.png,https://ganci.whatslink.group/foto-upload/toko2/jibbitz/JB-0000173.png
foto-upload/toko2/jibbitz/JB-0000174.png,https://ganci.whatslink.group/foto-upload/toko2/jibbitz/JB-0000174.png
foto-upload/toko2/jibbitz/JB-0000175.png,https://ganci.whatslink.group/foto-upload/toko2/jibbitz/JB-0000175.png
foto-upload/toko2/jibbitz/JB-0000176.png,https://ganci.whatslink.group/foto-upload/toko2/jibbitz/JB-0000176.png
foto-upload/toko2/jibbitz/JB-0000177.png,https://ganci.whatslink.group/foto-upload/toko2/jibbitz/JB-0000177.png
foto-upload/toko2/jibbitz/JB-0000178.png,https://ganci.whatslink.group/foto-upload/toko2/jibbitz/JB-0000178.png
foto-upload/toko2/jibbitz/JB-0000179.png,https://ganci.whatslink.group/foto-upload/toko2/jibbitz/JB-0000179.png
foto-upload/toko2/jibbitz/JB-0000180.png,https://ganci.whatslink.group/foto-upload/toko2/jibbitz/JB-0000180.png
foto-upload/toko2/jibbitz/JB-0000181.png,https://ganci.whatslink.group/foto-upload/toko2/jibbitz/JB-0000181.png
foto-upload/toko2/jibbitz/JB-0000182.png,https://ganci.whatslink.group/foto-upload/toko2/jibbitz/JB-0000182.png
foto-upload/toko2/jibbitz/JB-0000183.png,https://ganci.whatslink.group/foto-upload/toko2/jibbitz/JB-0000183.png
foto-upload/toko2/jibbitz/JB-0000184.png,https://ganci.whatslink.group/foto-upload/toko2/jibbitz/JB-0000184.png
foto-upload/toko2/jibbitz/JB-0000185.png,https://ganci.whatslink.group/foto-upload/toko2/jibbitz/JB-0000185.png
foto-upload/toko2/jibbitz/JB-0000186.png,https://ganci.whatslink.group/foto-upload/toko2/jibbitz/JB-0000186.png
foto-upload/toko2/jibbitz/JB-0000187.png,https://ganci.whatslink.group/foto-upload/toko2/jibbitz/JB-0000187.png
foto-upload/toko2/jibbitz/JB-0000188.png,https://ganci.whatslink.group/foto-upload/toko2/jibbitz/JB-0000188.png
foto-upload/toko2/jibbitz/JB-0000189.png,https://ganci.whatslink.group/foto-upload/toko2/jibbitz/JB-0000189.png
foto-upload/toko2/jibbitz/JB-0000190.png,https://ganci.whatslink.group/foto-upload/toko2/jibbitz/JB-0000190.png
foto-upload/toko2/jibbitz/JB-0000191.png,https://ganci.whatslink.group/foto-upload/toko2/jibbitz/JB-0000191.png
foto-upload/toko2/jibbitz/JB-0000192.png,https://ganci.whatslink.group/foto-upload/toko2/jibbitz/JB-0000192.png
foto-upload/toko2/jibbitz/JB-0000193.png,https://ganci.whatslink.group/foto-upload/toko2/jibbitz/JB-0000193.png
foto-upload/toko2/jibbitz/JB-0000194.png,https://ganci.whatslink.group/foto-upload/toko2/jibbitz/JB-0000194.png
foto-upload/toko2/jibbitz/JB-0000195.png,https://ganci.whatslink.group/foto-upload/toko2/jibbitz/JB-0000195.png
foto-upload/toko2/jibbitz/JB-0000196.png,https://ganci.whatslink.group/foto-upload/toko2/jibbitz/JB-0000196.png
foto-upload/toko2/jibbitz/JB-0000197.png,https://ganci.whatslink.group/foto-upload/toko2/jibbitz/JB-0000197.png
foto-upload/toko2/jibbitz/JB-0000198.png,https://ganci.whatslink.group/foto-upload/toko2/jibbitz/JB-0000198.png
foto-upload/toko2/jibbitz/JB-0000199.png,https://ganci.whatslink.group/foto-upload/toko2/jibbitz/JB-0000199.png
foto-upload/toko2/jibbitz/JB-0000200.png,https://ganci.whatslink.group/foto-upload/toko2/jibbitz/JB-0000200.png
foto-upload/toko2/jibbitz/JB-0000201.png,https://ganci.whatslink.group/foto-upload/toko2/jibbitz/JB-0000201.png
foto-upload/toko2/jibbitz/JB-0000202.png,https://ganci.whatslink.group/foto-upload/toko2/jibbitz/JB-0000202.png
foto-upload/toko2/jibbitz/JB-0000203.png,https://ganci.whatslink.group/foto-upload/toko2/jibbitz/JB-0000203.png
foto-upload/toko2/jibbitz/JB-0000204.png,https://ganci.whatslink.group/foto-upload/toko2/jibbitz/JB-0000204.png
foto-upload/toko2/jibbitz/JB-0000205.png,https://ganci.whatslink.group/foto-upload/toko2/jibbitz/JB-0000205.png
foto-upload/toko2/jibbitz/JB-0000206.png,https://ganci.whatslink.group/foto-upload/toko2/jibbitz/JB-0000206.png
foto-upload/toko2/jibbitz/JB-0000207.png,https://ganci.whatslink.group/foto-upload/toko2/jibbitz/JB-0000207.png
foto-upload/toko2/jibbitz/JB-0000208.png,https://ganci.whatslink.group/foto-upload/toko2/jibbitz/JB-0000208.png
foto-upload/toko2/jibbitz/JB-0000209.png,https://ganci.whatslink.group/foto-upload/toko2/jibbitz/JB-0000209.png
foto-upload/toko2/jibbitz/JB-0000210.png,https://ganci.whatslink.group/foto-upload/toko2/jibbitz/JB-0000210.png
foto-upload/toko2/jibbitz/JB-0000211.png,https://ganci.whatslink.group/foto-upload/toko2/jibbitz/JB-0000211.png
foto-upload/toko2/jibbitz/JB-0000212.png,https://ganci.whatslink.group/foto-upload/toko2/jibbitz/JB-0000212.png
foto-upload/toko2/jibbitz/JB-0000213.png,https://ganci.whatslink.group/foto-upload/toko2/jibbitz/JB-0000213.png
foto-upload/toko2/jibbitz/JB-0000214.png,https://ganci.whatslink.group/foto-upload/toko2/jibbitz/JB-0000214.png
foto-upload/toko2/jibbitz/JB-0000215.png,https://ganci.whatslink.group/foto-upload/toko2/jibbitz/JB-0000215.png
foto-upload/toko2/jibbitz/JB-0000216.png,https://ganci.whatslink.group/foto-upload/toko2/jibbitz/JB-0000216.png
foto-upload/toko2/jibbitz/JB-0000217.png,https://ganci.whatslink.group/foto-upload/toko2/jibbitz/JB-0000217.png
foto-upload/toko2/jibbitz/JB-0000218.png,https://ganci.whatslink.group/foto-upload/toko2/jibbitz/JB-0000218.png
foto-upload/toko2/jibbitz/JB-0000219.png,https://ganci.whatslink.group/foto-upload/toko2/jibbitz/JB-0000219.png
foto-upload/toko2/jibbitz/JB-0000220.png,https://ganci.whatslink.group/foto-upload/toko2/jibbitz/JB-0000220.png
foto-upload/toko2/jibbitz/JB-0000221.png,https://ganci.whatslink.group/foto-upload/toko2/jibbitz/JB-0000221.png
foto-upload/toko2/jibbitz/JB-0000222.png,https://ganci.whatslink.group/foto-upload/toko2/jibbitz/JB-0000222.png
foto-upload/toko2/jibbitz/JB-0000223.png,https://ganci.whatslink.group/foto-upload/toko2/jibbitz/JB-0000223.png
foto-upload/toko2/jibbitz/JB-0000224.png,https://ganci.whatslink.group/foto-upload/toko2/jibbitz/JB-0000224.png
foto-upload/toko2/jibbitz/JB-0000225.png,https://ganci.whatslink.group/foto-upload/toko2/jibbitz/JB-0000225.png
foto-upload/toko2/jibbitz/JB-0000226.png,https://ganci.whatslink.group/foto-upload/toko2/jibbitz/JB-0000226.png
foto-upload/toko2/jibbitz/JB-0000227.png,https://ganci.whatslink.group/foto-upload/toko2/jibbitz/JB-0000227.png
foto-upload/toko2/jibbitz/JB-0000228.png,https://ganci.whatslink.group/foto-upload/toko2/jibbitz/JB-0000228.png
foto-upload/toko2/jibbitz/JB-0000229.png,https://ganci.whatslink.group/foto-upload/toko2/jibbitz/JB-0000229.png
foto-upload/toko2/jibbitz/JB-0000230.png,https://ganci.whatslink.group/foto-upload/toko2/jibbitz/JB-0000230.png
foto-upload/toko2/jibbitz/JB-0000231.png,https://ganci.whatslink.group/foto-upload/toko2/jibbitz/JB-0000231.png
foto-upload/toko2/jibbitz/JB-0000232.png,https://ganci.whatslink.group/foto-upload/toko2/jibbitz/JB-0000232.png
foto-upload/toko2/jibbitz/JB-0000233.png,https://ganci.whatslink.group/foto-upload/toko2/jibbitz/JB-0000233.png
foto-upload/toko2/jibbitz/JB-0000234.png,https://ganci.whatslink.group/foto-upload/toko2/jibbitz/JB-0000234.png
foto-upload/toko2/jibbitz/JB-0000235.png,https://ganci.whatslink.group/foto-upload/toko2/jibbitz/JB-0000235.png
foto-upload/toko2/jibbitz/JB-0000236.png,https://ganci.whatslink.group/foto-upload/toko2/jibbitz/JB-0000236.png
foto-upload/toko2/jibbitz/JB-0000237.png,https://ganci.whatslink.group/foto-upload/toko2/jibbitz/JB-0000237.png
foto-upload/toko2/jibbitz/JB-0000238.png,https://ganci.whatslink.group/foto-upload/toko2/jibbitz/JB-0000238.png
foto-upload/toko2/jibbitz/JB-0000239.png,https://ganci.whatslink.group/foto-upload/toko2/jibbitz/JB-0000239.png
foto-upload/toko2/jibbitz/JB-0000240.png,https://ganci.whatslink.group/foto-upload/toko2/jibbitz/JB-0000240.png
foto-upload/toko2/jibbitz/JB-0000241.png,https://ganci.whatslink.group/foto-upload/toko2/jibbitz/JB-0000241.png
foto-upload/toko2/jibbitz/JB-0000242.png,https://ganci.whatslink.group/foto-upload/toko2/jibbitz/JB-0000242.png
foto-upload/toko2/jibbitz/JB-0000243.png,https://ganci.whatslink.group/foto-upload/toko2/jibbitz/JB-0000243.png
foto-upload/toko2/jibbitz/JB-0000244.png,https://ganci.whatslink.group/foto-upload/toko2/jibbitz/JB-0000244.png
foto-upload/toko2/jibbitz/JB-0000245.png,https://ganci.whatslink.group/foto-upload/toko2/jibbitz/JB-0000245.png
foto-upload/toko2/jibbitz/JB-0000246.png,https://ganci.whatslink.group/foto-upload/toko2/jibbitz/JB-0000246.png
foto-upload/toko2/jibbitz/JB-0000247.png,https://ganci.whatslink.group/foto-upload/toko2/jibbitz/JB-0000247.png
foto-upload/toko2/jibbitz/JB-0000248.png,https://ganci.whatslink.group/foto-upload/toko2/jibbitz/JB-0000248.png
foto-upload/toko2/jibbitz/JB-0000249.png,https://ganci.whatslink.group/foto-upload/toko2/jibbitz/JB-0000249.png
foto-upload/toko2/jibbitz/JB-0000250.png,https://ganci.whatslink.group/foto-upload/toko2/jibbitz/JB-0000250.png
foto-upload/toko2/jibbitz/JB-0000251.png,https://ganci.whatslink.group/foto-upload/toko2/jibbitz/JB-0000251.png
foto-upload/toko2/jibbitz/JB-0000252.png,https://ganci.whatslink.group/foto-upload/toko2/jibbitz/JB-0000252.png
foto-upload/toko2/jibbitz/JB-0000253.png,https://ganci.whatslink.group/foto-upload/toko2/jibbitz/JB-0000253.png
foto-upload/toko2/jibbitz/JB-0000254.png,https://ganci.whatslink.group/foto-upload/toko2/jibbitz/JB-0000254.png
foto-upload/toko2/jibbitz/JB-0000255.png,https://ganci.whatslink.group/foto-upload/toko2/jibbitz/JB-0000255.png
foto-upload/toko2/jibbitz/JB-0000256.png,https://ganci.whatslink.group/foto-upload/toko2/jibbitz/JB-0000256.png
foto-upload/toko2/jibbitz/JB-0000257.png,https://ganci.whatslink.group/foto-upload/toko2/jibbitz/JB-0000257.png
foto-upload/toko2/jibbitz/JB-0000258.png,https://ganci.whatslink.group/foto-upload/toko2/jibbitz/JB-0000258.png
foto-upload/toko2/jibbitz/JB-0000259.png,https://ganci.whatslink.group/foto-upload/toko2/jibbitz/JB-0000259.png
foto-upload/toko2/jibbitz/JB-0000260.png,https://ganci.whatslink.group/foto-upload/toko2/jibbitz/JB-0000260.png
foto-upload/toko2/jibbitz/JB-0000261.png,https://ganci.whatslink.group/foto-upload/toko2/jibbitz/JB-0000261.png
foto-upload/toko2/jibbitz/JB-0000262.png,https://ganci.whatslink.group/foto-upload/toko2/jibbitz/JB-0000262.png
foto-upload/toko2/jibbitz/JB-0000263.png,https://ganci.whatslink.group/foto-upload/toko2/jibbitz/JB-0000263.png
foto-upload/toko2/jibbitz/JB-0000264.png,https://ganci.whatslink.group/foto-upload/toko2/jibbitz/JB-0000264.png
foto-upload/toko2/jibbitz/JB-0000265.png,https://ganci.whatslink.group/foto-upload/toko2/jibbitz/JB-0000265.png
foto-upload/toko2/jibbitz/JB-0000266.png,https://ganci.whatslink.group/foto-upload/toko2/jibbitz/JB-0000266.png
foto-upload/toko2/jibbitz/JB-0000267.png,https://ganci.whatslink.group/foto-upload/toko2/jibbitz/JB-0000267.png
foto-upload/toko2/jibbitz/JB-0000268.png,https://ganci.whatslink.group/foto-upload/toko2/jibbitz/JB-0000268.png
foto-upload/toko2/jibbitz/JB-0000269.png,https://ganci.whatslink.group/foto-upload/toko2/jibbitz/JB-0000269.png
foto-upload/toko2/jibbitz/JB-0000270.png,https://ganci.whatslink.group/foto-upload/toko2/jibbitz/JB-0000270.png
foto-upload/toko2/jibbitz/JB-0000271.png,https://ganci.whatslink.group/foto-upload/toko2/jibbitz/JB-0000271.png
foto-upload/toko2/jibbitz/JB-0000272.png,https://ganci.whatslink.group/foto-upload/toko2/jibbitz/JB-0000272.png
foto-upload/toko2/jibbitz/JB-0000273.png,https://ganci.whatslink.group/foto-upload/toko2/jibbitz/JB-0000273.png
foto-upload/toko2/jibbitz/JB-0000274.png,https://ganci.whatslink.group/foto-upload/toko2/jibbitz/JB-0000274.png
foto-upload/toko2/jibbitz/JB-0000275.png,https://ganci.whatslink.group/foto-upload/toko2/jibbitz/JB-0000275.png
foto-upload/toko2/jibbitz/JB-0000276.png,https://ganci.whatslink.group/foto-upload/toko2/jibbitz/JB-0000276.png
foto-upload/toko2/jibbitz/JB-0000277.png,https://ganci.whatslink.group/foto-upload/toko2/jibbitz/JB-0000277.png
foto-upload/toko2/jibbitz/JB-0000278.png,https://ganci.whatslink.group/foto-upload/toko2/jibbitz/JB-0000278.png
foto-upload/toko2/jibbitz/JB-0000279.png,https://ganci.whatslink.group/foto-upload/toko2/jibbitz/JB-0000279.png
foto-upload/toko2/jibbitz/JB-0000280.png,https://ganci.whatslink.group/foto-upload/toko2/jibbitz/JB-0000280.png
foto-upload/toko2/jibbitz/JB-0000281.png,https://ganci.whatslink.group/foto-upload/toko2/jibbitz/JB-0000281.png
foto-upload/toko2/jibbitz/JB-0000282.png,https://ganci.whatslink.group/foto-upload/toko2/jibbitz/JB-0000282.png
foto-upload/toko2/jibbitz/JB-0000283.png,https://ganci.whatslink.group/foto-upload/toko2/jibbitz/JB-0000283.png
foto-upload/toko2/jibbitz/JB-0000284.png,https://ganci.whatslink.group/foto-upload/toko2/jibbitz/JB-0000284.png
foto-upload/toko2/jibbitz/JB-0000285.png,https://ganci.whatslink.group/foto-upload/toko2/jibbitz/JB-0000285.png
foto-upload/toko2/jibbitz/JB-0000286.png,https://ganci.whatslink.group/foto-upload/toko2/jibbitz/JB-0000286.png
foto-upload/toko2/jibbitz/JB-0000287.png,https://ganci.whatslink.group/foto-upload/toko2/jibbitz/JB-0000287.png
foto-upload/toko2/jibbitz/JB-0000288.png,https://ganci.whatslink.group/foto-upload/toko2/jibbitz/JB-0000288.png
foto-upload/toko2/jibbitz/JB-0000289.png,https://ganci.whatslink.group/foto-upload/toko2/jibbitz/JB-0000289.png
foto-upload/toko2/jibbitz/JB-0000290.png,https://ganci.whatslink.group/foto-upload/toko2/jibbitz/JB-0000290.png
foto-upload/toko2/jibbitz/JB-0000291.png,https://ganci.whatslink.group/foto-upload/toko2/jibbitz/JB-0000291.png
foto-upload/toko2/jibbitz/JB-0000292.png,https://ganci.whatslink.group/foto-upload/toko2/jibbitz/JB-0000292.png
foto-upload/toko2/jibbitz/JB-0000293.png,https://ganci.whatslink.group/foto-upload/toko2/jibbitz/JB-0000293.png
foto-upload/toko2/jibbitz/JB-0000294.png,https://ganci.whatslink.group/foto-upload/toko2/jibbitz/JB-0000294.png
foto-upload/toko2/jibbitz/JB-0000295.png,https://ganci.whatslink.group/foto-upload/toko2/jibbitz/JB-0000295.png
foto-upload/toko2/jibbitz/JB-0000296.png,https://ganci.whatslink.group/foto-upload/toko2/jibbitz/JB-0000296.png
foto-upload/toko2/jibbitz/JB-0000297.png,https://ganci.whatslink.group/foto-upload/toko2/jibbitz/JB-0000297.png
foto-upload/toko2/jibbitz/JB-0000298.png,https://ganci.whatslink.group/foto-upload/toko2/jibbitz/JB-0000298.png
foto-upload/toko2/jibbitz/JB-0000299.png,https://ganci.whatslink.group/foto-upload/toko2/jibbitz/JB-0000299.png
foto-upload/toko2/jibbitz/JB-0000300.png,https://ganci.whatslink.group/foto-upload/toko2/jibbitz/JB-0000300.png
foto-upload/toko2/jibbitz/JB-0000301.png,https://ganci.whatslink.group/foto-upload/toko2/jibbitz/JB-0000301.png
foto-upload/toko2/jibbitz/JB-0000302.png,https://ganci.whatslink.group/foto-upload/toko2/jibbitz/JB-0000302.png
foto-upload/toko2/jibbitz/JB-0000303.png,https://ganci.whatslink.group/foto-upload/toko2/jibbitz/JB-0000303.png
foto-upload/toko2/jibbitz/JB-0000304.png,https://ganci.whatslink.group/foto-upload/toko2/jibbitz/JB-0000304.png
foto-upload/toko2/jibbitz/JB-0000305.png,https://ganci.whatslink.group/foto-upload/toko2/jibbitz/JB-0000305.png
foto-upload/toko2/jibbitz/JB-0000306.png,https://ganci.whatslink.group/foto-upload/toko2/jibbitz/JB-0000306.png
foto-upload/toko2/jibbitz/JB-0000307.png,https://ganci.whatslink.group/foto-upload/toko2/jibbitz/JB-0000307.png
foto-upload/toko2/jibbitz/JB-0000308.png,https://ganci.whatslink.group/foto-upload/toko2/jibbitz/JB-0000308.png
foto-upload/toko2/jibbitz/JB-0000309.png,https://ganci.whatslink.group/foto-upload/toko2/jibbitz/JB-0000309.png
foto-upload/toko2/jibbitz/JB-0000310.png,https://ganci.whatslink.group/foto-upload/toko2/jibbitz/JB-0000310.png
foto-upload/toko2/jibbitz/JB-0000311.png,https://ganci.whatslink.group/foto-upload/toko2/jibbitz/JB-0000311.png
foto-upload/toko2/jibbitz/JB-0000312.png,https://ganci.whatslink.group/foto-upload/toko2/jibbitz/JB-0000312.png
foto-upload/toko2/jibbitz/JB-0000313.png,https://ganci.whatslink.group/foto-upload/toko2/jibbitz/JB-0000313.png
foto-upload/toko2/jibbitz/JB-0000314.png,https://ganci.whatslink.group/foto-upload/toko2/jibbitz/JB-0000314.png
foto-upload/toko2/jibbitz/JB-0000315.png,https://ganci.whatslink.group/foto-upload/toko2/jibbitz/JB-0000315.png
foto-upload/toko2/jibbitz/JB-0000316.png,https://ganci.whatslink.group/foto-upload/toko2/jibbitz/JB-0000316.png
foto-upload/toko2/jibbitz/JB-0000317.png,https://ganci.whatslink.group/foto-upload/toko2/jibbitz/JB-0000317.png
foto-upload/toko2/jibbitz/JB-0000318.png,https://ganci.whatslink.group/foto-upload/toko2/jibbitz/JB-0000318.png
foto-upload/toko2/jibbitz/JB-0000319.png,https://ganci.whatslink.group/foto-upload/toko2/jibbitz/JB-0000319.png
foto-upload/toko2/jibbitz/JB-0000320.png,https://ganci.whatslink.group/foto-upload/toko2/jibbitz/JB-0000320.png
foto-upload/toko2/jibbitz/JB-0000321.png,https://ganci.whatslink.group/foto-upload/toko2/jibbitz/JB-0000321.png
foto-upload/toko2/jibbitz/JB-0000322.png,https://ganci.whatslink.group/foto-upload/toko2/jibbitz/JB-0000322.png
foto-upload/toko2/jibbitz/JB-0000323.png,https://ganci.whatslink.group/foto-upload/toko2/jibbitz/JB-0000323.png
foto-upload/toko2/jibbitz/JB-0000324.png,https://ganci.whatslink.group/foto-upload/toko2/jibbitz/JB-0000324.png
foto-upload/toko2/jibbitz/JB-0000325.png,https://ganci.whatslink.group/foto-upload/toko2/jibbitz/JB-0000325.png
foto-upload/toko2/jibbitz/JB-0000326.png,https://ganci.whatslink.group/foto-upload/toko2/jibbitz/JB-0000326.png
foto-upload/toko2/jibbitz/JB-0000327.png,https://ganci.whatslink.group/foto-upload/toko2/jibbitz/JB-0000327.png
foto-upload/toko2/jibbitz/JB-0000328.png,https://ganci.whatslink.group/foto-upload/toko2/jibbitz/JB-0000328.png
foto-upload/toko2/jibbitz/JB-0000329.png,https://ganci.whatslink.group/foto-upload/toko2/jibbitz/JB-0000329.png
foto-upload/toko2/jibbitz/JB-0000330.png,https://ganci.whatslink.group/foto-upload/toko2/jibbitz/JB-0000330.png
foto-upload/toko2/jibbitz/JB-0000331.png,https://ganci.whatslink.group/foto-upload/toko2/jibbitz/JB-0000331.png
foto-upload/toko2/jibbitz/JB-0000332.png,https://ganci.whatslink.group/foto-upload/toko2/jibbitz/JB-0000332.png
foto-upload/toko2/jibbitz/JB-0000333.png,https://ganci.whatslink.group/foto-upload/toko2/jibbitz/JB-0000333.png
foto-upload/toko2/jibbitz/JB-0000334.png,https://ganci.whatslink.group/foto-upload/toko2/jibbitz/JB-0000334.png
foto-upload/toko2/jibbitz/JB-0000335.png,https://ganci.whatslink.group/foto-upload/toko2/jibbitz/JB-0000335.png
foto-upload/toko2/jibbitz/JB-0000336.png,https://ganci.whatslink.group/foto-upload/toko2/jibbitz/JB-0000336.png
foto-upload/toko2/jibbitz/JB-0000337.png,https://ganci.whatslink.group/foto-upload/toko2/jibbitz/JB-0000337.png
foto-upload/toko2/jibbitz/JB-0000338.png,https://ganci.whatslink.group/foto-upload/toko2/jibbitz/JB-0000338.png
foto-upload/toko2/jibbitz/JB-0000339.png,https://ganci.whatslink.group/foto-upload/toko2/jibbitz/JB-0000339.png
foto-upload/toko2/jibbitz/JB-0000340.png,https://ganci.whatslink.group/foto-upload/toko2/jibbitz/JB-0000340.png
foto-upload/toko2/jibbitz/JB-0000341.png,https://ganci.whatslink.group/foto-upload/toko2/jibbitz/JB-0000341.png
foto-upload/toko2/jibbitz/JB-0000342.png,https://ganci.whatslink.group/foto-upload/toko2/jibbitz/JB-0000342.png
foto-upload/toko2/jibbitz/JB-0000343.png,https://ganci.whatslink.group/foto-upload/toko2/jibbitz/JB-0000343.png
foto-upload/toko2/jibbitz/JB-0000344.png,https://ganci.whatslink.group/foto-upload/toko2/jibbitz/JB-0000344.png
foto-upload/toko2/jibbitz/JB-0000345.png,https://ganci.whatslink.group/foto-upload/toko2/jibbitz/JB-0000345.png
foto-upload/toko2/jibbitz/JB-0000346.png,https://ganci.whatslink.group/foto-upload/toko2/jibbitz/JB-0000346.png
foto-upload/toko2/jibbitz/JB-0000347.png,https://ganci.whatslink.group/foto-upload/toko2/jibbitz/JB-0000347.png
foto-upload/toko2/jibbitz/JB-0000348.png,https://ganci.whatslink.group/foto-upload/toko2/jibbitz/JB-0000348.png
foto-upload/toko2/jibbitz/JB-0000349.png,https://ganci.whatslink.group/foto-upload/toko2/jibbitz/JB-0000349.png
foto-upload/toko2/jibbitz/JB-0000350.png,https://ganci.whatslink.group/foto-upload/toko2/jibbitz/JB-0000350.png
foto-upload/toko2/jibbitz/JB-0000351.png,https://ganci.whatslink.group/foto-upload/toko2/jibbitz/JB-0000351.png
foto-upload/toko2/jibbitz/JB-0000352.png,https://ganci.whatslink.group/foto-upload/toko2/jibbitz/JB-0000352.png
foto-upload/toko2/jibbitz/JB-0000353.png,https://ganci.whatslink.group/foto-upload/toko2/jibbitz/JB-0000353.png
foto-upload/toko2/jibbitz/JB-0000354.png,https://ganci.whatslink.group/foto-upload/toko2/jibbitz/JB-0000354.png
foto-upload/toko2/jibbitz/JB-0000355.png,https://ganci.whatslink.group/foto-upload/toko2/jibbitz/JB-0000355.png
foto-upload/toko2/jibbitz/JB-0000356.png,https://ganci.whatslink.group/foto-upload/toko2/jibbitz/JB-0000356.png
foto-upload/toko2/jibbitz/JB-0000357.png,https://ganci.whatslink.group/foto-upload/toko2/jibbitz/JB-0000357.png
foto-upload/toko2/jibbitz/JB-0000358.png,https://ganci.whatslink.group/foto-upload/toko2/jibbitz/JB-0000358.png
foto-upload/toko2/jibbitz/JB-0000359.png,https://ganci.whatslink.group/foto-upload/toko2/jibbitz/JB-0000359.png
foto-upload/toko2/jibbitz/JB-0000360.png,https://ganci.whatslink.group/foto-upload/toko2/jibbitz/JB-0000360.png
foto-upload/toko2/jibbitz/JB-0000361.png,https://ganci.whatslink.group/foto-upload/toko2/jibbitz/JB-0000361.png
foto-upload/toko2/jibbitz/JB-0000362.png,https://ganci.whatslink.group/foto-upload/toko2/jibbitz/JB-0000362.png
foto-upload/toko2/jibbitz/JB-0000363.png,https://ganci.whatslink.group/foto-upload/toko2/jibbitz/JB-0000363.png
foto-upload/toko2/jibbitz/JB-0000364.png,https://ganci.whatslink.group/foto-upload/toko2/jibbitz/JB-0000364.png
foto-upload/toko2/jibbitz/JB-0000365.png,https://ganci.whatslink.group/foto-upload/toko2/jibbitz/JB-0000365.png
foto-upload/toko2/jibbitz/JB-0000366.png,https://ganci.whatslink.group/foto-upload/toko2/jibbitz/JB-0000366.png
foto-upload/toko2/jibbitz/JB-0000367.png,https://ganci.whatslink.group/foto-upload/toko2/jibbitz/JB-0000367.png
foto-upload/toko2/jibbitz/JB-0000368.png,https://ganci.whatslink.group/foto-upload/toko2/jibbitz/JB-0000368.png
foto-upload/toko2/jibbitz/JB-0000369.png,https://ganci.whatslink.group/foto-upload/toko2/jibbitz/JB-0000369.png
foto-upload/toko2/jibbitz/JB-0000370.png,https://ganci.whatslink.group/foto-upload/toko2/jibbitz/JB-0000370.png
foto-upload/toko2/jibbitz/JB-0000371.png,https://ganci.whatslink.group/foto-upload/toko2/jibbitz/JB-0000371.png
foto-upload/toko2/jibbitz/JB-0000372.png,https://ganci.whatslink.group/foto-upload/toko2/jibbitz/JB-0000372.png
foto-upload/toko2/jibbitz/JB-0000373.png,https://ganci.whatslink.group/foto-upload/toko2/jibbitz/JB-0000373.png
foto-upload/toko2/jibbitz/JB-0000374.png,https://ganci.whatslink.group/foto-upload/toko2/jibbitz/JB-0000374.png
foto-upload/toko2/jibbitz/JB-0000375.png,https://ganci.whatslink.group/foto-upload/toko2/jibbitz/JB-0000375.png
foto-upload/toko2/jibbitz/JB-0000376.png,https://ganci.whatslink.group/foto-upload/toko2/jibbitz/JB-0000376.png
foto-upload/toko2/jibbitz/JB-0000377.png,https://ganci.whatslink.group/foto-upload/toko2/jibbitz/JB-0000377.png
foto-upload/toko2/jibbitz/JB-0000378.png,https://ganci.whatslink.group/foto-upload/toko2/jibbitz/JB-0000378.png
foto-upload/toko2/jibbitz/JB-0000379.png,https://ganci.whatslink.group/foto-upload/toko2/jibbitz/JB-0000379.png
foto-upload/toko2/jibbitz/JB-0000380.png,https://ganci.whatslink.group/foto-upload/toko2/jibbitz/JB-0000380.png
foto-upload/toko2/jibbitz/JB-0000381.png,https://ganci.whatslink.group/foto-upload/toko2/jibbitz/JB-0000381.png
foto-upload/toko2/jibbitz/JB-0000382.png,https://ganci.whatslink.group/foto-upload/toko2/jibbitz/JB-0000382.png
foto-upload/toko2/jibbitz/JB-0000383.png,https://ganci.whatslink.group/foto-upload/toko2/jibbitz/JB-0000383.png
foto-upload/toko2/jibbitz/JB-0000384.png,https://ganci.whatslink.group/foto-upload/toko2/jibbitz/JB-0000384.png
foto-upload/toko2/jibbitz/JB-0000385.png,https://ganci.whatslink.group/foto-upload/toko2/jibbitz/JB-0000385.png
foto-upload/toko2/jibbitz/JB-0000386.png,https://ganci.whatslink.group/foto-upload/toko2/jibbitz/JB-0000386.png
foto-upload/toko2/jibbitz/JB-0000387.png,https://ganci.whatslink.group/foto-upload/toko2/jibbitz/JB-0000387.png
foto-upload/toko2/jibbitz/JB-0000388.png,https://ganci.whatslink.group/foto-upload/toko2/jibbitz/JB-0000388.png
foto-upload/toko2/jibbitz/JB-0000389.png,https://ganci.whatslink.group/foto-upload/toko2/jibbitz/JB-0000389.png
foto-upload/toko2/jibbitz/JB-0000390.png,https://ganci.whatslink.group/foto-upload/toko2/jibbitz/JB-0000390.png
foto-upload/toko2/jibbitz/JB-0000391.png,https://ganci.whatslink.group/foto-upload/toko2/jibbitz/JB-0000391.png
foto-upload/toko2/jibbitz/JB-0000392.png,https://ganci.whatslink.group/foto-upload/toko2/jibbitz/JB-0000392.png
foto-upload/toko2/jibbitz/JB-0000393.png,https://ganci.whatslink.group/foto-upload/toko2/jibbitz/JB-0000393.png
foto-upload/toko2/jibbitz/JB-0000394.png,https://ganci.whatslink.group/foto-upload/toko2/jibbitz/JB-0000394.png
foto-upload/toko2/jibbitz/JB-0000395.png,https://ganci.whatslink.group/foto-upload/toko2/jibbitz/JB-0000395.png
foto-upload/toko2/jibbitz/JB-0000396.png,https://ganci.whatslink.group/foto-upload/toko2/jibbitz/JB-0000396.png
foto-upload/toko2/jibbitz/JB-0000397.png,https://ganci.whatslink.group/foto-upload/toko2/jibbitz/JB-0000397.png
foto-upload/toko2/jibbitz/JB-0000398.png,https://ganci.whatslink.group/foto-upload/toko2/jibbitz/JB-0000398.png
foto-upload/toko2/jibbitz/JB-0000399.png,https://ganci.whatslink.group/foto-upload/toko2/jibbitz/JB-0000399.png
foto-upload/toko2/jibbitz/JB-0000400.png,https://ganci.whatslink.group/foto-upload/toko2/jibbitz/JB-0000400.png
foto-upload/toko2/jibbitz/JB-0000451.png,https://ganci.whatslink.group/foto-upload/toko2/jibbitz/JB-0000451.png
foto-upload/toko2/jibbitz/JB-0000452.png,https://ganci.whatslink.group/foto-upload/toko2/jibbitz/JB-0000452.png
foto-upload/toko2/jibbitz/JB-0000453.png,https://ganci.whatslink.group/foto-upload/toko2/jibbitz/JB-0000453.png
foto-upload/toko2/jibbitz/JB-0000454.png,https://ganci.whatslink.group/foto-upload/toko2/jibbitz/JB-0000454.png
foto-upload/toko2/jibbitz/JB-0000455.png,https://ganci.whatslink.group/foto-upload/toko2/jibbitz/JB-0000455.png
foto-upload/toko2/jibbitz/JB-0000456.png,https://ganci.whatslink.group/foto-upload/toko2/jibbitz/JB-0000456.png
foto-upload/toko2/jibbitz/JB-0000457.png,https://ganci.whatslink.group/foto-upload/toko2/jibbitz/JB-0000457.png
foto-upload/toko2/jibbitz/JB-0000458.png,https://ganci.whatslink.group/foto-upload/toko2/jibbitz/JB-0000458.png
foto-upload/toko2/jibbitz/JB-0000459.png,https://ganci.whatslink.group/foto-upload/toko2/jibbitz/JB-0000459.png
foto-upload/toko2/jibbitz/JB-0000460.png,https://ganci.whatslink.group/foto-upload/toko2/jibbitz/JB-0000460.png
foto-upload/toko2/jibbitz/JB-0000461.png,https://ganci.whatslink.group/foto-upload/toko2/jibbitz/JB-0000461.png
foto-upload/toko2/jibbitz/JB-0000462.png,https://ganci.whatslink.group/foto-upload/toko2/jibbitz/JB-0000462.png
foto-upload/toko2/jibbitz/JB-0000463.png,https://ganci.whatslink.group/foto-upload/toko2/jibbitz/JB-0000463.png
foto-upload/toko2/jibbitz/JB-0000464.png,https://ganci.whatslink.group/foto-upload/toko2/jibbitz/JB-0000464.png
foto-upload/toko2/jibbitz/JB-0000465.png,https://ganci.whatslink.group/foto-upload/toko2/jibbitz/JB-0000465.png
foto-upload/toko2/jibbitz/JB-0000466.png,https://ganci.whatslink.group/foto-upload/toko2/jibbitz/JB-0000466.png
foto-upload/toko2/jibbitz/JB-0000467.png,https://ganci.whatslink.group/foto-upload/toko2/jibbitz/JB-0000467.png
foto-upload/toko2/jibbitz/JB-0000468.png,https://ganci.whatslink.group/foto-upload/toko2/jibbitz/JB-0000468.png
foto-upload/toko2/jibbitz/JB-0000469.png,https://ganci.whatslink.group/foto-upload/toko2/jibbitz/JB-0000469.png
foto-upload/toko2/jibbitz/JB-0000470.png,https://ganci.whatslink.group/foto-upload/toko2/jibbitz/JB-0000470.png
foto-upload/toko2/jibbitz/JB-0000471.png,https://ganci.whatslink.group/foto-upload/toko2/jibbitz/JB-0000471.png
foto-upload/toko2/jibbitz/JB-0000472.png,https://ganci.whatslink.group/foto-upload/toko2/jibbitz/JB-0000472.png
foto-upload/toko2/jibbitz/JB-0000473.png,https://ganci.whatslink.group/foto-upload/toko2/jibbitz/JB-0000473.png
foto-upload/toko2/jibbitz/JB-0000474.png,https://ganci.whatslink.group/foto-upload/toko2/jibbitz/JB-0000474.png
foto-upload/toko2/jibbitz/JB-0000475.png,https://ganci.whatslink.group/foto-upload/toko2/jibbitz/JB-0000475.png
foto-upload/toko2/jibbitz/JB-0000476.png,https://ganci.whatslink.group/foto-upload/toko2/jibbitz/JB-0000476.png
foto-upload/toko2/jibbitz/JB-0000477.png,https://ganci.whatslink.group/foto-upload/toko2/jibbitz/JB-0000477.png
foto-upload/toko2/jibbitz/JB-0000478.png,https://ganci.whatslink.group/foto-upload/toko2/jibbitz/JB-0000478.png
foto-upload/toko2/jibbitz/JB-0000479.png,https://ganci.whatslink.group/foto-upload/toko2/jibbitz/JB-0000479.png
foto-upload/toko2/jibbitz/JB-0000480.png,https://ganci.whatslink.group/foto-upload/toko2/jibbitz/JB-0000480.png
foto-upload/toko2/jibbitz/JB-0000481.png,https://ganci.whatslink.group/foto-upload/toko2/jibbitz/JB-0000481.png
foto-upload/toko2/jibbitz/JB-0000482.png,https://ganci.whatslink.group/foto-upload/toko2/jibbitz/JB-0000482.png
foto-upload/toko2/jibbitz/JB-0000483.png,https://ganci.whatslink.group/foto-upload/toko2/jibbitz/JB-0000483.png
foto-upload/toko2/jibbitz/JB-0000484.png,https://ganci.whatslink.group/foto-upload/toko2/jibbitz/JB-0000484.png
foto-upload/toko2/jibbitz/JB-0000485.png,https://ganci.whatslink.group/foto-upload/toko2/jibbitz/JB-0000485.png
foto-upload/toko2/jibbitz/JB-0000486.png,https://ganci.whatslink.group/foto-upload/toko2/jibbitz/JB-0000486.png
foto-upload/toko2/jibbitz/JB-0000487.png,https://ganci.whatslink.group/foto-upload/toko2/jibbitz/JB-0000487.png
foto-upload/toko2/jibbitz/JB-0000488.png,https://ganci.whatslink.group/foto-upload/toko2/jibbitz/JB-0000488.png
foto-upload/toko2/jibbitz/JB-0000489.png,https://ganci.whatslink.group/foto-upload/toko2/jibbitz/JB-0000489.png
foto-upload/toko2/jibbitz/JB-0000490.png,https://ganci.whatslink.group/foto-upload/toko2/jibbitz/JB-0000490.png
foto-upload/toko2/jibbitz/JB-0000491.png,https://ganci.whatslink.group/foto-upload/toko2/jibbitz/JB-0000491.png
foto-upload/toko2/jibbitz/JB-0000492.png,https://ganci.whatslink.group/foto-upload/toko2/jibbitz/JB-0000492.png
foto-upload/toko2/jibbitz/JB-0000493.png,https://ganci.whatslink.group/foto-upload/toko2/jibbitz/JB-0000493.png
foto-upload/toko2/jibbitz/JB-0000494.png,https://ganci.whatslink.group/foto-upload/toko2/jibbitz/JB-0000494.png
foto-upload/toko2/jibbitz/JB-0000495.png,https://ganci.whatslink.group/foto-upload/toko2/jibbitz/JB-0000495.png
foto-upload/toko2/jibbitz/JB-0000496.png,https://ganci.whatslink.group/foto-upload/toko2/jibbitz/JB-0000496.png
foto-upload/toko2/jibbitz/JB-0000497.png,https://ganci.whatslink.group/foto-upload/toko2/jibbitz/JB-0000497.png
foto-upload/toko2/jibbitz/JB-0000498.png,https://ganci.whatslink.group/foto-upload/toko2/jibbitz/JB-0000498.png
foto-upload/toko2/jibbitz/JB-0000499.png,https://ganci.whatslink.group/foto-upload/toko2/jibbitz/JB-0000499.png
foto-upload/toko2/jibbitz/JB-0000500.png,https://ganci.whatslink.group/foto-upload/toko2/jibbitz/JB-0000500.png
foto-upload/toko2/jibbitz/JB-0000501.png,https://ganci.whatslink.group/foto-upload/toko2/jibbitz/JB-0000501.png
foto-upload/toko2/jibbitz/JB-0000502.png,https://ganci.whatslink.group/foto-upload/toko2/jibbitz/JB-0000502.png
foto-upload/toko2/jibbitz/JB-0000503.png,https://ganci.whatslink.group/foto-upload/toko2/jibbitz/JB-0000503.png
foto-upload/toko2/jibbitz/JB-0000504.png,https://ganci.whatslink.group/foto-upload/toko2/jibbitz/JB-0000504.png
foto-upload/toko2/jibbitz/JB-0000505.png,https://ganci.whatslink.group/foto-upload/toko2/jibbitz/JB-0000505.png
foto-upload/toko2/jibbitz/JB-0000506.png,https://ganci.whatslink.group/foto-upload/toko2/jibbitz/JB-0000506.png
foto-upload/toko2/jibbitz/JB-0000507.png,https://ganci.whatslink.group/foto-upload/toko2/jibbitz/JB-0000507.png
foto-upload/toko2/jibbitz/JB-0000508.png,https://ganci.whatslink.group/foto-upload/toko2/jibbitz/JB-0000508.png
foto-upload/toko2/jibbitz/JB-0000509.png,https://ganci.whatslink.group/foto-upload/toko2/jibbitz/JB-0000509.png
foto-upload/toko2/jibbitz/JB-0000510.png,https://ganci.whatslink.group/foto-upload/toko2/jibbitz/JB-0000510.png
foto-upload/toko2/jibbitz/JB-0000511.png,https://ganci.whatslink.group/foto-upload/toko2/jibbitz/JB-0000511.png
foto-upload/toko2/jibbitz/JB-0000512.png,https://ganci.whatslink.group/foto-upload/toko2/jibbitz/JB-0000512.png
foto-upload/toko2/jibbitz/JB-0000513.png,https://ganci.whatslink.group/foto-upload/toko2/jibbitz/JB-0000513.png
foto-upload/toko2/jibbitz/JB-0000514.png,https://ganci.whatslink.group/foto-upload/toko2/jibbitz/JB-0000514.png
foto-upload/toko2/jibbitz/JB-0000515.png,https://ganci.whatslink.group/foto-upload/toko2/jibbitz/JB-0000515.png
foto-upload/toko2/jibbitz/JB-0000516.png,https://ganci.whatslink.group/foto-upload/toko2/jibbitz/JB-0000516.png
foto-upload/toko2/jibbitz/JB-0000517.png,https://ganci.whatslink.group/foto-upload/toko2/jibbitz/JB-0000517.png
foto-upload/toko2/jibbitz/JB-0000518.png,https://ganci.whatslink.group/foto-upload/toko2/jibbitz/JB-0000518.png
foto-upload/toko2/jibbitz/JB-0000519.png,https://ganci.whatslink.group/foto-upload/toko2/jibbitz/JB-0000519.png
foto-upload/toko2/jibbitz/JB-0000520.png,https://ganci.whatslink.group/foto-upload/toko2/jibbitz/JB-0000520.png
foto-upload/toko2/jibbitz/JB-0000521.png,https://ganci.whatslink.group/foto-upload/toko2/jibbitz/JB-0000521.png
foto-upload/toko2/jibbitz/JB-0000522.png,https://ganci.whatslink.group/foto-upload/toko2/jibbitz/JB-0000522.png
foto-upload/toko2/jibbitz/JB-0000523.png,https://ganci.whatslink.group/foto-upload/toko2/jibbitz/JB-0000523.png
foto-upload/toko2/jibbitz/JB-0000524.png,https://ganci.whatslink.group/foto-upload/toko2/jibbitz/JB-0000524.png
foto-upload/toko2/jibbitz/JB-0000525.png,https://ganci.whatslink.group/foto-upload/toko2/jibbitz/JB-0000525.png
foto-upload/toko2/jibbitz/JB-0000526.png,https://ganci.whatslink.group/foto-upload/toko2/jibbitz/JB-0000526.png
foto-upload/toko2/jibbitz/JB-0000527.png,https://ganci.whatslink.group/foto-upload/toko2/jibbitz/JB-0000527.png
foto-upload/toko2/jibbitz/JB-0000528.png,https://ganci.whatslink.group/foto-upload/toko2/jibbitz/JB-0000528.png
foto-upload/toko2/jibbitz/JB-0000529.png,https://ganci.whatslink.group/foto-upload/toko2/jibbitz/JB-0000529.png
foto-upload/toko2/jibbitz/JB-0000530.png,https://ganci.whatslink.group/foto-upload/toko2/jibbitz/JB-0000530.png
foto-upload/toko2/jibbitz/JB-0000531.png,https://ganci.whatslink.group/foto-upload/toko2/jibbitz/JB-0000531.png
foto-upload/toko2/jibbitz/JB-0000532.png,https://ganci.whatslink.group/foto-upload/toko2/jibbitz/JB-0000532.png
foto-upload/toko2/jibbitz/JB-0000533.png,https://ganci.whatslink.group/foto-upload/toko2/jibbitz/JB-0000533.png
foto-upload/toko2/jibbitz/JB-0000534.png,https://ganci.whatslink.group/foto-upload/toko2/jibbitz/JB-0000534.png
foto-upload/toko2/jibbitz/JB-0000535.png,https://ganci.whatslink.group/foto-upload/toko2/jibbitz/JB-0000535.png
foto-upload/toko2/jibbitz/JB-0000536.png,https://ganci.whatslink.group/foto-upload/toko2/jibbitz/JB-0000536.png
foto-upload/toko2/jibbitz/JB-0000537.png,https://ganci.whatslink.group/foto-upload/toko2/jibbitz/JB-0000537.png
foto-upload/toko2/jibbitz/JB-0000538.png,https://ganci.whatslink.group/foto-upload/toko2/jibbitz/JB-0000538.png
foto-upload/toko2/jibbitz/JB-0000539.png,https://ganci.whatslink.group/foto-upload/toko2/jibbitz/JB-0000539.png
foto-upload/toko2/jibbitz/JB-0000540.png,https://ganci.whatslink.group/foto-upload/toko2/jibbitz/JB-0000540.png
foto-upload/toko2/jibbitz/JB-0000541.png,https://ganci.whatslink.group/foto-upload/toko2/jibbitz/JB-0000541.png
foto-upload/toko2/jibbitz/JB-0000542.png,https://ganci.whatslink.group/foto-upload/toko2/jibbitz/JB-0000542.png
foto-upload/toko2/jibbitz/JB-0000543.png,https://ganci.whatslink.group/foto-upload/toko2/jibbitz/JB-0000543.png
foto-upload/toko2/jibbitz/JB-0000544.png,https://ganci.whatslink.group/foto-upload/toko2/jibbitz/JB-0000544.png
foto-upload/toko2/jibbitz/JB-0000545.png,https://ganci.whatslink.group/foto-upload/toko2/jibbitz/JB-0000545.png
foto-upload/toko2/jibbitz/JB-0000546.png,https://ganci.whatslink.group/foto-upload/toko2/jibbitz/JB-0000546.png
foto-upload/toko2/jibbitz/JB-0000547.png,https://ganci.whatslink.group/foto-upload/toko2/jibbitz/JB-0000547.png
foto-upload/toko2/jibbitz/JB-0000548.png,https://ganci.whatslink.group/foto-upload/toko2/jibbitz/JB-0000548.png
foto-upload/toko2/jibbitz/JB-0000549.png,https://ganci.whatslink.group/foto-upload/toko2/jibbitz/JB-0000549.png
foto-upload/toko2/jibbitz/JB-0000550.png,https://ganci.whatslink.group/foto-upload/toko2/jibbitz/JB-0000550.png
foto-upload/toko2/jibbitz/JB-0000551.png,https://ganci.whatslink.group/foto-upload/toko2/jibbitz/JB-0000551.png
foto-upload/toko2/jibbitz/JB-0000552.png,https://ganci.whatslink.group/foto-upload/toko2/jibbitz/JB-0000552.png
foto-upload/toko2/jibbitz/JB-0000553.png,https://ganci.whatslink.group/foto-upload/toko2/jibbitz/JB-0000553.png
foto-upload/toko2/jibbitz/JB-0000554.png,https://ganci.whatslink.group/foto-upload/toko2/jibbitz/JB-0000554.png
foto-upload/toko2/jibbitz/JB-0000555.png,https://ganci.whatslink.group/foto-upload/toko2/jibbitz/JB-0000555.png
foto-upload/toko2/jibbitz/JB-0000556.png,https://ganci.whatslink.group/foto-upload/toko2/jibbitz/JB-0000556.png
foto-upload/toko2/jibbitz/JB-0000557.png,https://ganci.whatslink.group/foto-upload/toko2/jibbitz/JB-0000557.png
foto-upload/toko2/jibbitz/JB-0000558.png,https://ganci.whatslink.group/foto-upload/toko2/jibbitz/JB-0000558.png
foto-upload/toko2/jibbitz/JB-0000559.png,https://ganci.whatslink.group/foto-upload/toko2/jibbitz/JB-0000559.png
foto-upload/toko2/jibbitz/JB-0000560.png,https://ganci.whatslink.group/foto-upload/toko2/jibbitz/JB-0000560.png
foto-upload/toko2/jibbitz/JB-0000561.png,https://ganci.whatslink.group/foto-upload/toko2/jibbitz/JB-0000561.png
foto-upload/toko2/jibbitz/JB-0000562.png,https://ganci.whatslink.group/foto-upload/toko2/jibbitz/JB-0000562.png
foto-upload/toko2/jibbitz/JB-0000563.png,https://ganci.whatslink.group/foto-upload/toko2/jibbitz/JB-0000563.png
foto-upload/toko2/jibbitz/JB-0000564.png,https://ganci.whatslink.group/foto-upload/toko2/jibbitz/JB-0000564.png
foto-upload/toko2/jibbitz/JB-0000565.png,https://ganci.whatslink.group/foto-upload/toko2/jibbitz/JB-0000565.png
foto-upload/toko2/jibbitz/JB-0000566.png,https://ganci.whatslink.group/foto-upload/toko2/jibbitz/JB-0000566.png
foto-upload/toko2/jibbitz/JB-0000567.png,https://ganci.whatslink.group/foto-upload/toko2/jibbitz/JB-0000567.png
foto-upload/toko2/jibbitz/JB-0000568.png,https://ganci.whatslink.group/foto-upload/toko2/jibbitz/JB-0000568.png
foto-upload/toko2/jibbitz/JB-0000569.png,https://ganci.whatslink.group/foto-upload/toko2/jibbitz/JB-0000569.png
foto-upload/toko2/jibbitz/JB-0000570.png,https://ganci.whatslink.group/foto-upload/toko2/jibbitz/JB-0000570.png
foto-upload/toko2/jibbitz/JB-0000571.png,https://ganci.whatslink.group/foto-upload/toko2/jibbitz/JB-0000571.png
foto-upload/toko2/jibbitz/JB-0000572.png,https://ganci.whatslink.group/foto-upload/toko2/jibbitz/JB-0000572.png
foto-upload/toko2/jibbitz/JB-0000573.png,https://ganci.whatslink.group/foto-upload/toko2/jibbitz/JB-0000573.png
foto-upload/toko2/jibbitz/JB-0000574.png,https://ganci.whatslink.group/foto-upload/toko2/jibbitz/JB-0000574.png
foto-upload/toko2/jibbitz/JB-0000575.png,https://ganci.whatslink.group/foto-upload/toko2/jibbitz/JB-0000575.png
foto-upload/toko2/jibbitz/JB-0000576.png,https://ganci.whatslink.group/foto-upload/toko2/jibbitz/JB-0000576.png
foto-upload/toko2/jibbitz/JB-0000577.png,https://ganci.whatslink.group/foto-upload/toko2/jibbitz/JB-0000577.png
foto-upload/toko2/jibbitz/JB-0000578.png,https://ganci.whatslink.group/foto-upload/toko2/jibbitz/JB-0000578.png
foto-upload/toko2/jibbitz/JB-0000579.png,https://ganci.whatslink.group/foto-upload/toko2/jibbitz/JB-0000579.png
foto-upload/toko2/jibbitz/JB-0000580.png,https://ganci.whatslink.group/foto-upload/toko2/jibbitz/JB-0000580.png
foto-upload/toko2/jibbitz/JB-0000581.png,https://ganci.whatslink.group/foto-upload/toko2/jibbitz/JB-0000581.png
foto-upload/toko2/jibbitz/JB-0000582.png,https://ganci.whatslink.group/foto-upload/toko2/jibbitz/JB-0000582.png
foto-upload/toko2/jibbitz/JB-0000583.png,https://ganci.whatslink.group/foto-upload/toko2/jibbitz/JB-0000583.png
foto-upload/toko2/jibbitz/JB-0000584.png,https://ganci.whatslink.group/foto-upload/toko2/jibbitz/JB-0000584.png
foto-upload/toko2/jibbitz/JB-0000585.png,https://ganci.whatslink.group/foto-upload/toko2/jibbitz/JB-0000585.png
foto-upload/toko2/jibbitz/JB-0000586.png,https://ganci.whatslink.group/foto-upload/toko2/jibbitz/JB-0000586.png
foto-upload/toko2/jibbitz/JB-0000587.png,https://ganci.whatslink.group/foto-upload/toko2/jibbitz/JB-0000587.png
foto-upload/toko2/jibbitz/JB-0000588.png,https://ganci.whatslink.group/foto-upload/toko2/jibbitz/JB-0000588.png
foto-upload/toko2/jibbitz/JB-0000589.png,https://ganci.whatslink.group/foto-upload/toko2/jibbitz/JB-0000589.png
foto-upload/toko2/jibbitz/JB-0000590.png,https://ganci.whatslink.group/foto-upload/toko2/jibbitz/JB-0000590.png
foto-upload/toko2/jibbitz/JB-0000591.png,https://ganci.whatslink.group/foto-upload/toko2/jibbitz/JB-0000591.png
foto-upload/toko2/jibbitz/JB-0000592.png,https://ganci.whatslink.group/foto-upload/toko2/jibbitz/JB-0000592.png
foto-upload/toko2/jibbitz/JB-0000593.png,https://ganci.whatslink.group/foto-upload/toko2/jibbitz/JB-0000593.png
foto-upload/toko2/jibbitz/JB-0000594.png,https://ganci.whatslink.group/foto-upload/toko2/jibbitz/JB-0000594.png
foto-upload/toko2/jibbitz/JB-0000595.png,https://ganci.whatslink.group/foto-upload/toko2/jibbitz/JB-0000595.png
foto-upload/toko2/jibbitz/JB-0000596.png,https://ganci.whatslink.group/foto-upload/toko2/jibbitz/JB-0000596.png
foto-upload/toko2/jibbitz/JB-0000597.png,https://ganci.whatslink.group/foto-upload/toko2/jibbitz/JB-0000597.png
foto-upload/toko2/jibbitz/JB-0000598.png,https://ganci.whatslink.group/foto-upload/toko2/jibbitz/JB-0000598.png
foto-upload/toko2/jibbitz/JB-0000599.png,https://ganci.whatslink.group/foto-upload/toko2/jibbitz/JB-0000599.png
foto-upload/toko2/jibbitz/JB-0000600.png,https://ganci.whatslink.group/foto-upload/toko2/jibbitz/JB-0000600.png
foto-upload/toko2/jibbitz/JB-0000601.png,https://ganci.whatslink.group/foto-upload/toko2/jibbitz/JB-0000601.png
foto-upload/toko2/jibbitz/JB-0000602.png,https://ganci.whatslink.group/foto-upload/toko2/jibbitz/JB-0000602.png
foto-upload/toko2/jibbitz/JB-0000603.png,https://ganci.whatslink.group/foto-upload/toko2/jibbitz/JB-0000603.png
foto-upload/toko2/jibbitz/JB-0000604.png,https://ganci.whatslink.group/foto-upload/toko2/jibbitz/JB-0000604.png
foto-upload/toko2/jibbitz/JB-0000605.png,https://ganci.whatslink.group/foto-upload/toko2/jibbitz/JB-0000605.png
foto-upload/toko2/jibbitz/JB-0000606.png,https://ganci.whatslink.group/foto-upload/toko2/jibbitz/JB-0000606.png
foto-upload/toko2/jibbitz/JB-0000607.png,https://ganci.whatslink.group/foto-upload/toko2/jibbitz/JB-0000607.png
foto-upload/toko2/jibbitz/JB-0000608.png,https://ganci.whatslink.group/foto-upload/toko2/jibbitz/JB-0000608.png
foto-upload/toko2/jibbitz/JB-0000609.png,https://ganci.whatslink.group/foto-upload/toko2/jibbitz/JB-0000609.png
foto-upload/toko2/jibbitz/JB-0000610.png,https://ganci.whatslink.group/foto-upload/toko2/jibbitz/JB-0000610.png
foto-upload/toko2/jibbitz/JB-0000611.png,https://ganci.whatslink.group/foto-upload/toko2/jibbitz/JB-0000611.png
foto-upload/toko2/jibbitz/JB-0000612.png,https://ganci.whatslink.group/foto-upload/toko2/jibbitz/JB-0000612.png
foto-upload/toko2/jibbitz/JB-0000613.png,https://ganci.whatslink.group/foto-upload/toko2/jibbitz/JB-0000613.png
foto-upload/toko2/jibbitz/JB-0000614.png,https://ganci.whatslink.group/foto-upload/toko2/jibbitz/JB-0000614.png
foto-upload/toko2/jibbitz/JB-0000615.png,https://ganci.whatslink.group/foto-upload/toko2/jibbitz/JB-0000615.png
foto-upload/toko2/jibbitz/JB-0000616.png,https://ganci.whatslink.group/foto-upload/toko2/jibbitz/JB-0000616.png
foto-upload/toko2/jibbitz/JB-0000617.png,https://ganci.whatslink.group/foto-upload/toko2/jibbitz/JB-0000617.png
foto-upload/toko2/jibbitz/JB-0000618.png,https://ganci.whatslink.group/foto-upload/toko2/jibbitz/JB-0000618.png
foto-upload/toko2/jibbitz/JB-0000619.png,https://ganci.whatslink.group/foto-upload/toko2/jibbitz/JB-0000619.png
foto-upload/toko2/jibbitz/JB-0000620.png,https://ganci.whatslink.group/foto-upload/toko2/jibbitz/JB-0000620.png
foto-upload/toko2/jibbitz/JB-0000621.png,https://ganci.whatslink.group/foto-upload/toko2/jibbitz/JB-0000621.png
foto-upload/toko2/jibbitz/JB-0000622.png,https://ganci.whatslink.group/foto-upload/toko2/jibbitz/JB-0000622.png
foto-upload/toko2/jibbitz/JB-0000623.png,https://ganci.whatslink.group/foto-upload/toko2/jibbitz/JB-0000623.png
foto-upload/toko2/jibbitz/JB-0000624.png,https://ganci.whatslink.group/foto-upload/toko2/jibbitz/JB-0000624.png
foto-upload/toko2/jibbitz/JB-0000625.png,https://ganci.whatslink.group/foto-upload/toko2/jibbitz/JB-0000625.png
foto-upload/toko2/jibbitz/JB-0000626.png,https://ganci.whatslink.group/foto-upload/toko2/jibbitz/JB-0000626.png
foto-upload/toko2/jibbitz/JB-0000627.png,https://ganci.whatslink.group/foto-upload/toko2/jibbitz/JB-0000627.png
foto-upload/toko2/jibbitz/JB-0000628.png,https://ganci.whatslink.group/foto-upload/toko2/jibbitz/JB-0000628.png
foto-upload/toko2/jibbitz/JB-0000629.png,https://ganci.whatslink.group/foto-upload/toko2/jibbitz/JB-0000629.png
foto-upload/toko2/jibbitz/JB-0000630.png,https://ganci.whatslink.group/foto-upload/toko2/jibbitz/JB-0000630.png
foto-upload/toko2/jibbitz/JB-0000631.png,https://ganci.whatslink.group/foto-upload/toko2/jibbitz/JB-0000631.png
foto-upload/toko2/jibbitz/JB-0000632.png,https://ganci.whatslink.group/foto-upload/toko2/jibbitz/JB-0000632.png
foto-upload/toko2/jibbitz/JB-0000633.png,https://ganci.whatslink.group/foto-upload/toko2/jibbitz/JB-0000633.png
foto-upload/toko2/jibbitz/JB-0000634.png,https://ganci.whatslink.group/foto-upload/toko2/jibbitz/JB-0000634.png
foto-upload/toko2/jibbitz/JB-0000635.png,https://ganci.whatslink.group/foto-upload/toko2/jibbitz/JB-0000635.png
foto-upload/toko2/jibbitz/JB-0000636.png,https://ganci.whatslink.group/foto-upload/toko2/jibbitz/JB-0000636.png
foto-upload/toko2/jibbitz/JB-0000637.png,https://ganci.whatslink.group/foto-upload/toko2/jibbitz/JB-0000637.png
foto-upload/toko2/jibbitz/JB-0000638.png,https://ganci.whatslink.group/foto-upload/toko2/jibbitz/JB-0000638.png
foto-upload/toko2/jibbitz/JB-0000639.png,https://ganci.whatslink.group/foto-upload/toko2/jibbitz/JB-0000639.png
foto-upload/toko2/jibbitz/JB-0000640.png,https://ganci.whatslink.group/foto-upload/toko2/jibbitz/JB-0000640.png
foto-upload/toko2/jibbitz/JB-0000641.png,https://ganci.whatslink.group/foto-upload/toko2/jibbitz/JB-0000641.png
foto-upload/toko2/jibbitz/JB-0000642.png,https://ganci.whatslink.group/foto-upload/toko2/jibbitz/JB-0000642.png
foto-upload/toko2/jibbitz/JB-0000643.png,https://ganci.whatslink.group/foto-upload/toko2/jibbitz/JB-0000643.png
foto-upload/toko2/jibbitz/JB-0000644.png,https://ganci.whatslink.group/foto-upload/toko2/jibbitz/JB-0000644.png
foto-upload/toko2/jibbitz/JB-0000645.png,https://ganci.whatslink.group/foto-upload/toko2/jibbitz/JB-0000645.png
foto-upload/toko2/jibbitz/JB-0000646.png,https://ganci.whatslink.group/foto-upload/toko2/jibbitz/JB-0000646.png
foto-upload/toko2/jibbitz/JB-0000647.png,https://ganci.whatslink.group/foto-upload/toko2/jibbitz/JB-0000647.png
foto-upload/toko2/jibbitz/JB-0000648.png,https://ganci.whatslink.group/foto-upload/toko2/jibbitz/JB-0000648.png
foto-upload/toko2/jibbitz/JB-0000649.png,https://ganci.whatslink.group/foto-upload/toko2/jibbitz/JB-0000649.png
foto-upload/toko2/jibbitz/JB-0000650.png,https://ganci.whatslink.group/foto-upload/toko2/jibbitz/JB-0000650.png
foto-upload/toko2/jibbitz/JB-0000751.png,https://ganci.whatslink.group/foto-upload/toko2/jibbitz/JB-0000751.png
foto-upload/toko2/jibbitz/JB-0000752.png,https://ganci.whatslink.group/foto-upload/toko2/jibbitz/JB-0000752.png
foto-upload/toko2/jibbitz/JB-0000753.png,https://ganci.whatslink.group/foto-upload/toko2/jibbitz/JB-0000753.png
foto-upload/toko2/jibbitz/JB-0000754.png,https://ganci.whatslink.group/foto-upload/toko2/jibbitz/JB-0000754.png
foto-upload/toko2/jibbitz/JB-0000755.png,https://ganci.whatslink.group/foto-upload/toko2/jibbitz/JB-0000755.png
foto-upload/toko2/jibbitz/JB-0000756.png,https://ganci.whatslink.group/foto-upload/toko2/jibbitz/JB-0000756.png
foto-upload/toko2/jibbitz/JB-0000757.png,https://ganci.whatslink.group/foto-upload/toko2/jibbitz/JB-0000757.png
foto-upload/toko2/jibbitz/JB-0000758.png,https://ganci.whatslink.group/foto-upload/toko2/jibbitz/JB-0000758.png
foto-upload/toko2/jibbitz/JB-0000759.png,https://ganci.whatslink.group/foto-upload/toko2/jibbitz/JB-0000759.png
foto-upload/toko2/jibbitz/JB-0000760.png,https://ganci.whatslink.group/foto-upload/toko2/jibbitz/JB-0000760.png
foto-upload/toko2/jibbitz/JB-0000761.png,https://ganci.whatslink.group/foto-upload/toko2/jibbitz/JB-0000761.png
foto-upload/toko2/jibbitz/JB-0000762.png,https://ganci.whatslink.group/foto-upload/toko2/jibbitz/JB-0000762.png
foto-upload/toko2/jibbitz/JB-0000763.png,https://ganci.whatslink.group/foto-upload/toko2/jibbitz/JB-0000763.png
foto-upload/toko2/jibbitz/JB-0000764.png,https://ganci.whatslink.group/foto-upload/toko2/jibbitz/JB-0000764.png
foto-upload/toko2/jibbitz/JB-0000765.png,https://ganci.whatslink.group/foto-upload/toko2/jibbitz/JB-0000765.png
foto-upload/toko2/jibbitz/JB-0000766.png,https://ganci.whatslink.group/foto-upload/toko2/jibbitz/JB-0000766.png
foto-upload/toko2/jibbitz/JB-0000767.png,https://ganci.whatslink.group/foto-upload/toko2/jibbitz/JB-0000767.png
foto-upload/toko2/jibbitz/JB-0000768.png,https://ganci.whatslink.group/foto-upload/toko2/jibbitz/JB-0000768.png
foto-upload/toko2/jibbitz/JB-0000769.png,https://ganci.whatslink.group/foto-upload/toko2/jibbitz/JB-0000769.png
foto-upload/toko2/jibbitz/JB-0000770.png,https://ganci.whatslink.group/foto-upload/toko2/jibbitz/JB-0000770.png
foto-upload/toko2/jibbitz/JB-0000771.png,https://ganci.whatslink.group/foto-upload/toko2/jibbitz/JB-0000771.png
foto-upload/toko2/jibbitz/JB-0000772.png,https://ganci.whatslink.group/foto-upload/toko2/jibbitz/JB-0000772.png
foto-upload/toko2/jibbitz/JB-0000773.png,https://ganci.whatslink.group/foto-upload/toko2/jibbitz/JB-0000773.png
foto-upload/toko2/jibbitz/JB-0000774.png,https://ganci.whatslink.group/foto-upload/toko2/jibbitz/JB-0000774.png
foto-upload/toko2/jibbitz/JB-0000775.png,https://ganci.whatslink.group/foto-upload/toko2/jibbitz/JB-0000775.png
foto-upload/toko2/jibbitz/JB-0000776.png,https://ganci.whatslink.group/foto-upload/toko2/jibbitz/JB-0000776.png
foto-upload/toko2/jibbitz/JB-0000777.png,https://ganci.whatslink.group/foto-upload/toko2/jibbitz/JB-0000777.png
foto-upload/toko2/jibbitz/JB-0000778.png,https://ganci.whatslink.group/foto-upload/toko2/jibbitz/JB-0000778.png
foto-upload/toko2/jibbitz/JB-0000779.png,https://ganci.whatslink.group/foto-upload/toko2/jibbitz/JB-0000779.png
foto-upload/toko2/jibbitz/JB-0000780.png,https://ganci.whatslink.group/foto-upload/toko2/jibbitz/JB-0000780.png
foto-upload/toko2/jibbitz/JB-0000781.png,https://ganci.whatslink.group/foto-upload/toko2/jibbitz/JB-0000781.png
foto-upload/toko2/jibbitz/JB-0000782.png,https://ganci.whatslink.group/foto-upload/toko2/jibbitz/JB-0000782.png
foto-upload/toko2/jibbitz/JB-0000783.png,https://ganci.whatslink.group/foto-upload/toko2/jibbitz/JB-0000783.png
foto-upload/toko2/jibbitz/JB-0000784.png,https://ganci.whatslink.group/foto-upload/toko2/jibbitz/JB-0000784.png
foto-upload/toko2/jibbitz/JB-0000785.png,https://ganci.whatslink.group/foto-upload/toko2/jibbitz/JB-0000785.png
foto-upload/toko2/jibbitz/JB-0000786.png,https://ganci.whatslink.group/foto-upload/toko2/jibbitz/JB-0000786.png
foto-upload/toko2/jibbitz/JB-0000787.png,https://ganci.whatslink.group/foto-upload/toko2/jibbitz/JB-0000787.png
foto-upload/toko2/jibbitz/JB-0000788.png,https://ganci.whatslink.group/foto-upload/toko2/jibbitz/JB-0000788.png
foto-upload/toko2/jibbitz/JB-0000789.png,https://ganci.whatslink.group/foto-upload/toko2/jibbitz/JB-0000789.png
foto-upload/toko2/jibbitz/JB-0000790.png,https://ganci.whatslink.group/foto-upload/toko2/jibbitz/JB-0000790.png
foto-upload/toko2/jibbitz/JB-0000791.png,https://ganci.whatslink.group/foto-upload/toko2/jibbitz/JB-0000791.png
foto-upload/toko2/jibbitz/JB-0000792.png,https://ganci.whatslink.group/foto-upload/toko2/jibbitz/JB-0000792.png
foto-upload/toko2/jibbitz/JB-0000793.png,https://ganci.whatslink.group/foto-upload/toko2/jibbitz/JB-0000793.png
foto-upload/toko2/jibbitz/JB-0000794.png,https://ganci.whatslink.group/foto-upload/toko2/jibbitz/JB-0000794.png
foto-upload/toko2/jibbitz/JB-0000795.png,https://ganci.whatslink.group/foto-upload/toko2/jibbitz/JB-0000795.png
foto-upload/toko2/jibbitz/JB-0000796.png,https://ganci.whatslink.group/foto-upload/toko2/jibbitz/JB-0000796.png
foto-upload/toko2/jibbitz/JB-0000797.png,https://ganci.whatslink.group/foto-upload/toko2/jibbitz/JB-0000797.png
foto-upload/toko2/jibbitz/JB-0000798.png,https://ganci.whatslink.group/foto-upload/toko2/jibbitz/JB-0000798.png
foto-upload/toko2/jibbitz/JB-0000799.png,https://ganci.whatslink.group/foto-upload/toko2/jibbitz/JB-0000799.png
foto-upload/toko2/jibbitz/JB-0000800.png,https://ganci.whatslink.group/foto-upload/toko2/jibbitz/JB-0000800.png
foto-upload/toko2/jibbitz/JB-BAVERAGECOFFEE-utama1.png,https://ganci.whatslink.group/foto-upload/toko2/jibbitz/JB-BAVERAGECOFFEE-utama1.png
foto-upload/toko2/jibbitz/JB-BAVERAGECOFFEE-utama2.png,https://ganci.whatslink.group/foto-upload/toko2/jibbitz/JB-BAVERAGECOFFEE-utama2.png
foto-upload/toko2/jibbitz/JB-BAVERAGECOFFEE-utama3.png,https://ganci.whatslink.group/foto-upload/toko2/jibbitz/JB-BAVERAGECOFFEE-utama3.png
foto-upload/toko2/jibbitz/JB-BLACKPINK-utama1.png,https://ganci.whatslink.group/foto-upload/toko2/jibbitz/JB-BLACKPINK-utama1.png
foto-upload/toko2/jibbitz/JB-BLACKPINK-utama2.png,https://ganci.whatslink.group/foto-upload/toko2/jibbitz/JB-BLACKPINK-utama2.png
foto-upload/toko2/jibbitz/JB-BLACKPINK-utama3.png,https://ganci.whatslink.group/foto-upload/toko2/jibbitz/JB-BLACKPINK-utama3.png
foto-upload/toko2/jibbitz/JB-BTS-utama1.png,https://ganci.whatslink.group/foto-upload/toko2/jibbitz/JB-BTS-utama1.png
foto-upload/toko2/jibbitz/JB-BTS-utama2.png,https://ganci.whatslink.group/foto-upload/toko2/jibbitz/JB-BTS-utama2.png
foto-upload/toko2/jibbitz/JB-BTS-utama3.png,https://ganci.whatslink.group/foto-upload/toko2/jibbitz/JB-BTS-utama3.png
foto-upload/toko2/jibbitz/JB-CORTIS-utama1.png,https://ganci.whatslink.group/foto-upload/toko2/jibbitz/JB-CORTIS-utama1.png
foto-upload/toko2/jibbitz/JB-CORTIS-utama2.png,https://ganci.whatslink.group/foto-upload/toko2/jibbitz/JB-CORTIS-utama2.png
foto-upload/toko2/jibbitz/JB-CORTIS-utama3.png,https://ganci.whatslink.group/foto-upload/toko2/jibbitz/JB-CORTIS-utama3.png
foto-upload/toko2/jibbitz/JB-F1RACE-utama1.png,https://ganci.whatslink.group/foto-upload/toko2/jibbitz/JB-F1RACE-utama1.png
foto-upload/toko2/jibbitz/JB-F1RACE-utama2.png,https://ganci.whatslink.group/foto-upload/toko2/jibbitz/JB-F1RACE-utama2.png
foto-upload/toko2/jibbitz/JB-F1RACE-utama3.png,https://ganci.whatslink.group/foto-upload/toko2/jibbitz/JB-F1RACE-utama3.png
foto-upload/toko2/jibbitz/JB-HARRYPOTTER-utama1.png,https://ganci.whatslink.group/foto-upload/toko2/jibbitz/JB-HARRYPOTTER-utama1.png
foto-upload/toko2/jibbitz/JB-HARRYPOTTER-utama2.png,https://ganci.whatslink.group/foto-upload/toko2/jibbitz/JB-HARRYPOTTER-utama2.png
foto-upload/toko2/jibbitz/JB-HARRYPOTTER-utama3.png,https://ganci.whatslink.group/foto-upload/toko2/jibbitz/JB-HARRYPOTTER-utama3.png
foto-upload/toko2/jibbitz/JB-HEARTS2HEARTS-utama2.png,https://ganci.whatslink.group/foto-upload/toko2/jibbitz/JB-HEARTS2HEARTS-utama2.png
foto-upload/toko2/jibbitz/JB-HEARTS2HEARTS-utama3.png,https://ganci.whatslink.group/foto-upload/toko2/jibbitz/JB-HEARTS2HEARTS-utama3.png
foto-upload/toko2/jibbitz/JB-LANY-utama1.png,https://ganci.whatslink.group/foto-upload/toko2/jibbitz/JB-LANY-utama1.png
foto-upload/toko2/jibbitz/JB-LANY-utama2.png,https://ganci.whatslink.group/foto-upload/toko2/jibbitz/JB-LANY-utama2.png
foto-upload/toko2/jibbitz/JB-LANY-utama3.png,https://ganci.whatslink.group/foto-upload/toko2/jibbitz/JB-LANY-utama3.png
foto-upload/toko2/jibbitz/JB-LIVERPOOL-utama1.png,https://ganci.whatslink.group/foto-upload/toko2/jibbitz/JB-LIVERPOOL-utama1.png
foto-upload/toko2/jibbitz/JB-LIVERPOOL-utama2.png,https://ganci.whatslink.group/foto-upload/toko2/jibbitz/JB-LIVERPOOL-utama2.png
foto-upload/toko2/jibbitz/JB-MATCHA-utama1.png,https://ganci.whatslink.group/foto-upload/toko2/jibbitz/JB-MATCHA-utama1.png
foto-upload/toko2/jibbitz/JB-MATCHA-utama2.png,https://ganci.whatslink.group/foto-upload/toko2/jibbitz/JB-MATCHA-utama2.png
foto-upload/toko2/jibbitz/JB-MATCHA-utama3.png,https://ganci.whatslink.group/foto-upload/toko2/jibbitz/JB-MATCHA-utama3.png
foto-upload/toko2/jibbitz/JB-MINECRAFT-utama1.png,https://ganci.whatslink.group/foto-upload/toko2/jibbitz/JB-MINECRAFT-utama1.png
foto-upload/toko2/jibbitz/JB-MINECRAFT-utama2.png,https://ganci.whatslink.group/foto-upload/toko2/jibbitz/JB-MINECRAFT-utama2.png
foto-upload/toko2/jibbitz/JB-MINECRAFT-utama3.png,https://ganci.whatslink.group/foto-upload/toko2/jibbitz/JB-MINECRAFT-utama3.png
foto-upload/toko2/pin-akrilik/PA-0000151.png,https://ganci.whatslink.group/foto-upload/toko2/pin-akrilik/PA-0000151.png
foto-upload/toko2/pin-akrilik/PA-0000152.png,https://ganci.whatslink.group/foto-upload/toko2/pin-akrilik/PA-0000152.png
foto-upload/toko2/pin-akrilik/PA-0000153.png,https://ganci.whatslink.group/foto-upload/toko2/pin-akrilik/PA-0000153.png
foto-upload/toko2/pin-akrilik/PA-0000154.png,https://ganci.whatslink.group/foto-upload/toko2/pin-akrilik/PA-0000154.png
foto-upload/toko2/pin-akrilik/PA-0000155.png,https://ganci.whatslink.group/foto-upload/toko2/pin-akrilik/PA-0000155.png
foto-upload/toko2/pin-akrilik/PA-0000156.png,https://ganci.whatslink.group/foto-upload/toko2/pin-akrilik/PA-0000156.png
foto-upload/toko2/pin-akrilik/PA-0000157.png,https://ganci.whatslink.group/foto-upload/toko2/pin-akrilik/PA-0000157.png
foto-upload/toko2/pin-akrilik/PA-0000158.png,https://ganci.whatslink.group/foto-upload/toko2/pin-akrilik/PA-0000158.png
foto-upload/toko2/pin-akrilik/PA-0000159.png,https://ganci.whatslink.group/foto-upload/toko2/pin-akrilik/PA-0000159.png
foto-upload/toko2/pin-akrilik/PA-0000160.png,https://ganci.whatslink.group/foto-upload/toko2/pin-akrilik/PA-0000160.png
foto-upload/toko2/pin-akrilik/PA-0000161.png,https://ganci.whatslink.group/foto-upload/toko2/pin-akrilik/PA-0000161.png
foto-upload/toko2/pin-akrilik/PA-0000162.png,https://ganci.whatslink.group/foto-upload/toko2/pin-akrilik/PA-0000162.png
foto-upload/toko2/pin-akrilik/PA-0000163.png,https://ganci.whatslink.group/foto-upload/toko2/pin-akrilik/PA-0000163.png
foto-upload/toko2/pin-akrilik/PA-0000164.png,https://ganci.whatslink.group/foto-upload/toko2/pin-akrilik/PA-0000164.png
foto-upload/toko2/pin-akrilik/PA-0000165.png,https://ganci.whatslink.group/foto-upload/toko2/pin-akrilik/PA-0000165.png
foto-upload/toko2/pin-akrilik/PA-0000166.png,https://ganci.whatslink.group/foto-upload/toko2/pin-akrilik/PA-0000166.png
foto-upload/toko2/pin-akrilik/PA-0000167.png,https://ganci.whatslink.group/foto-upload/toko2/pin-akrilik/PA-0000167.png
foto-upload/toko2/pin-akrilik/PA-0000168.png,https://ganci.whatslink.group/foto-upload/toko2/pin-akrilik/PA-0000168.png
foto-upload/toko2/pin-akrilik/PA-0000169.png,https://ganci.whatslink.group/foto-upload/toko2/pin-akrilik/PA-0000169.png
foto-upload/toko2/pin-akrilik/PA-0000170.png,https://ganci.whatslink.group/foto-upload/toko2/pin-akrilik/PA-0000170.png
foto-upload/toko2/pin-akrilik/PA-0000171.png,https://ganci.whatslink.group/foto-upload/toko2/pin-akrilik/PA-0000171.png
foto-upload/toko2/pin-akrilik/PA-0000172.png,https://ganci.whatslink.group/foto-upload/toko2/pin-akrilik/PA-0000172.png
foto-upload/toko2/pin-akrilik/PA-0000173.png,https://ganci.whatslink.group/foto-upload/toko2/pin-akrilik/PA-0000173.png
foto-upload/toko2/pin-akrilik/PA-0000174.png,https://ganci.whatslink.group/foto-upload/toko2/pin-akrilik/PA-0000174.png
foto-upload/toko2/pin-akrilik/PA-0000175.png,https://ganci.whatslink.group/foto-upload/toko2/pin-akrilik/PA-0000175.png
foto-upload/toko2/pin-akrilik/PA-0000176.png,https://ganci.whatslink.group/foto-upload/toko2/pin-akrilik/PA-0000176.png
foto-upload/toko2/pin-akrilik/PA-0000177.png,https://ganci.whatslink.group/foto-upload/toko2/pin-akrilik/PA-0000177.png
foto-upload/toko2/pin-akrilik/PA-0000178.png,https://ganci.whatslink.group/foto-upload/toko2/pin-akrilik/PA-0000178.png
foto-upload/toko2/pin-akrilik/PA-0000179.png,https://ganci.whatslink.group/foto-upload/toko2/pin-akrilik/PA-0000179.png
foto-upload/toko2/pin-akrilik/PA-0000180.png,https://ganci.whatslink.group/foto-upload/toko2/pin-akrilik/PA-0000180.png
foto-upload/toko2/pin-akrilik/PA-0000181.png,https://ganci.whatslink.group/foto-upload/toko2/pin-akrilik/PA-0000181.png
foto-upload/toko2/pin-akrilik/PA-0000182.png,https://ganci.whatslink.group/foto-upload/toko2/pin-akrilik/PA-0000182.png
foto-upload/toko2/pin-akrilik/PA-0000183.png,https://ganci.whatslink.group/foto-upload/toko2/pin-akrilik/PA-0000183.png
foto-upload/toko2/pin-akrilik/PA-0000184.png,https://ganci.whatslink.group/foto-upload/toko2/pin-akrilik/PA-0000184.png
foto-upload/toko2/pin-akrilik/PA-0000185.png,https://ganci.whatslink.group/foto-upload/toko2/pin-akrilik/PA-0000185.png
foto-upload/toko2/pin-akrilik/PA-0000186.png,https://ganci.whatslink.group/foto-upload/toko2/pin-akrilik/PA-0000186.png
foto-upload/toko2/pin-akrilik/PA-0000187.png,https://ganci.whatslink.group/foto-upload/toko2/pin-akrilik/PA-0000187.png
foto-upload/toko2/pin-akrilik/PA-0000188.png,https://ganci.whatslink.group/foto-upload/toko2/pin-akrilik/PA-0000188.png
foto-upload/toko2/pin-akrilik/PA-0000189.png,https://ganci.whatslink.group/foto-upload/toko2/pin-akrilik/PA-0000189.png
foto-upload/toko2/pin-akrilik/PA-0000190.png,https://ganci.whatslink.group/foto-upload/toko2/pin-akrilik/PA-0000190.png
foto-upload/toko2/pin-akrilik/PA-0000191.png,https://ganci.whatslink.group/foto-upload/toko2/pin-akrilik/PA-0000191.png
foto-upload/toko2/pin-akrilik/PA-0000192.png,https://ganci.whatslink.group/foto-upload/toko2/pin-akrilik/PA-0000192.png
foto-upload/toko2/pin-akrilik/PA-0000193.png,https://ganci.whatslink.group/foto-upload/toko2/pin-akrilik/PA-0000193.png
foto-upload/toko2/pin-akrilik/PA-0000194.png,https://ganci.whatslink.group/foto-upload/toko2/pin-akrilik/PA-0000194.png
foto-upload/toko2/pin-akrilik/PA-0000195.png,https://ganci.whatslink.group/foto-upload/toko2/pin-akrilik/PA-0000195.png
foto-upload/toko2/pin-akrilik/PA-0000196.png,https://ganci.whatslink.group/foto-upload/toko2/pin-akrilik/PA-0000196.png
foto-upload/toko2/pin-akrilik/PA-0000197.png,https://ganci.whatslink.group/foto-upload/toko2/pin-akrilik/PA-0000197.png
foto-upload/toko2/pin-akrilik/PA-0000198.png,https://ganci.whatslink.group/foto-upload/toko2/pin-akrilik/PA-0000198.png
foto-upload/toko2/pin-akrilik/PA-0000199.png,https://ganci.whatslink.group/foto-upload/toko2/pin-akrilik/PA-0000199.png
foto-upload/toko2/pin-akrilik/PA-0000200.png,https://ganci.whatslink.group/foto-upload/toko2/pin-akrilik/PA-0000200.png
foto-upload/toko2/pin-akrilik/PA-BLACKPINK-utama1.png,https://ganci.whatslink.group/foto-upload/toko2/pin-akrilik/PA-BLACKPINK-utama1.png
foto-upload/toko2/pin-akrilik/PA-BLACKPINK-utama2.png,https://ganci.whatslink.group/foto-upload/toko2/pin-akrilik/PA-BLACKPINK-utama2.png
foto-upload/toko2/pin-akrilik/PA-BLACKPINK-utama3.png,https://ganci.whatslink.group/foto-upload/toko2/pin-akrilik/PA-BLACKPINK-utama3.png
foto-upload/toko2/umum/TAMBAHAN-U1.png,https://ganci.whatslink.group/foto-upload/toko2/umum/TAMBAHAN-U1.png
foto-upload/toko3/jibbitz/JB-0000001.png,https://ganci.whatslink.group/foto-upload/toko3/jibbitz/JB-0000001.png
foto-upload/toko3/jibbitz/JB-0000002.png,https://ganci.whatslink.group/foto-upload/toko3/jibbitz/JB-0000002.png
foto-upload/toko3/jibbitz/JB-0000003.png,https://ganci.whatslink.group/foto-upload/toko3/jibbitz/JB-0000003.png
foto-upload/toko3/jibbitz/JB-0000004.png,https://ganci.whatslink.group/foto-upload/toko3/jibbitz/JB-0000004.png
foto-upload/toko3/jibbitz/JB-0000005.png,https://ganci.whatslink.group/foto-upload/toko3/jibbitz/JB-0000005.png
foto-upload/toko3/jibbitz/JB-0000006.png,https://ganci.whatslink.group/foto-upload/toko3/jibbitz/JB-0000006.png
foto-upload/toko3/jibbitz/JB-0000007.png,https://ganci.whatslink.group/foto-upload/toko3/jibbitz/JB-0000007.png
foto-upload/toko3/jibbitz/JB-0000008.png,https://ganci.whatslink.group/foto-upload/toko3/jibbitz/JB-0000008.png
foto-upload/toko3/jibbitz/JB-0000009.png,https://ganci.whatslink.group/foto-upload/toko3/jibbitz/JB-0000009.png
foto-upload/toko3/jibbitz/JB-0000010.png,https://ganci.whatslink.group/foto-upload/toko3/jibbitz/JB-0000010.png
foto-upload/toko3/jibbitz/JB-0000011.png,https://ganci.whatslink.group/foto-upload/toko3/jibbitz/JB-0000011.png
foto-upload/toko3/jibbitz/JB-0000012.png,https://ganci.whatslink.group/foto-upload/toko3/jibbitz/JB-0000012.png
foto-upload/toko3/jibbitz/JB-0000013.png,https://ganci.whatslink.group/foto-upload/toko3/jibbitz/JB-0000013.png
foto-upload/toko3/jibbitz/JB-0000014.png,https://ganci.whatslink.group/foto-upload/toko3/jibbitz/JB-0000014.png
foto-upload/toko3/jibbitz/JB-0000015.png,https://ganci.whatslink.group/foto-upload/toko3/jibbitz/JB-0000015.png
foto-upload/toko3/jibbitz/JB-0000016.png,https://ganci.whatslink.group/foto-upload/toko3/jibbitz/JB-0000016.png
foto-upload/toko3/jibbitz/JB-0000017.png,https://ganci.whatslink.group/foto-upload/toko3/jibbitz/JB-0000017.png
foto-upload/toko3/jibbitz/JB-0000018.png,https://ganci.whatslink.group/foto-upload/toko3/jibbitz/JB-0000018.png
foto-upload/toko3/jibbitz/JB-0000019.png,https://ganci.whatslink.group/foto-upload/toko3/jibbitz/JB-0000019.png
foto-upload/toko3/jibbitz/JB-0000020.png,https://ganci.whatslink.group/foto-upload/toko3/jibbitz/JB-0000020.png
foto-upload/toko3/jibbitz/JB-0000021.png,https://ganci.whatslink.group/foto-upload/toko3/jibbitz/JB-0000021.png
foto-upload/toko3/jibbitz/JB-0000022.png,https://ganci.whatslink.group/foto-upload/toko3/jibbitz/JB-0000022.png
foto-upload/toko3/jibbitz/JB-0000023.png,https://ganci.whatslink.group/foto-upload/toko3/jibbitz/JB-0000023.png
foto-upload/toko3/jibbitz/JB-0000024.png,https://ganci.whatslink.group/foto-upload/toko3/jibbitz/JB-0000024.png
foto-upload/toko3/jibbitz/JB-0000025.png,https://ganci.whatslink.group/foto-upload/toko3/jibbitz/JB-0000025.png
foto-upload/toko3/jibbitz/JB-0000026.png,https://ganci.whatslink.group/foto-upload/toko3/jibbitz/JB-0000026.png
foto-upload/toko3/jibbitz/JB-0000027.png,https://ganci.whatslink.group/foto-upload/toko3/jibbitz/JB-0000027.png
foto-upload/toko3/jibbitz/JB-0000028.png,https://ganci.whatslink.group/foto-upload/toko3/jibbitz/JB-0000028.png
foto-upload/toko3/jibbitz/JB-0000029.png,https://ganci.whatslink.group/foto-upload/toko3/jibbitz/JB-0000029.png
foto-upload/toko3/jibbitz/JB-0000030.png,https://ganci.whatslink.group/foto-upload/toko3/jibbitz/JB-0000030.png
foto-upload/toko3/jibbitz/JB-0000031.png,https://ganci.whatslink.group/foto-upload/toko3/jibbitz/JB-0000031.png
foto-upload/toko3/jibbitz/JB-0000032.png,https://ganci.whatslink.group/foto-upload/toko3/jibbitz/JB-0000032.png
foto-upload/toko3/jibbitz/JB-0000033.png,https://ganci.whatslink.group/foto-upload/toko3/jibbitz/JB-0000033.png
foto-upload/toko3/jibbitz/JB-0000034.png,https://ganci.whatslink.group/foto-upload/toko3/jibbitz/JB-0000034.png
foto-upload/toko3/jibbitz/JB-0000035.png,https://ganci.whatslink.group/foto-upload/toko3/jibbitz/JB-0000035.png
foto-upload/toko3/jibbitz/JB-0000036.png,https://ganci.whatslink.group/foto-upload/toko3/jibbitz/JB-0000036.png
foto-upload/toko3/jibbitz/JB-0000037.png,https://ganci.whatslink.group/foto-upload/toko3/jibbitz/JB-0000037.png
foto-upload/toko3/jibbitz/JB-0000038.png,https://ganci.whatslink.group/foto-upload/toko3/jibbitz/JB-0000038.png
foto-upload/toko3/jibbitz/JB-0000039.png,https://ganci.whatslink.group/foto-upload/toko3/jibbitz/JB-0000039.png
foto-upload/toko3/jibbitz/JB-0000040.png,https://ganci.whatslink.group/foto-upload/toko3/jibbitz/JB-0000040.png
foto-upload/toko3/jibbitz/JB-0000041.png,https://ganci.whatslink.group/foto-upload/toko3/jibbitz/JB-0000041.png
foto-upload/toko3/jibbitz/JB-0000042.png,https://ganci.whatslink.group/foto-upload/toko3/jibbitz/JB-0000042.png
foto-upload/toko3/jibbitz/JB-0000043.png,https://ganci.whatslink.group/foto-upload/toko3/jibbitz/JB-0000043.png
foto-upload/toko3/jibbitz/JB-0000044.png,https://ganci.whatslink.group/foto-upload/toko3/jibbitz/JB-0000044.png
foto-upload/toko3/jibbitz/JB-0000045.png,https://ganci.whatslink.group/foto-upload/toko3/jibbitz/JB-0000045.png
foto-upload/toko3/jibbitz/JB-0000046.png,https://ganci.whatslink.group/foto-upload/toko3/jibbitz/JB-0000046.png
foto-upload/toko3/jibbitz/JB-0000047.png,https://ganci.whatslink.group/foto-upload/toko3/jibbitz/JB-0000047.png
foto-upload/toko3/jibbitz/JB-0000048.png,https://ganci.whatslink.group/foto-upload/toko3/jibbitz/JB-0000048.png
foto-upload/toko3/jibbitz/JB-0000049.png,https://ganci.whatslink.group/foto-upload/toko3/jibbitz/JB-0000049.png
foto-upload/toko3/jibbitz/JB-0000050.png,https://ganci.whatslink.group/foto-upload/toko3/jibbitz/JB-0000050.png
foto-upload/toko3/jibbitz/JB-0000051.png,https://ganci.whatslink.group/foto-upload/toko3/jibbitz/JB-0000051.png
foto-upload/toko3/jibbitz/JB-0000052.png,https://ganci.whatslink.group/foto-upload/toko3/jibbitz/JB-0000052.png
foto-upload/toko3/jibbitz/JB-0000053.png,https://ganci.whatslink.group/foto-upload/toko3/jibbitz/JB-0000053.png
foto-upload/toko3/jibbitz/JB-0000054.png,https://ganci.whatslink.group/foto-upload/toko3/jibbitz/JB-0000054.png
foto-upload/toko3/jibbitz/JB-0000055.png,https://ganci.whatslink.group/foto-upload/toko3/jibbitz/JB-0000055.png
foto-upload/toko3/jibbitz/JB-0000056.png,https://ganci.whatslink.group/foto-upload/toko3/jibbitz/JB-0000056.png
foto-upload/toko3/jibbitz/JB-0000057.png,https://ganci.whatslink.group/foto-upload/toko3/jibbitz/JB-0000057.png
foto-upload/toko3/jibbitz/JB-0000058.png,https://ganci.whatslink.group/foto-upload/toko3/jibbitz/JB-0000058.png
foto-upload/toko3/jibbitz/JB-0000059.png,https://ganci.whatslink.group/foto-upload/toko3/jibbitz/JB-0000059.png
foto-upload/toko3/jibbitz/JB-0000060.png,https://ganci.whatslink.group/foto-upload/toko3/jibbitz/JB-0000060.png
foto-upload/toko3/jibbitz/JB-0000061.png,https://ganci.whatslink.group/foto-upload/toko3/jibbitz/JB-0000061.png
foto-upload/toko3/jibbitz/JB-0000062.png,https://ganci.whatslink.group/foto-upload/toko3/jibbitz/JB-0000062.png
foto-upload/toko3/jibbitz/JB-0000063.png,https://ganci.whatslink.group/foto-upload/toko3/jibbitz/JB-0000063.png
foto-upload/toko3/jibbitz/JB-0000064.png,https://ganci.whatslink.group/foto-upload/toko3/jibbitz/JB-0000064.png
foto-upload/toko3/jibbitz/JB-0000065.png,https://ganci.whatslink.group/foto-upload/toko3/jibbitz/JB-0000065.png
foto-upload/toko3/jibbitz/JB-0000066.png,https://ganci.whatslink.group/foto-upload/toko3/jibbitz/JB-0000066.png
foto-upload/toko3/jibbitz/JB-0000067.png,https://ganci.whatslink.group/foto-upload/toko3/jibbitz/JB-0000067.png
foto-upload/toko3/jibbitz/JB-0000068.png,https://ganci.whatslink.group/foto-upload/toko3/jibbitz/JB-0000068.png
foto-upload/toko3/jibbitz/JB-0000069.png,https://ganci.whatslink.group/foto-upload/toko3/jibbitz/JB-0000069.png
foto-upload/toko3/jibbitz/JB-0000070.png,https://ganci.whatslink.group/foto-upload/toko3/jibbitz/JB-0000070.png
foto-upload/toko3/jibbitz/JB-0000071.png,https://ganci.whatslink.group/foto-upload/toko3/jibbitz/JB-0000071.png
foto-upload/toko3/jibbitz/JB-0000072.png,https://ganci.whatslink.group/foto-upload/toko3/jibbitz/JB-0000072.png
foto-upload/toko3/jibbitz/JB-0000073.png,https://ganci.whatslink.group/foto-upload/toko3/jibbitz/JB-0000073.png
foto-upload/toko3/jibbitz/JB-0000074.png,https://ganci.whatslink.group/foto-upload/toko3/jibbitz/JB-0000074.png
foto-upload/toko3/jibbitz/JB-0000075.png,https://ganci.whatslink.group/foto-upload/toko3/jibbitz/JB-0000075.png
foto-upload/toko3/jibbitz/JB-0000076.png,https://ganci.whatslink.group/foto-upload/toko3/jibbitz/JB-0000076.png
foto-upload/toko3/jibbitz/JB-0000077.png,https://ganci.whatslink.group/foto-upload/toko3/jibbitz/JB-0000077.png
foto-upload/toko3/jibbitz/JB-0000078.png,https://ganci.whatslink.group/foto-upload/toko3/jibbitz/JB-0000078.png
foto-upload/toko3/jibbitz/JB-0000079.png,https://ganci.whatslink.group/foto-upload/toko3/jibbitz/JB-0000079.png
foto-upload/toko3/jibbitz/JB-0000080.png,https://ganci.whatslink.group/foto-upload/toko3/jibbitz/JB-0000080.png
foto-upload/toko3/jibbitz/JB-0000081.png,https://ganci.whatslink.group/foto-upload/toko3/jibbitz/JB-0000081.png
foto-upload/toko3/jibbitz/JB-0000082.png,https://ganci.whatslink.group/foto-upload/toko3/jibbitz/JB-0000082.png
foto-upload/toko3/jibbitz/JB-0000083.png,https://ganci.whatslink.group/foto-upload/toko3/jibbitz/JB-0000083.png
foto-upload/toko3/jibbitz/JB-0000084.png,https://ganci.whatslink.group/foto-upload/toko3/jibbitz/JB-0000084.png
foto-upload/toko3/jibbitz/JB-0000085.png,https://ganci.whatslink.group/foto-upload/toko3/jibbitz/JB-0000085.png
foto-upload/toko3/jibbitz/JB-0000086.png,https://ganci.whatslink.group/foto-upload/toko3/jibbitz/JB-0000086.png
foto-upload/toko3/jibbitz/JB-0000087.png,https://ganci.whatslink.group/foto-upload/toko3/jibbitz/JB-0000087.png
foto-upload/toko3/jibbitz/JB-0000088.png,https://ganci.whatslink.group/foto-upload/toko3/jibbitz/JB-0000088.png
foto-upload/toko3/jibbitz/JB-0000089.png,https://ganci.whatslink.group/foto-upload/toko3/jibbitz/JB-0000089.png
foto-upload/toko3/jibbitz/JB-0000090.png,https://ganci.whatslink.group/foto-upload/toko3/jibbitz/JB-0000090.png
foto-upload/toko3/jibbitz/JB-0000091.png,https://ganci.whatslink.group/foto-upload/toko3/jibbitz/JB-0000091.png
foto-upload/toko3/jibbitz/JB-0000092.png,https://ganci.whatslink.group/foto-upload/toko3/jibbitz/JB-0000092.png
foto-upload/toko3/jibbitz/JB-0000093.png,https://ganci.whatslink.group/foto-upload/toko3/jibbitz/JB-0000093.png
foto-upload/toko3/jibbitz/JB-0000094.png,https://ganci.whatslink.group/foto-upload/toko3/jibbitz/JB-0000094.png
foto-upload/toko3/jibbitz/JB-0000095.png,https://ganci.whatslink.group/foto-upload/toko3/jibbitz/JB-0000095.png
foto-upload/toko3/jibbitz/JB-0000096.png,https://ganci.whatslink.group/foto-upload/toko3/jibbitz/JB-0000096.png
foto-upload/toko3/jibbitz/JB-0000097.png,https://ganci.whatslink.group/foto-upload/toko3/jibbitz/JB-0000097.png
foto-upload/toko3/jibbitz/JB-0000098.png,https://ganci.whatslink.group/foto-upload/toko3/jibbitz/JB-0000098.png
foto-upload/toko3/jibbitz/JB-0000099.png,https://ganci.whatslink.group/foto-upload/toko3/jibbitz/JB-0000099.png
foto-upload/toko3/jibbitz/JB-0000100.png,https://ganci.whatslink.group/foto-upload/toko3/jibbitz/JB-0000100.png
foto-upload/toko3/jibbitz/JB-0000151.png,https://ganci.whatslink.group/foto-upload/toko3/jibbitz/JB-0000151.png
foto-upload/toko3/jibbitz/JB-0000152.png,https://ganci.whatslink.group/foto-upload/toko3/jibbitz/JB-0000152.png
foto-upload/toko3/jibbitz/JB-0000153.png,https://ganci.whatslink.group/foto-upload/toko3/jibbitz/JB-0000153.png
foto-upload/toko3/jibbitz/JB-0000154.png,https://ganci.whatslink.group/foto-upload/toko3/jibbitz/JB-0000154.png
foto-upload/toko3/jibbitz/JB-0000155.png,https://ganci.whatslink.group/foto-upload/toko3/jibbitz/JB-0000155.png
foto-upload/toko3/jibbitz/JB-0000156.png,https://ganci.whatslink.group/foto-upload/toko3/jibbitz/JB-0000156.png
foto-upload/toko3/jibbitz/JB-0000157.png,https://ganci.whatslink.group/foto-upload/toko3/jibbitz/JB-0000157.png
foto-upload/toko3/jibbitz/JB-0000158.png,https://ganci.whatslink.group/foto-upload/toko3/jibbitz/JB-0000158.png
foto-upload/toko3/jibbitz/JB-0000159.png,https://ganci.whatslink.group/foto-upload/toko3/jibbitz/JB-0000159.png
foto-upload/toko3/jibbitz/JB-0000160.png,https://ganci.whatslink.group/foto-upload/toko3/jibbitz/JB-0000160.png
foto-upload/toko3/jibbitz/JB-0000161.png,https://ganci.whatslink.group/foto-upload/toko3/jibbitz/JB-0000161.png
foto-upload/toko3/jibbitz/JB-0000162.png,https://ganci.whatslink.group/foto-upload/toko3/jibbitz/JB-0000162.png
foto-upload/toko3/jibbitz/JB-0000163.png,https://ganci.whatslink.group/foto-upload/toko3/jibbitz/JB-0000163.png
foto-upload/toko3/jibbitz/JB-0000164.png,https://ganci.whatslink.group/foto-upload/toko3/jibbitz/JB-0000164.png
foto-upload/toko3/jibbitz/JB-0000165.png,https://ganci.whatslink.group/foto-upload/toko3/jibbitz/JB-0000165.png
foto-upload/toko3/jibbitz/JB-0000166.png,https://ganci.whatslink.group/foto-upload/toko3/jibbitz/JB-0000166.png
foto-upload/toko3/jibbitz/JB-0000167.png,https://ganci.whatslink.group/foto-upload/toko3/jibbitz/JB-0000167.png
foto-upload/toko3/jibbitz/JB-0000168.png,https://ganci.whatslink.group/foto-upload/toko3/jibbitz/JB-0000168.png
foto-upload/toko3/jibbitz/JB-0000169.png,https://ganci.whatslink.group/foto-upload/toko3/jibbitz/JB-0000169.png
foto-upload/toko3/jibbitz/JB-0000170.png,https://ganci.whatslink.group/foto-upload/toko3/jibbitz/JB-0000170.png
foto-upload/toko3/jibbitz/JB-0000171.png,https://ganci.whatslink.group/foto-upload/toko3/jibbitz/JB-0000171.png
foto-upload/toko3/jibbitz/JB-0000172.png,https://ganci.whatslink.group/foto-upload/toko3/jibbitz/JB-0000172.png
foto-upload/toko3/jibbitz/JB-0000173.png,https://ganci.whatslink.group/foto-upload/toko3/jibbitz/JB-0000173.png
foto-upload/toko3/jibbitz/JB-0000174.png,https://ganci.whatslink.group/foto-upload/toko3/jibbitz/JB-0000174.png
foto-upload/toko3/jibbitz/JB-0000175.png,https://ganci.whatslink.group/foto-upload/toko3/jibbitz/JB-0000175.png
foto-upload/toko3/jibbitz/JB-0000176.png,https://ganci.whatslink.group/foto-upload/toko3/jibbitz/JB-0000176.png
foto-upload/toko3/jibbitz/JB-0000177.png,https://ganci.whatslink.group/foto-upload/toko3/jibbitz/JB-0000177.png
foto-upload/toko3/jibbitz/JB-0000178.png,https://ganci.whatslink.group/foto-upload/toko3/jibbitz/JB-0000178.png
foto-upload/toko3/jibbitz/JB-0000179.png,https://ganci.whatslink.group/foto-upload/toko3/jibbitz/JB-0000179.png
foto-upload/toko3/jibbitz/JB-0000180.png,https://ganci.whatslink.group/foto-upload/toko3/jibbitz/JB-0000180.png
foto-upload/toko3/jibbitz/JB-0000181.png,https://ganci.whatslink.group/foto-upload/toko3/jibbitz/JB-0000181.png
foto-upload/toko3/jibbitz/JB-0000182.png,https://ganci.whatslink.group/foto-upload/toko3/jibbitz/JB-0000182.png
foto-upload/toko3/jibbitz/JB-0000183.png,https://ganci.whatslink.group/foto-upload/toko3/jibbitz/JB-0000183.png
foto-upload/toko3/jibbitz/JB-0000184.png,https://ganci.whatslink.group/foto-upload/toko3/jibbitz/JB-0000184.png
foto-upload/toko3/jibbitz/JB-0000185.png,https://ganci.whatslink.group/foto-upload/toko3/jibbitz/JB-0000185.png
foto-upload/toko3/jibbitz/JB-0000186.png,https://ganci.whatslink.group/foto-upload/toko3/jibbitz/JB-0000186.png
foto-upload/toko3/jibbitz/JB-0000187.png,https://ganci.whatslink.group/foto-upload/toko3/jibbitz/JB-0000187.png
foto-upload/toko3/jibbitz/JB-0000188.png,https://ganci.whatslink.group/foto-upload/toko3/jibbitz/JB-0000188.png
foto-upload/toko3/jibbitz/JB-0000189.png,https://ganci.whatslink.group/foto-upload/toko3/jibbitz/JB-0000189.png
foto-upload/toko3/jibbitz/JB-0000190.png,https://ganci.whatslink.group/foto-upload/toko3/jibbitz/JB-0000190.png
foto-upload/toko3/jibbitz/JB-0000191.png,https://ganci.whatslink.group/foto-upload/toko3/jibbitz/JB-0000191.png
foto-upload/toko3/jibbitz/JB-0000192.png,https://ganci.whatslink.group/foto-upload/toko3/jibbitz/JB-0000192.png
foto-upload/toko3/jibbitz/JB-0000193.png,https://ganci.whatslink.group/foto-upload/toko3/jibbitz/JB-0000193.png
foto-upload/toko3/jibbitz/JB-0000194.png,https://ganci.whatslink.group/foto-upload/toko3/jibbitz/JB-0000194.png
foto-upload/toko3/jibbitz/JB-0000195.png,https://ganci.whatslink.group/foto-upload/toko3/jibbitz/JB-0000195.png
foto-upload/toko3/jibbitz/JB-0000196.png,https://ganci.whatslink.group/foto-upload/toko3/jibbitz/JB-0000196.png
foto-upload/toko3/jibbitz/JB-0000197.png,https://ganci.whatslink.group/foto-upload/toko3/jibbitz/JB-0000197.png
foto-upload/toko3/jibbitz/JB-0000198.png,https://ganci.whatslink.group/foto-upload/toko3/jibbitz/JB-0000198.png
foto-upload/toko3/jibbitz/JB-0000199.png,https://ganci.whatslink.group/foto-upload/toko3/jibbitz/JB-0000199.png
foto-upload/toko3/jibbitz/JB-0000200.png,https://ganci.whatslink.group/foto-upload/toko3/jibbitz/JB-0000200.png
foto-upload/toko3/jibbitz/JB-0000201.png,https://ganci.whatslink.group/foto-upload/toko3/jibbitz/JB-0000201.png
foto-upload/toko3/jibbitz/JB-0000202.png,https://ganci.whatslink.group/foto-upload/toko3/jibbitz/JB-0000202.png
foto-upload/toko3/jibbitz/JB-0000203.png,https://ganci.whatslink.group/foto-upload/toko3/jibbitz/JB-0000203.png
foto-upload/toko3/jibbitz/JB-0000204.png,https://ganci.whatslink.group/foto-upload/toko3/jibbitz/JB-0000204.png
foto-upload/toko3/jibbitz/JB-0000205.png,https://ganci.whatslink.group/foto-upload/toko3/jibbitz/JB-0000205.png
foto-upload/toko3/jibbitz/JB-0000206.png,https://ganci.whatslink.group/foto-upload/toko3/jibbitz/JB-0000206.png
foto-upload/toko3/jibbitz/JB-0000207.png,https://ganci.whatslink.group/foto-upload/toko3/jibbitz/JB-0000207.png
foto-upload/toko3/jibbitz/JB-0000208.png,https://ganci.whatslink.group/foto-upload/toko3/jibbitz/JB-0000208.png
foto-upload/toko3/jibbitz/JB-0000209.png,https://ganci.whatslink.group/foto-upload/toko3/jibbitz/JB-0000209.png
foto-upload/toko3/jibbitz/JB-0000210.png,https://ganci.whatslink.group/foto-upload/toko3/jibbitz/JB-0000210.png
foto-upload/toko3/jibbitz/JB-0000211.png,https://ganci.whatslink.group/foto-upload/toko3/jibbitz/JB-0000211.png
foto-upload/toko3/jibbitz/JB-0000212.png,https://ganci.whatslink.group/foto-upload/toko3/jibbitz/JB-0000212.png
foto-upload/toko3/jibbitz/JB-0000213.png,https://ganci.whatslink.group/foto-upload/toko3/jibbitz/JB-0000213.png
foto-upload/toko3/jibbitz/JB-0000214.png,https://ganci.whatslink.group/foto-upload/toko3/jibbitz/JB-0000214.png
foto-upload/toko3/jibbitz/JB-0000215.png,https://ganci.whatslink.group/foto-upload/toko3/jibbitz/JB-0000215.png
foto-upload/toko3/jibbitz/JB-0000216.png,https://ganci.whatslink.group/foto-upload/toko3/jibbitz/JB-0000216.png
foto-upload/toko3/jibbitz/JB-0000217.png,https://ganci.whatslink.group/foto-upload/toko3/jibbitz/JB-0000217.png
foto-upload/toko3/jibbitz/JB-0000218.png,https://ganci.whatslink.group/foto-upload/toko3/jibbitz/JB-0000218.png
foto-upload/toko3/jibbitz/JB-0000219.png,https://ganci.whatslink.group/foto-upload/toko3/jibbitz/JB-0000219.png
foto-upload/toko3/jibbitz/JB-0000220.png,https://ganci.whatslink.group/foto-upload/toko3/jibbitz/JB-0000220.png
foto-upload/toko3/jibbitz/JB-0000221.png,https://ganci.whatslink.group/foto-upload/toko3/jibbitz/JB-0000221.png
foto-upload/toko3/jibbitz/JB-0000222.png,https://ganci.whatslink.group/foto-upload/toko3/jibbitz/JB-0000222.png
foto-upload/toko3/jibbitz/JB-0000223.png,https://ganci.whatslink.group/foto-upload/toko3/jibbitz/JB-0000223.png
foto-upload/toko3/jibbitz/JB-0000224.png,https://ganci.whatslink.group/foto-upload/toko3/jibbitz/JB-0000224.png
foto-upload/toko3/jibbitz/JB-0000225.png,https://ganci.whatslink.group/foto-upload/toko3/jibbitz/JB-0000225.png
foto-upload/toko3/jibbitz/JB-0000226.png,https://ganci.whatslink.group/foto-upload/toko3/jibbitz/JB-0000226.png
foto-upload/toko3/jibbitz/JB-0000227.png,https://ganci.whatslink.group/foto-upload/toko3/jibbitz/JB-0000227.png
foto-upload/toko3/jibbitz/JB-0000228.png,https://ganci.whatslink.group/foto-upload/toko3/jibbitz/JB-0000228.png
foto-upload/toko3/jibbitz/JB-0000229.png,https://ganci.whatslink.group/foto-upload/toko3/jibbitz/JB-0000229.png
foto-upload/toko3/jibbitz/JB-0000230.png,https://ganci.whatslink.group/foto-upload/toko3/jibbitz/JB-0000230.png
foto-upload/toko3/jibbitz/JB-0000231.png,https://ganci.whatslink.group/foto-upload/toko3/jibbitz/JB-0000231.png
foto-upload/toko3/jibbitz/JB-0000232.png,https://ganci.whatslink.group/foto-upload/toko3/jibbitz/JB-0000232.png
foto-upload/toko3/jibbitz/JB-0000233.png,https://ganci.whatslink.group/foto-upload/toko3/jibbitz/JB-0000233.png
foto-upload/toko3/jibbitz/JB-0000234.png,https://ganci.whatslink.group/foto-upload/toko3/jibbitz/JB-0000234.png
foto-upload/toko3/jibbitz/JB-0000235.png,https://ganci.whatslink.group/foto-upload/toko3/jibbitz/JB-0000235.png
foto-upload/toko3/jibbitz/JB-0000236.png,https://ganci.whatslink.group/foto-upload/toko3/jibbitz/JB-0000236.png
foto-upload/toko3/jibbitz/JB-0000237.png,https://ganci.whatslink.group/foto-upload/toko3/jibbitz/JB-0000237.png
foto-upload/toko3/jibbitz/JB-0000238.png,https://ganci.whatslink.group/foto-upload/toko3/jibbitz/JB-0000238.png
foto-upload/toko3/jibbitz/JB-0000239.png,https://ganci.whatslink.group/foto-upload/toko3/jibbitz/JB-0000239.png
foto-upload/toko3/jibbitz/JB-0000240.png,https://ganci.whatslink.group/foto-upload/toko3/jibbitz/JB-0000240.png
foto-upload/toko3/jibbitz/JB-0000241.png,https://ganci.whatslink.group/foto-upload/toko3/jibbitz/JB-0000241.png
foto-upload/toko3/jibbitz/JB-0000242.png,https://ganci.whatslink.group/foto-upload/toko3/jibbitz/JB-0000242.png
foto-upload/toko3/jibbitz/JB-0000243.png,https://ganci.whatslink.group/foto-upload/toko3/jibbitz/JB-0000243.png
foto-upload/toko3/jibbitz/JB-0000244.png,https://ganci.whatslink.group/foto-upload/toko3/jibbitz/JB-0000244.png
foto-upload/toko3/jibbitz/JB-0000245.png,https://ganci.whatslink.group/foto-upload/toko3/jibbitz/JB-0000245.png
foto-upload/toko3/jibbitz/JB-0000246.png,https://ganci.whatslink.group/foto-upload/toko3/jibbitz/JB-0000246.png
foto-upload/toko3/jibbitz/JB-0000247.png,https://ganci.whatslink.group/foto-upload/toko3/jibbitz/JB-0000247.png
foto-upload/toko3/jibbitz/JB-0000248.png,https://ganci.whatslink.group/foto-upload/toko3/jibbitz/JB-0000248.png
foto-upload/toko3/jibbitz/JB-0000249.png,https://ganci.whatslink.group/foto-upload/toko3/jibbitz/JB-0000249.png
foto-upload/toko3/jibbitz/JB-0000250.png,https://ganci.whatslink.group/foto-upload/toko3/jibbitz/JB-0000250.png
foto-upload/toko3/jibbitz/JB-0000251.png,https://ganci.whatslink.group/foto-upload/toko3/jibbitz/JB-0000251.png
foto-upload/toko3/jibbitz/JB-0000252.png,https://ganci.whatslink.group/foto-upload/toko3/jibbitz/JB-0000252.png
foto-upload/toko3/jibbitz/JB-0000253.png,https://ganci.whatslink.group/foto-upload/toko3/jibbitz/JB-0000253.png
foto-upload/toko3/jibbitz/JB-0000254.png,https://ganci.whatslink.group/foto-upload/toko3/jibbitz/JB-0000254.png
foto-upload/toko3/jibbitz/JB-0000255.png,https://ganci.whatslink.group/foto-upload/toko3/jibbitz/JB-0000255.png
foto-upload/toko3/jibbitz/JB-0000256.png,https://ganci.whatslink.group/foto-upload/toko3/jibbitz/JB-0000256.png
foto-upload/toko3/jibbitz/JB-0000257.png,https://ganci.whatslink.group/foto-upload/toko3/jibbitz/JB-0000257.png
foto-upload/toko3/jibbitz/JB-0000258.png,https://ganci.whatslink.group/foto-upload/toko3/jibbitz/JB-0000258.png
foto-upload/toko3/jibbitz/JB-0000259.png,https://ganci.whatslink.group/foto-upload/toko3/jibbitz/JB-0000259.png
foto-upload/toko3/jibbitz/JB-0000260.png,https://ganci.whatslink.group/foto-upload/toko3/jibbitz/JB-0000260.png
foto-upload/toko3/jibbitz/JB-0000261.png,https://ganci.whatslink.group/foto-upload/toko3/jibbitz/JB-0000261.png
foto-upload/toko3/jibbitz/JB-0000262.png,https://ganci.whatslink.group/foto-upload/toko3/jibbitz/JB-0000262.png
foto-upload/toko3/jibbitz/JB-0000263.png,https://ganci.whatslink.group/foto-upload/toko3/jibbitz/JB-0000263.png
foto-upload/toko3/jibbitz/JB-0000264.png,https://ganci.whatslink.group/foto-upload/toko3/jibbitz/JB-0000264.png
foto-upload/toko3/jibbitz/JB-0000265.png,https://ganci.whatslink.group/foto-upload/toko3/jibbitz/JB-0000265.png
foto-upload/toko3/jibbitz/JB-0000266.png,https://ganci.whatslink.group/foto-upload/toko3/jibbitz/JB-0000266.png
foto-upload/toko3/jibbitz/JB-0000267.png,https://ganci.whatslink.group/foto-upload/toko3/jibbitz/JB-0000267.png
foto-upload/toko3/jibbitz/JB-0000268.png,https://ganci.whatslink.group/foto-upload/toko3/jibbitz/JB-0000268.png
foto-upload/toko3/jibbitz/JB-0000269.png,https://ganci.whatslink.group/foto-upload/toko3/jibbitz/JB-0000269.png
foto-upload/toko3/jibbitz/JB-0000270.png,https://ganci.whatslink.group/foto-upload/toko3/jibbitz/JB-0000270.png
foto-upload/toko3/jibbitz/JB-0000271.png,https://ganci.whatslink.group/foto-upload/toko3/jibbitz/JB-0000271.png
foto-upload/toko3/jibbitz/JB-0000272.png,https://ganci.whatslink.group/foto-upload/toko3/jibbitz/JB-0000272.png
foto-upload/toko3/jibbitz/JB-0000273.png,https://ganci.whatslink.group/foto-upload/toko3/jibbitz/JB-0000273.png
foto-upload/toko3/jibbitz/JB-0000274.png,https://ganci.whatslink.group/foto-upload/toko3/jibbitz/JB-0000274.png
foto-upload/toko3/jibbitz/JB-0000275.png,https://ganci.whatslink.group/foto-upload/toko3/jibbitz/JB-0000275.png
foto-upload/toko3/jibbitz/JB-0000276.png,https://ganci.whatslink.group/foto-upload/toko3/jibbitz/JB-0000276.png
foto-upload/toko3/jibbitz/JB-0000277.png,https://ganci.whatslink.group/foto-upload/toko3/jibbitz/JB-0000277.png
foto-upload/toko3/jibbitz/JB-0000278.png,https://ganci.whatslink.group/foto-upload/toko3/jibbitz/JB-0000278.png
foto-upload/toko3/jibbitz/JB-0000279.png,https://ganci.whatslink.group/foto-upload/toko3/jibbitz/JB-0000279.png
foto-upload/toko3/jibbitz/JB-0000280.png,https://ganci.whatslink.group/foto-upload/toko3/jibbitz/JB-0000280.png
foto-upload/toko3/jibbitz/JB-0000281.png,https://ganci.whatslink.group/foto-upload/toko3/jibbitz/JB-0000281.png
foto-upload/toko3/jibbitz/JB-0000282.png,https://ganci.whatslink.group/foto-upload/toko3/jibbitz/JB-0000282.png
foto-upload/toko3/jibbitz/JB-0000283.png,https://ganci.whatslink.group/foto-upload/toko3/jibbitz/JB-0000283.png
foto-upload/toko3/jibbitz/JB-0000284.png,https://ganci.whatslink.group/foto-upload/toko3/jibbitz/JB-0000284.png
foto-upload/toko3/jibbitz/JB-0000285.png,https://ganci.whatslink.group/foto-upload/toko3/jibbitz/JB-0000285.png
foto-upload/toko3/jibbitz/JB-0000286.png,https://ganci.whatslink.group/foto-upload/toko3/jibbitz/JB-0000286.png
foto-upload/toko3/jibbitz/JB-0000287.png,https://ganci.whatslink.group/foto-upload/toko3/jibbitz/JB-0000287.png
foto-upload/toko3/jibbitz/JB-0000288.png,https://ganci.whatslink.group/foto-upload/toko3/jibbitz/JB-0000288.png
foto-upload/toko3/jibbitz/JB-0000289.png,https://ganci.whatslink.group/foto-upload/toko3/jibbitz/JB-0000289.png
foto-upload/toko3/jibbitz/JB-0000290.png,https://ganci.whatslink.group/foto-upload/toko3/jibbitz/JB-0000290.png
foto-upload/toko3/jibbitz/JB-0000291.png,https://ganci.whatslink.group/foto-upload/toko3/jibbitz/JB-0000291.png
foto-upload/toko3/jibbitz/JB-0000292.png,https://ganci.whatslink.group/foto-upload/toko3/jibbitz/JB-0000292.png
foto-upload/toko3/jibbitz/JB-0000293.png,https://ganci.whatslink.group/foto-upload/toko3/jibbitz/JB-0000293.png
foto-upload/toko3/jibbitz/JB-0000294.png,https://ganci.whatslink.group/foto-upload/toko3/jibbitz/JB-0000294.png
foto-upload/toko3/jibbitz/JB-0000295.png,https://ganci.whatslink.group/foto-upload/toko3/jibbitz/JB-0000295.png
foto-upload/toko3/jibbitz/JB-0000296.png,https://ganci.whatslink.group/foto-upload/toko3/jibbitz/JB-0000296.png
foto-upload/toko3/jibbitz/JB-0000297.png,https://ganci.whatslink.group/foto-upload/toko3/jibbitz/JB-0000297.png
foto-upload/toko3/jibbitz/JB-0000298.png,https://ganci.whatslink.group/foto-upload/toko3/jibbitz/JB-0000298.png
foto-upload/toko3/jibbitz/JB-0000299.png,https://ganci.whatslink.group/foto-upload/toko3/jibbitz/JB-0000299.png
foto-upload/toko3/jibbitz/JB-0000300.png,https://ganci.whatslink.group/foto-upload/toko3/jibbitz/JB-0000300.png
foto-upload/toko3/jibbitz/JB-0000301.png,https://ganci.whatslink.group/foto-upload/toko3/jibbitz/JB-0000301.png
foto-upload/toko3/jibbitz/JB-0000302.png,https://ganci.whatslink.group/foto-upload/toko3/jibbitz/JB-0000302.png
foto-upload/toko3/jibbitz/JB-0000303.png,https://ganci.whatslink.group/foto-upload/toko3/jibbitz/JB-0000303.png
foto-upload/toko3/jibbitz/JB-0000304.png,https://ganci.whatslink.group/foto-upload/toko3/jibbitz/JB-0000304.png
foto-upload/toko3/jibbitz/JB-0000305.png,https://ganci.whatslink.group/foto-upload/toko3/jibbitz/JB-0000305.png
foto-upload/toko3/jibbitz/JB-0000306.png,https://ganci.whatslink.group/foto-upload/toko3/jibbitz/JB-0000306.png
foto-upload/toko3/jibbitz/JB-0000307.png,https://ganci.whatslink.group/foto-upload/toko3/jibbitz/JB-0000307.png
foto-upload/toko3/jibbitz/JB-0000308.png,https://ganci.whatslink.group/foto-upload/toko3/jibbitz/JB-0000308.png
foto-upload/toko3/jibbitz/JB-0000309.png,https://ganci.whatslink.group/foto-upload/toko3/jibbitz/JB-0000309.png
foto-upload/toko3/jibbitz/JB-0000310.png,https://ganci.whatslink.group/foto-upload/toko3/jibbitz/JB-0000310.png
foto-upload/toko3/jibbitz/JB-0000311.png,https://ganci.whatslink.group/foto-upload/toko3/jibbitz/JB-0000311.png
foto-upload/toko3/jibbitz/JB-0000312.png,https://ganci.whatslink.group/foto-upload/toko3/jibbitz/JB-0000312.png
foto-upload/toko3/jibbitz/JB-0000313.png,https://ganci.whatslink.group/foto-upload/toko3/jibbitz/JB-0000313.png
foto-upload/toko3/jibbitz/JB-0000314.png,https://ganci.whatslink.group/foto-upload/toko3/jibbitz/JB-0000314.png
foto-upload/toko3/jibbitz/JB-0000315.png,https://ganci.whatslink.group/foto-upload/toko3/jibbitz/JB-0000315.png
foto-upload/toko3/jibbitz/JB-0000316.png,https://ganci.whatslink.group/foto-upload/toko3/jibbitz/JB-0000316.png
foto-upload/toko3/jibbitz/JB-0000317.png,https://ganci.whatslink.group/foto-upload/toko3/jibbitz/JB-0000317.png
foto-upload/toko3/jibbitz/JB-0000318.png,https://ganci.whatslink.group/foto-upload/toko3/jibbitz/JB-0000318.png
foto-upload/toko3/jibbitz/JB-0000319.png,https://ganci.whatslink.group/foto-upload/toko3/jibbitz/JB-0000319.png
foto-upload/toko3/jibbitz/JB-0000320.png,https://ganci.whatslink.group/foto-upload/toko3/jibbitz/JB-0000320.png
foto-upload/toko3/jibbitz/JB-0000321.png,https://ganci.whatslink.group/foto-upload/toko3/jibbitz/JB-0000321.png
foto-upload/toko3/jibbitz/JB-0000322.png,https://ganci.whatslink.group/foto-upload/toko3/jibbitz/JB-0000322.png
foto-upload/toko3/jibbitz/JB-0000323.png,https://ganci.whatslink.group/foto-upload/toko3/jibbitz/JB-0000323.png
foto-upload/toko3/jibbitz/JB-0000324.png,https://ganci.whatslink.group/foto-upload/toko3/jibbitz/JB-0000324.png
foto-upload/toko3/jibbitz/JB-0000325.png,https://ganci.whatslink.group/foto-upload/toko3/jibbitz/JB-0000325.png
foto-upload/toko3/jibbitz/JB-0000326.png,https://ganci.whatslink.group/foto-upload/toko3/jibbitz/JB-0000326.png
foto-upload/toko3/jibbitz/JB-0000327.png,https://ganci.whatslink.group/foto-upload/toko3/jibbitz/JB-0000327.png
foto-upload/toko3/jibbitz/JB-0000328.png,https://ganci.whatslink.group/foto-upload/toko3/jibbitz/JB-0000328.png
foto-upload/toko3/jibbitz/JB-0000329.png,https://ganci.whatslink.group/foto-upload/toko3/jibbitz/JB-0000329.png
foto-upload/toko3/jibbitz/JB-0000330.png,https://ganci.whatslink.group/foto-upload/toko3/jibbitz/JB-0000330.png
foto-upload/toko3/jibbitz/JB-0000331.png,https://ganci.whatslink.group/foto-upload/toko3/jibbitz/JB-0000331.png
foto-upload/toko3/jibbitz/JB-0000332.png,https://ganci.whatslink.group/foto-upload/toko3/jibbitz/JB-0000332.png
foto-upload/toko3/jibbitz/JB-0000333.png,https://ganci.whatslink.group/foto-upload/toko3/jibbitz/JB-0000333.png
foto-upload/toko3/jibbitz/JB-0000334.png,https://ganci.whatslink.group/foto-upload/toko3/jibbitz/JB-0000334.png
foto-upload/toko3/jibbitz/JB-0000335.png,https://ganci.whatslink.group/foto-upload/toko3/jibbitz/JB-0000335.png
foto-upload/toko3/jibbitz/JB-0000336.png,https://ganci.whatslink.group/foto-upload/toko3/jibbitz/JB-0000336.png
foto-upload/toko3/jibbitz/JB-0000337.png,https://ganci.whatslink.group/foto-upload/toko3/jibbitz/JB-0000337.png
foto-upload/toko3/jibbitz/JB-0000338.png,https://ganci.whatslink.group/foto-upload/toko3/jibbitz/JB-0000338.png
foto-upload/toko3/jibbitz/JB-0000339.png,https://ganci.whatslink.group/foto-upload/toko3/jibbitz/JB-0000339.png
foto-upload/toko3/jibbitz/JB-0000340.png,https://ganci.whatslink.group/foto-upload/toko3/jibbitz/JB-0000340.png
foto-upload/toko3/jibbitz/JB-0000341.png,https://ganci.whatslink.group/foto-upload/toko3/jibbitz/JB-0000341.png
foto-upload/toko3/jibbitz/JB-0000342.png,https://ganci.whatslink.group/foto-upload/toko3/jibbitz/JB-0000342.png
foto-upload/toko3/jibbitz/JB-0000343.png,https://ganci.whatslink.group/foto-upload/toko3/jibbitz/JB-0000343.png
foto-upload/toko3/jibbitz/JB-0000344.png,https://ganci.whatslink.group/foto-upload/toko3/jibbitz/JB-0000344.png
foto-upload/toko3/jibbitz/JB-0000345.png,https://ganci.whatslink.group/foto-upload/toko3/jibbitz/JB-0000345.png
foto-upload/toko3/jibbitz/JB-0000346.png,https://ganci.whatslink.group/foto-upload/toko3/jibbitz/JB-0000346.png
foto-upload/toko3/jibbitz/JB-0000347.png,https://ganci.whatslink.group/foto-upload/toko3/jibbitz/JB-0000347.png
foto-upload/toko3/jibbitz/JB-0000348.png,https://ganci.whatslink.group/foto-upload/toko3/jibbitz/JB-0000348.png
foto-upload/toko3/jibbitz/JB-0000349.png,https://ganci.whatslink.group/foto-upload/toko3/jibbitz/JB-0000349.png
foto-upload/toko3/jibbitz/JB-0000350.png,https://ganci.whatslink.group/foto-upload/toko3/jibbitz/JB-0000350.png
foto-upload/toko3/jibbitz/JB-0000351.png,https://ganci.whatslink.group/foto-upload/toko3/jibbitz/JB-0000351.png
foto-upload/toko3/jibbitz/JB-0000352.png,https://ganci.whatslink.group/foto-upload/toko3/jibbitz/JB-0000352.png
foto-upload/toko3/jibbitz/JB-0000353.png,https://ganci.whatslink.group/foto-upload/toko3/jibbitz/JB-0000353.png
foto-upload/toko3/jibbitz/JB-0000354.png,https://ganci.whatslink.group/foto-upload/toko3/jibbitz/JB-0000354.png
foto-upload/toko3/jibbitz/JB-0000355.png,https://ganci.whatslink.group/foto-upload/toko3/jibbitz/JB-0000355.png
foto-upload/toko3/jibbitz/JB-0000356.png,https://ganci.whatslink.group/foto-upload/toko3/jibbitz/JB-0000356.png
foto-upload/toko3/jibbitz/JB-0000357.png,https://ganci.whatslink.group/foto-upload/toko3/jibbitz/JB-0000357.png
foto-upload/toko3/jibbitz/JB-0000358.png,https://ganci.whatslink.group/foto-upload/toko3/jibbitz/JB-0000358.png
foto-upload/toko3/jibbitz/JB-0000359.png,https://ganci.whatslink.group/foto-upload/toko3/jibbitz/JB-0000359.png
foto-upload/toko3/jibbitz/JB-0000360.png,https://ganci.whatslink.group/foto-upload/toko3/jibbitz/JB-0000360.png
foto-upload/toko3/jibbitz/JB-0000361.png,https://ganci.whatslink.group/foto-upload/toko3/jibbitz/JB-0000361.png
foto-upload/toko3/jibbitz/JB-0000362.png,https://ganci.whatslink.group/foto-upload/toko3/jibbitz/JB-0000362.png
foto-upload/toko3/jibbitz/JB-0000363.png,https://ganci.whatslink.group/foto-upload/toko3/jibbitz/JB-0000363.png
foto-upload/toko3/jibbitz/JB-0000364.png,https://ganci.whatslink.group/foto-upload/toko3/jibbitz/JB-0000364.png
foto-upload/toko3/jibbitz/JB-0000365.png,https://ganci.whatslink.group/foto-upload/toko3/jibbitz/JB-0000365.png
foto-upload/toko3/jibbitz/JB-0000366.png,https://ganci.whatslink.group/foto-upload/toko3/jibbitz/JB-0000366.png
foto-upload/toko3/jibbitz/JB-0000367.png,https://ganci.whatslink.group/foto-upload/toko3/jibbitz/JB-0000367.png
foto-upload/toko3/jibbitz/JB-0000368.png,https://ganci.whatslink.group/foto-upload/toko3/jibbitz/JB-0000368.png
foto-upload/toko3/jibbitz/JB-0000369.png,https://ganci.whatslink.group/foto-upload/toko3/jibbitz/JB-0000369.png
foto-upload/toko3/jibbitz/JB-0000370.png,https://ganci.whatslink.group/foto-upload/toko3/jibbitz/JB-0000370.png
foto-upload/toko3/jibbitz/JB-0000371.png,https://ganci.whatslink.group/foto-upload/toko3/jibbitz/JB-0000371.png
foto-upload/toko3/jibbitz/JB-0000372.png,https://ganci.whatslink.group/foto-upload/toko3/jibbitz/JB-0000372.png
foto-upload/toko3/jibbitz/JB-0000373.png,https://ganci.whatslink.group/foto-upload/toko3/jibbitz/JB-0000373.png
foto-upload/toko3/jibbitz/JB-0000374.png,https://ganci.whatslink.group/foto-upload/toko3/jibbitz/JB-0000374.png
foto-upload/toko3/jibbitz/JB-0000375.png,https://ganci.whatslink.group/foto-upload/toko3/jibbitz/JB-0000375.png
foto-upload/toko3/jibbitz/JB-0000376.png,https://ganci.whatslink.group/foto-upload/toko3/jibbitz/JB-0000376.png
foto-upload/toko3/jibbitz/JB-0000377.png,https://ganci.whatslink.group/foto-upload/toko3/jibbitz/JB-0000377.png
foto-upload/toko3/jibbitz/JB-0000378.png,https://ganci.whatslink.group/foto-upload/toko3/jibbitz/JB-0000378.png
foto-upload/toko3/jibbitz/JB-0000379.png,https://ganci.whatslink.group/foto-upload/toko3/jibbitz/JB-0000379.png
foto-upload/toko3/jibbitz/JB-0000380.png,https://ganci.whatslink.group/foto-upload/toko3/jibbitz/JB-0000380.png
foto-upload/toko3/jibbitz/JB-0000381.png,https://ganci.whatslink.group/foto-upload/toko3/jibbitz/JB-0000381.png
foto-upload/toko3/jibbitz/JB-0000382.png,https://ganci.whatslink.group/foto-upload/toko3/jibbitz/JB-0000382.png
foto-upload/toko3/jibbitz/JB-0000383.png,https://ganci.whatslink.group/foto-upload/toko3/jibbitz/JB-0000383.png
foto-upload/toko3/jibbitz/JB-0000384.png,https://ganci.whatslink.group/foto-upload/toko3/jibbitz/JB-0000384.png
foto-upload/toko3/jibbitz/JB-0000385.png,https://ganci.whatslink.group/foto-upload/toko3/jibbitz/JB-0000385.png
foto-upload/toko3/jibbitz/JB-0000386.png,https://ganci.whatslink.group/foto-upload/toko3/jibbitz/JB-0000386.png
foto-upload/toko3/jibbitz/JB-0000387.png,https://ganci.whatslink.group/foto-upload/toko3/jibbitz/JB-0000387.png
foto-upload/toko3/jibbitz/JB-0000388.png,https://ganci.whatslink.group/foto-upload/toko3/jibbitz/JB-0000388.png
foto-upload/toko3/jibbitz/JB-0000389.png,https://ganci.whatslink.group/foto-upload/toko3/jibbitz/JB-0000389.png
foto-upload/toko3/jibbitz/JB-0000390.png,https://ganci.whatslink.group/foto-upload/toko3/jibbitz/JB-0000390.png
foto-upload/toko3/jibbitz/JB-0000391.png,https://ganci.whatslink.group/foto-upload/toko3/jibbitz/JB-0000391.png
foto-upload/toko3/jibbitz/JB-0000392.png,https://ganci.whatslink.group/foto-upload/toko3/jibbitz/JB-0000392.png
foto-upload/toko3/jibbitz/JB-0000393.png,https://ganci.whatslink.group/foto-upload/toko3/jibbitz/JB-0000393.png
foto-upload/toko3/jibbitz/JB-0000394.png,https://ganci.whatslink.group/foto-upload/toko3/jibbitz/JB-0000394.png
foto-upload/toko3/jibbitz/JB-0000395.png,https://ganci.whatslink.group/foto-upload/toko3/jibbitz/JB-0000395.png
foto-upload/toko3/jibbitz/JB-0000396.png,https://ganci.whatslink.group/foto-upload/toko3/jibbitz/JB-0000396.png
foto-upload/toko3/jibbitz/JB-0000397.png,https://ganci.whatslink.group/foto-upload/toko3/jibbitz/JB-0000397.png
foto-upload/toko3/jibbitz/JB-0000398.png,https://ganci.whatslink.group/foto-upload/toko3/jibbitz/JB-0000398.png
foto-upload/toko3/jibbitz/JB-0000399.png,https://ganci.whatslink.group/foto-upload/toko3/jibbitz/JB-0000399.png
foto-upload/toko3/jibbitz/JB-0000400.png,https://ganci.whatslink.group/foto-upload/toko3/jibbitz/JB-0000400.png
foto-upload/toko3/jibbitz/JB-0000451.png,https://ganci.whatslink.group/foto-upload/toko3/jibbitz/JB-0000451.png
foto-upload/toko3/jibbitz/JB-0000452.png,https://ganci.whatslink.group/foto-upload/toko3/jibbitz/JB-0000452.png
foto-upload/toko3/jibbitz/JB-0000453.png,https://ganci.whatslink.group/foto-upload/toko3/jibbitz/JB-0000453.png
foto-upload/toko3/jibbitz/JB-0000454.png,https://ganci.whatslink.group/foto-upload/toko3/jibbitz/JB-0000454.png
foto-upload/toko3/jibbitz/JB-0000455.png,https://ganci.whatslink.group/foto-upload/toko3/jibbitz/JB-0000455.png
foto-upload/toko3/jibbitz/JB-0000456.png,https://ganci.whatslink.group/foto-upload/toko3/jibbitz/JB-0000456.png
foto-upload/toko3/jibbitz/JB-0000457.png,https://ganci.whatslink.group/foto-upload/toko3/jibbitz/JB-0000457.png
foto-upload/toko3/jibbitz/JB-0000458.png,https://ganci.whatslink.group/foto-upload/toko3/jibbitz/JB-0000458.png
foto-upload/toko3/jibbitz/JB-0000459.png,https://ganci.whatslink.group/foto-upload/toko3/jibbitz/JB-0000459.png
foto-upload/toko3/jibbitz/JB-0000460.png,https://ganci.whatslink.group/foto-upload/toko3/jibbitz/JB-0000460.png
foto-upload/toko3/jibbitz/JB-0000461.png,https://ganci.whatslink.group/foto-upload/toko3/jibbitz/JB-0000461.png
foto-upload/toko3/jibbitz/JB-0000462.png,https://ganci.whatslink.group/foto-upload/toko3/jibbitz/JB-0000462.png
foto-upload/toko3/jibbitz/JB-0000463.png,https://ganci.whatslink.group/foto-upload/toko3/jibbitz/JB-0000463.png
foto-upload/toko3/jibbitz/JB-0000464.png,https://ganci.whatslink.group/foto-upload/toko3/jibbitz/JB-0000464.png
foto-upload/toko3/jibbitz/JB-0000465.png,https://ganci.whatslink.group/foto-upload/toko3/jibbitz/JB-0000465.png
foto-upload/toko3/jibbitz/JB-0000466.png,https://ganci.whatslink.group/foto-upload/toko3/jibbitz/JB-0000466.png
foto-upload/toko3/jibbitz/JB-0000467.png,https://ganci.whatslink.group/foto-upload/toko3/jibbitz/JB-0000467.png
foto-upload/toko3/jibbitz/JB-0000468.png,https://ganci.whatslink.group/foto-upload/toko3/jibbitz/JB-0000468.png
foto-upload/toko3/jibbitz/JB-0000469.png,https://ganci.whatslink.group/foto-upload/toko3/jibbitz/JB-0000469.png
foto-upload/toko3/jibbitz/JB-0000470.png,https://ganci.whatslink.group/foto-upload/toko3/jibbitz/JB-0000470.png
foto-upload/toko3/jibbitz/JB-0000471.png,https://ganci.whatslink.group/foto-upload/toko3/jibbitz/JB-0000471.png
foto-upload/toko3/jibbitz/JB-0000472.png,https://ganci.whatslink.group/foto-upload/toko3/jibbitz/JB-0000472.png
foto-upload/toko3/jibbitz/JB-0000473.png,https://ganci.whatslink.group/foto-upload/toko3/jibbitz/JB-0000473.png
foto-upload/toko3/jibbitz/JB-0000474.png,https://ganci.whatslink.group/foto-upload/toko3/jibbitz/JB-0000474.png
foto-upload/toko3/jibbitz/JB-0000475.png,https://ganci.whatslink.group/foto-upload/toko3/jibbitz/JB-0000475.png
foto-upload/toko3/jibbitz/JB-0000476.png,https://ganci.whatslink.group/foto-upload/toko3/jibbitz/JB-0000476.png
foto-upload/toko3/jibbitz/JB-0000477.png,https://ganci.whatslink.group/foto-upload/toko3/jibbitz/JB-0000477.png
foto-upload/toko3/jibbitz/JB-0000478.png,https://ganci.whatslink.group/foto-upload/toko3/jibbitz/JB-0000478.png
foto-upload/toko3/jibbitz/JB-0000479.png,https://ganci.whatslink.group/foto-upload/toko3/jibbitz/JB-0000479.png
foto-upload/toko3/jibbitz/JB-0000480.png,https://ganci.whatslink.group/foto-upload/toko3/jibbitz/JB-0000480.png
foto-upload/toko3/jibbitz/JB-0000481.png,https://ganci.whatslink.group/foto-upload/toko3/jibbitz/JB-0000481.png
foto-upload/toko3/jibbitz/JB-0000482.png,https://ganci.whatslink.group/foto-upload/toko3/jibbitz/JB-0000482.png
foto-upload/toko3/jibbitz/JB-0000483.png,https://ganci.whatslink.group/foto-upload/toko3/jibbitz/JB-0000483.png
foto-upload/toko3/jibbitz/JB-0000484.png,https://ganci.whatslink.group/foto-upload/toko3/jibbitz/JB-0000484.png
foto-upload/toko3/jibbitz/JB-0000485.png,https://ganci.whatslink.group/foto-upload/toko3/jibbitz/JB-0000485.png
foto-upload/toko3/jibbitz/JB-0000486.png,https://ganci.whatslink.group/foto-upload/toko3/jibbitz/JB-0000486.png
foto-upload/toko3/jibbitz/JB-0000487.png,https://ganci.whatslink.group/foto-upload/toko3/jibbitz/JB-0000487.png
foto-upload/toko3/jibbitz/JB-0000488.png,https://ganci.whatslink.group/foto-upload/toko3/jibbitz/JB-0000488.png
foto-upload/toko3/jibbitz/JB-0000489.png,https://ganci.whatslink.group/foto-upload/toko3/jibbitz/JB-0000489.png
foto-upload/toko3/jibbitz/JB-0000490.png,https://ganci.whatslink.group/foto-upload/toko3/jibbitz/JB-0000490.png
foto-upload/toko3/jibbitz/JB-0000491.png,https://ganci.whatslink.group/foto-upload/toko3/jibbitz/JB-0000491.png
foto-upload/toko3/jibbitz/JB-0000492.png,https://ganci.whatslink.group/foto-upload/toko3/jibbitz/JB-0000492.png
foto-upload/toko3/jibbitz/JB-0000493.png,https://ganci.whatslink.group/foto-upload/toko3/jibbitz/JB-0000493.png
foto-upload/toko3/jibbitz/JB-0000494.png,https://ganci.whatslink.group/foto-upload/toko3/jibbitz/JB-0000494.png
foto-upload/toko3/jibbitz/JB-0000495.png,https://ganci.whatslink.group/foto-upload/toko3/jibbitz/JB-0000495.png
foto-upload/toko3/jibbitz/JB-0000496.png,https://ganci.whatslink.group/foto-upload/toko3/jibbitz/JB-0000496.png
foto-upload/toko3/jibbitz/JB-0000497.png,https://ganci.whatslink.group/foto-upload/toko3/jibbitz/JB-0000497.png
foto-upload/toko3/jibbitz/JB-0000498.png,https://ganci.whatslink.group/foto-upload/toko3/jibbitz/JB-0000498.png
foto-upload/toko3/jibbitz/JB-0000499.png,https://ganci.whatslink.group/foto-upload/toko3/jibbitz/JB-0000499.png
foto-upload/toko3/jibbitz/JB-0000500.png,https://ganci.whatslink.group/foto-upload/toko3/jibbitz/JB-0000500.png
foto-upload/toko3/jibbitz/JB-0000501.png,https://ganci.whatslink.group/foto-upload/toko3/jibbitz/JB-0000501.png
foto-upload/toko3/jibbitz/JB-0000502.png,https://ganci.whatslink.group/foto-upload/toko3/jibbitz/JB-0000502.png
foto-upload/toko3/jibbitz/JB-0000503.png,https://ganci.whatslink.group/foto-upload/toko3/jibbitz/JB-0000503.png
foto-upload/toko3/jibbitz/JB-0000504.png,https://ganci.whatslink.group/foto-upload/toko3/jibbitz/JB-0000504.png
foto-upload/toko3/jibbitz/JB-0000505.png,https://ganci.whatslink.group/foto-upload/toko3/jibbitz/JB-0000505.png
foto-upload/toko3/jibbitz/JB-0000506.png,https://ganci.whatslink.group/foto-upload/toko3/jibbitz/JB-0000506.png
foto-upload/toko3/jibbitz/JB-0000507.png,https://ganci.whatslink.group/foto-upload/toko3/jibbitz/JB-0000507.png
foto-upload/toko3/jibbitz/JB-0000508.png,https://ganci.whatslink.group/foto-upload/toko3/jibbitz/JB-0000508.png
foto-upload/toko3/jibbitz/JB-0000509.png,https://ganci.whatslink.group/foto-upload/toko3/jibbitz/JB-0000509.png
foto-upload/toko3/jibbitz/JB-0000510.png,https://ganci.whatslink.group/foto-upload/toko3/jibbitz/JB-0000510.png
foto-upload/toko3/jibbitz/JB-0000511.png,https://ganci.whatslink.group/foto-upload/toko3/jibbitz/JB-0000511.png
foto-upload/toko3/jibbitz/JB-0000512.png,https://ganci.whatslink.group/foto-upload/toko3/jibbitz/JB-0000512.png
foto-upload/toko3/jibbitz/JB-0000513.png,https://ganci.whatslink.group/foto-upload/toko3/jibbitz/JB-0000513.png
foto-upload/toko3/jibbitz/JB-0000514.png,https://ganci.whatslink.group/foto-upload/toko3/jibbitz/JB-0000514.png
foto-upload/toko3/jibbitz/JB-0000515.png,https://ganci.whatslink.group/foto-upload/toko3/jibbitz/JB-0000515.png
foto-upload/toko3/jibbitz/JB-0000516.png,https://ganci.whatslink.group/foto-upload/toko3/jibbitz/JB-0000516.png
foto-upload/toko3/jibbitz/JB-0000517.png,https://ganci.whatslink.group/foto-upload/toko3/jibbitz/JB-0000517.png
foto-upload/toko3/jibbitz/JB-0000518.png,https://ganci.whatslink.group/foto-upload/toko3/jibbitz/JB-0000518.png
foto-upload/toko3/jibbitz/JB-0000519.png,https://ganci.whatslink.group/foto-upload/toko3/jibbitz/JB-0000519.png
foto-upload/toko3/jibbitz/JB-0000520.png,https://ganci.whatslink.group/foto-upload/toko3/jibbitz/JB-0000520.png
foto-upload/toko3/jibbitz/JB-0000521.png,https://ganci.whatslink.group/foto-upload/toko3/jibbitz/JB-0000521.png
foto-upload/toko3/jibbitz/JB-0000522.png,https://ganci.whatslink.group/foto-upload/toko3/jibbitz/JB-0000522.png
foto-upload/toko3/jibbitz/JB-0000523.png,https://ganci.whatslink.group/foto-upload/toko3/jibbitz/JB-0000523.png
foto-upload/toko3/jibbitz/JB-0000524.png,https://ganci.whatslink.group/foto-upload/toko3/jibbitz/JB-0000524.png
foto-upload/toko3/jibbitz/JB-0000525.png,https://ganci.whatslink.group/foto-upload/toko3/jibbitz/JB-0000525.png
foto-upload/toko3/jibbitz/JB-0000526.png,https://ganci.whatslink.group/foto-upload/toko3/jibbitz/JB-0000526.png
foto-upload/toko3/jibbitz/JB-0000527.png,https://ganci.whatslink.group/foto-upload/toko3/jibbitz/JB-0000527.png
foto-upload/toko3/jibbitz/JB-0000528.png,https://ganci.whatslink.group/foto-upload/toko3/jibbitz/JB-0000528.png
foto-upload/toko3/jibbitz/JB-0000529.png,https://ganci.whatslink.group/foto-upload/toko3/jibbitz/JB-0000529.png
foto-upload/toko3/jibbitz/JB-0000530.png,https://ganci.whatslink.group/foto-upload/toko3/jibbitz/JB-0000530.png
foto-upload/toko3/jibbitz/JB-0000531.png,https://ganci.whatslink.group/foto-upload/toko3/jibbitz/JB-0000531.png
foto-upload/toko3/jibbitz/JB-0000532.png,https://ganci.whatslink.group/foto-upload/toko3/jibbitz/JB-0000532.png
foto-upload/toko3/jibbitz/JB-0000533.png,https://ganci.whatslink.group/foto-upload/toko3/jibbitz/JB-0000533.png
foto-upload/toko3/jibbitz/JB-0000534.png,https://ganci.whatslink.group/foto-upload/toko3/jibbitz/JB-0000534.png
foto-upload/toko3/jibbitz/JB-0000535.png,https://ganci.whatslink.group/foto-upload/toko3/jibbitz/JB-0000535.png
foto-upload/toko3/jibbitz/JB-0000536.png,https://ganci.whatslink.group/foto-upload/toko3/jibbitz/JB-0000536.png
foto-upload/toko3/jibbitz/JB-0000537.png,https://ganci.whatslink.group/foto-upload/toko3/jibbitz/JB-0000537.png
foto-upload/toko3/jibbitz/JB-0000538.png,https://ganci.whatslink.group/foto-upload/toko3/jibbitz/JB-0000538.png
foto-upload/toko3/jibbitz/JB-0000539.png,https://ganci.whatslink.group/foto-upload/toko3/jibbitz/JB-0000539.png
foto-upload/toko3/jibbitz/JB-0000540.png,https://ganci.whatslink.group/foto-upload/toko3/jibbitz/JB-0000540.png
foto-upload/toko3/jibbitz/JB-0000541.png,https://ganci.whatslink.group/foto-upload/toko3/jibbitz/JB-0000541.png
foto-upload/toko3/jibbitz/JB-0000542.png,https://ganci.whatslink.group/foto-upload/toko3/jibbitz/JB-0000542.png
foto-upload/toko3/jibbitz/JB-0000543.png,https://ganci.whatslink.group/foto-upload/toko3/jibbitz/JB-0000543.png
foto-upload/toko3/jibbitz/JB-0000544.png,https://ganci.whatslink.group/foto-upload/toko3/jibbitz/JB-0000544.png
foto-upload/toko3/jibbitz/JB-0000545.png,https://ganci.whatslink.group/foto-upload/toko3/jibbitz/JB-0000545.png
foto-upload/toko3/jibbitz/JB-0000546.png,https://ganci.whatslink.group/foto-upload/toko3/jibbitz/JB-0000546.png
foto-upload/toko3/jibbitz/JB-0000547.png,https://ganci.whatslink.group/foto-upload/toko3/jibbitz/JB-0000547.png
foto-upload/toko3/jibbitz/JB-0000548.png,https://ganci.whatslink.group/foto-upload/toko3/jibbitz/JB-0000548.png
foto-upload/toko3/jibbitz/JB-0000549.png,https://ganci.whatslink.group/foto-upload/toko3/jibbitz/JB-0000549.png
foto-upload/toko3/jibbitz/JB-0000550.png,https://ganci.whatslink.group/foto-upload/toko3/jibbitz/JB-0000550.png
foto-upload/toko3/jibbitz/JB-0000551.png,https://ganci.whatslink.group/foto-upload/toko3/jibbitz/JB-0000551.png
foto-upload/toko3/jibbitz/JB-0000552.png,https://ganci.whatslink.group/foto-upload/toko3/jibbitz/JB-0000552.png
foto-upload/toko3/jibbitz/JB-0000553.png,https://ganci.whatslink.group/foto-upload/toko3/jibbitz/JB-0000553.png
foto-upload/toko3/jibbitz/JB-0000554.png,https://ganci.whatslink.group/foto-upload/toko3/jibbitz/JB-0000554.png
foto-upload/toko3/jibbitz/JB-0000555.png,https://ganci.whatslink.group/foto-upload/toko3/jibbitz/JB-0000555.png
foto-upload/toko3/jibbitz/JB-0000556.png,https://ganci.whatslink.group/foto-upload/toko3/jibbitz/JB-0000556.png
foto-upload/toko3/jibbitz/JB-0000557.png,https://ganci.whatslink.group/foto-upload/toko3/jibbitz/JB-0000557.png
foto-upload/toko3/jibbitz/JB-0000558.png,https://ganci.whatslink.group/foto-upload/toko3/jibbitz/JB-0000558.png
foto-upload/toko3/jibbitz/JB-0000559.png,https://ganci.whatslink.group/foto-upload/toko3/jibbitz/JB-0000559.png
foto-upload/toko3/jibbitz/JB-0000560.png,https://ganci.whatslink.group/foto-upload/toko3/jibbitz/JB-0000560.png
foto-upload/toko3/jibbitz/JB-0000561.png,https://ganci.whatslink.group/foto-upload/toko3/jibbitz/JB-0000561.png
foto-upload/toko3/jibbitz/JB-0000562.png,https://ganci.whatslink.group/foto-upload/toko3/jibbitz/JB-0000562.png
foto-upload/toko3/jibbitz/JB-0000563.png,https://ganci.whatslink.group/foto-upload/toko3/jibbitz/JB-0000563.png
foto-upload/toko3/jibbitz/JB-0000564.png,https://ganci.whatslink.group/foto-upload/toko3/jibbitz/JB-0000564.png
foto-upload/toko3/jibbitz/JB-0000565.png,https://ganci.whatslink.group/foto-upload/toko3/jibbitz/JB-0000565.png
foto-upload/toko3/jibbitz/JB-0000566.png,https://ganci.whatslink.group/foto-upload/toko3/jibbitz/JB-0000566.png
foto-upload/toko3/jibbitz/JB-0000567.png,https://ganci.whatslink.group/foto-upload/toko3/jibbitz/JB-0000567.png
foto-upload/toko3/jibbitz/JB-0000568.png,https://ganci.whatslink.group/foto-upload/toko3/jibbitz/JB-0000568.png
foto-upload/toko3/jibbitz/JB-0000569.png,https://ganci.whatslink.group/foto-upload/toko3/jibbitz/JB-0000569.png
foto-upload/toko3/jibbitz/JB-0000570.png,https://ganci.whatslink.group/foto-upload/toko3/jibbitz/JB-0000570.png
foto-upload/toko3/jibbitz/JB-0000571.png,https://ganci.whatslink.group/foto-upload/toko3/jibbitz/JB-0000571.png
foto-upload/toko3/jibbitz/JB-0000572.png,https://ganci.whatslink.group/foto-upload/toko3/jibbitz/JB-0000572.png
foto-upload/toko3/jibbitz/JB-0000573.png,https://ganci.whatslink.group/foto-upload/toko3/jibbitz/JB-0000573.png
foto-upload/toko3/jibbitz/JB-0000574.png,https://ganci.whatslink.group/foto-upload/toko3/jibbitz/JB-0000574.png
foto-upload/toko3/jibbitz/JB-0000575.png,https://ganci.whatslink.group/foto-upload/toko3/jibbitz/JB-0000575.png
foto-upload/toko3/jibbitz/JB-0000576.png,https://ganci.whatslink.group/foto-upload/toko3/jibbitz/JB-0000576.png
foto-upload/toko3/jibbitz/JB-0000577.png,https://ganci.whatslink.group/foto-upload/toko3/jibbitz/JB-0000577.png
foto-upload/toko3/jibbitz/JB-0000578.png,https://ganci.whatslink.group/foto-upload/toko3/jibbitz/JB-0000578.png
foto-upload/toko3/jibbitz/JB-0000579.png,https://ganci.whatslink.group/foto-upload/toko3/jibbitz/JB-0000579.png
foto-upload/toko3/jibbitz/JB-0000580.png,https://ganci.whatslink.group/foto-upload/toko3/jibbitz/JB-0000580.png
foto-upload/toko3/jibbitz/JB-0000581.png,https://ganci.whatslink.group/foto-upload/toko3/jibbitz/JB-0000581.png
foto-upload/toko3/jibbitz/JB-0000582.png,https://ganci.whatslink.group/foto-upload/toko3/jibbitz/JB-0000582.png
foto-upload/toko3/jibbitz/JB-0000583.png,https://ganci.whatslink.group/foto-upload/toko3/jibbitz/JB-0000583.png
foto-upload/toko3/jibbitz/JB-0000584.png,https://ganci.whatslink.group/foto-upload/toko3/jibbitz/JB-0000584.png
foto-upload/toko3/jibbitz/JB-0000585.png,https://ganci.whatslink.group/foto-upload/toko3/jibbitz/JB-0000585.png
foto-upload/toko3/jibbitz/JB-0000586.png,https://ganci.whatslink.group/foto-upload/toko3/jibbitz/JB-0000586.png
foto-upload/toko3/jibbitz/JB-0000587.png,https://ganci.whatslink.group/foto-upload/toko3/jibbitz/JB-0000587.png
foto-upload/toko3/jibbitz/JB-0000588.png,https://ganci.whatslink.group/foto-upload/toko3/jibbitz/JB-0000588.png
foto-upload/toko3/jibbitz/JB-0000589.png,https://ganci.whatslink.group/foto-upload/toko3/jibbitz/JB-0000589.png
foto-upload/toko3/jibbitz/JB-0000590.png,https://ganci.whatslink.group/foto-upload/toko3/jibbitz/JB-0000590.png
foto-upload/toko3/jibbitz/JB-0000591.png,https://ganci.whatslink.group/foto-upload/toko3/jibbitz/JB-0000591.png
foto-upload/toko3/jibbitz/JB-0000592.png,https://ganci.whatslink.group/foto-upload/toko3/jibbitz/JB-0000592.png
foto-upload/toko3/jibbitz/JB-0000593.png,https://ganci.whatslink.group/foto-upload/toko3/jibbitz/JB-0000593.png
foto-upload/toko3/jibbitz/JB-0000594.png,https://ganci.whatslink.group/foto-upload/toko3/jibbitz/JB-0000594.png
foto-upload/toko3/jibbitz/JB-0000595.png,https://ganci.whatslink.group/foto-upload/toko3/jibbitz/JB-0000595.png
foto-upload/toko3/jibbitz/JB-0000596.png,https://ganci.whatslink.group/foto-upload/toko3/jibbitz/JB-0000596.png
foto-upload/toko3/jibbitz/JB-0000597.png,https://ganci.whatslink.group/foto-upload/toko3/jibbitz/JB-0000597.png
foto-upload/toko3/jibbitz/JB-0000598.png,https://ganci.whatslink.group/foto-upload/toko3/jibbitz/JB-0000598.png
foto-upload/toko3/jibbitz/JB-0000599.png,https://ganci.whatslink.group/foto-upload/toko3/jibbitz/JB-0000599.png
foto-upload/toko3/jibbitz/JB-0000600.png,https://ganci.whatslink.group/foto-upload/toko3/jibbitz/JB-0000600.png
foto-upload/toko3/jibbitz/JB-0000601.png,https://ganci.whatslink.group/foto-upload/toko3/jibbitz/JB-0000601.png
foto-upload/toko3/jibbitz/JB-0000602.png,https://ganci.whatslink.group/foto-upload/toko3/jibbitz/JB-0000602.png
foto-upload/toko3/jibbitz/JB-0000603.png,https://ganci.whatslink.group/foto-upload/toko3/jibbitz/JB-0000603.png
foto-upload/toko3/jibbitz/JB-0000604.png,https://ganci.whatslink.group/foto-upload/toko3/jibbitz/JB-0000604.png
foto-upload/toko3/jibbitz/JB-0000605.png,https://ganci.whatslink.group/foto-upload/toko3/jibbitz/JB-0000605.png
foto-upload/toko3/jibbitz/JB-0000606.png,https://ganci.whatslink.group/foto-upload/toko3/jibbitz/JB-0000606.png
foto-upload/toko3/jibbitz/JB-0000607.png,https://ganci.whatslink.group/foto-upload/toko3/jibbitz/JB-0000607.png
foto-upload/toko3/jibbitz/JB-0000608.png,https://ganci.whatslink.group/foto-upload/toko3/jibbitz/JB-0000608.png
foto-upload/toko3/jibbitz/JB-0000609.png,https://ganci.whatslink.group/foto-upload/toko3/jibbitz/JB-0000609.png
foto-upload/toko3/jibbitz/JB-0000610.png,https://ganci.whatslink.group/foto-upload/toko3/jibbitz/JB-0000610.png
foto-upload/toko3/jibbitz/JB-0000611.png,https://ganci.whatslink.group/foto-upload/toko3/jibbitz/JB-0000611.png
foto-upload/toko3/jibbitz/JB-0000612.png,https://ganci.whatslink.group/foto-upload/toko3/jibbitz/JB-0000612.png
foto-upload/toko3/jibbitz/JB-0000613.png,https://ganci.whatslink.group/foto-upload/toko3/jibbitz/JB-0000613.png
foto-upload/toko3/jibbitz/JB-0000614.png,https://ganci.whatslink.group/foto-upload/toko3/jibbitz/JB-0000614.png
foto-upload/toko3/jibbitz/JB-0000615.png,https://ganci.whatslink.group/foto-upload/toko3/jibbitz/JB-0000615.png
foto-upload/toko3/jibbitz/JB-0000616.png,https://ganci.whatslink.group/foto-upload/toko3/jibbitz/JB-0000616.png
foto-upload/toko3/jibbitz/JB-0000617.png,https://ganci.whatslink.group/foto-upload/toko3/jibbitz/JB-0000617.png
foto-upload/toko3/jibbitz/JB-0000618.png,https://ganci.whatslink.group/foto-upload/toko3/jibbitz/JB-0000618.png
foto-upload/toko3/jibbitz/JB-0000619.png,https://ganci.whatslink.group/foto-upload/toko3/jibbitz/JB-0000619.png
foto-upload/toko3/jibbitz/JB-0000620.png,https://ganci.whatslink.group/foto-upload/toko3/jibbitz/JB-0000620.png
foto-upload/toko3/jibbitz/JB-0000621.png,https://ganci.whatslink.group/foto-upload/toko3/jibbitz/JB-0000621.png
foto-upload/toko3/jibbitz/JB-0000622.png,https://ganci.whatslink.group/foto-upload/toko3/jibbitz/JB-0000622.png
foto-upload/toko3/jibbitz/JB-0000623.png,https://ganci.whatslink.group/foto-upload/toko3/jibbitz/JB-0000623.png
foto-upload/toko3/jibbitz/JB-0000624.png,https://ganci.whatslink.group/foto-upload/toko3/jibbitz/JB-0000624.png
foto-upload/toko3/jibbitz/JB-0000625.png,https://ganci.whatslink.group/foto-upload/toko3/jibbitz/JB-0000625.png
foto-upload/toko3/jibbitz/JB-0000626.png,https://ganci.whatslink.group/foto-upload/toko3/jibbitz/JB-0000626.png
foto-upload/toko3/jibbitz/JB-0000627.png,https://ganci.whatslink.group/foto-upload/toko3/jibbitz/JB-0000627.png
foto-upload/toko3/jibbitz/JB-0000628.png,https://ganci.whatslink.group/foto-upload/toko3/jibbitz/JB-0000628.png
foto-upload/toko3/jibbitz/JB-0000629.png,https://ganci.whatslink.group/foto-upload/toko3/jibbitz/JB-0000629.png
foto-upload/toko3/jibbitz/JB-0000630.png,https://ganci.whatslink.group/foto-upload/toko3/jibbitz/JB-0000630.png
foto-upload/toko3/jibbitz/JB-0000631.png,https://ganci.whatslink.group/foto-upload/toko3/jibbitz/JB-0000631.png
foto-upload/toko3/jibbitz/JB-0000632.png,https://ganci.whatslink.group/foto-upload/toko3/jibbitz/JB-0000632.png
foto-upload/toko3/jibbitz/JB-0000633.png,https://ganci.whatslink.group/foto-upload/toko3/jibbitz/JB-0000633.png
foto-upload/toko3/jibbitz/JB-0000634.png,https://ganci.whatslink.group/foto-upload/toko3/jibbitz/JB-0000634.png
foto-upload/toko3/jibbitz/JB-0000635.png,https://ganci.whatslink.group/foto-upload/toko3/jibbitz/JB-0000635.png
foto-upload/toko3/jibbitz/JB-0000636.png,https://ganci.whatslink.group/foto-upload/toko3/jibbitz/JB-0000636.png
foto-upload/toko3/jibbitz/JB-0000637.png,https://ganci.whatslink.group/foto-upload/toko3/jibbitz/JB-0000637.png
foto-upload/toko3/jibbitz/JB-0000638.png,https://ganci.whatslink.group/foto-upload/toko3/jibbitz/JB-0000638.png
foto-upload/toko3/jibbitz/JB-0000639.png,https://ganci.whatslink.group/foto-upload/toko3/jibbitz/JB-0000639.png
foto-upload/toko3/jibbitz/JB-0000640.png,https://ganci.whatslink.group/foto-upload/toko3/jibbitz/JB-0000640.png
foto-upload/toko3/jibbitz/JB-0000641.png,https://ganci.whatslink.group/foto-upload/toko3/jibbitz/JB-0000641.png
foto-upload/toko3/jibbitz/JB-0000642.png,https://ganci.whatslink.group/foto-upload/toko3/jibbitz/JB-0000642.png
foto-upload/toko3/jibbitz/JB-0000643.png,https://ganci.whatslink.group/foto-upload/toko3/jibbitz/JB-0000643.png
foto-upload/toko3/jibbitz/JB-0000644.png,https://ganci.whatslink.group/foto-upload/toko3/jibbitz/JB-0000644.png
foto-upload/toko3/jibbitz/JB-0000645.png,https://ganci.whatslink.group/foto-upload/toko3/jibbitz/JB-0000645.png
foto-upload/toko3/jibbitz/JB-0000646.png,https://ganci.whatslink.group/foto-upload/toko3/jibbitz/JB-0000646.png
foto-upload/toko3/jibbitz/JB-0000647.png,https://ganci.whatslink.group/foto-upload/toko3/jibbitz/JB-0000647.png
foto-upload/toko3/jibbitz/JB-0000648.png,https://ganci.whatslink.group/foto-upload/toko3/jibbitz/JB-0000648.png
foto-upload/toko3/jibbitz/JB-0000649.png,https://ganci.whatslink.group/foto-upload/toko3/jibbitz/JB-0000649.png
foto-upload/toko3/jibbitz/JB-0000650.png,https://ganci.whatslink.group/foto-upload/toko3/jibbitz/JB-0000650.png
foto-upload/toko3/jibbitz/JB-0000751.png,https://ganci.whatslink.group/foto-upload/toko3/jibbitz/JB-0000751.png
foto-upload/toko3/jibbitz/JB-0000752.png,https://ganci.whatslink.group/foto-upload/toko3/jibbitz/JB-0000752.png
foto-upload/toko3/jibbitz/JB-0000753.png,https://ganci.whatslink.group/foto-upload/toko3/jibbitz/JB-0000753.png
foto-upload/toko3/jibbitz/JB-0000754.png,https://ganci.whatslink.group/foto-upload/toko3/jibbitz/JB-0000754.png
foto-upload/toko3/jibbitz/JB-0000755.png,https://ganci.whatslink.group/foto-upload/toko3/jibbitz/JB-0000755.png
foto-upload/toko3/jibbitz/JB-0000756.png,https://ganci.whatslink.group/foto-upload/toko3/jibbitz/JB-0000756.png
foto-upload/toko3/jibbitz/JB-0000757.png,https://ganci.whatslink.group/foto-upload/toko3/jibbitz/JB-0000757.png
foto-upload/toko3/jibbitz/JB-0000758.png,https://ganci.whatslink.group/foto-upload/toko3/jibbitz/JB-0000758.png
foto-upload/toko3/jibbitz/JB-0000759.png,https://ganci.whatslink.group/foto-upload/toko3/jibbitz/JB-0000759.png
foto-upload/toko3/jibbitz/JB-0000760.png,https://ganci.whatslink.group/foto-upload/toko3/jibbitz/JB-0000760.png
foto-upload/toko3/jibbitz/JB-0000761.png,https://ganci.whatslink.group/foto-upload/toko3/jibbitz/JB-0000761.png
foto-upload/toko3/jibbitz/JB-0000762.png,https://ganci.whatslink.group/foto-upload/toko3/jibbitz/JB-0000762.png
foto-upload/toko3/jibbitz/JB-0000763.png,https://ganci.whatslink.group/foto-upload/toko3/jibbitz/JB-0000763.png
foto-upload/toko3/jibbitz/JB-0000764.png,https://ganci.whatslink.group/foto-upload/toko3/jibbitz/JB-0000764.png
foto-upload/toko3/jibbitz/JB-0000765.png,https://ganci.whatslink.group/foto-upload/toko3/jibbitz/JB-0000765.png
foto-upload/toko3/jibbitz/JB-0000766.png,https://ganci.whatslink.group/foto-upload/toko3/jibbitz/JB-0000766.png
foto-upload/toko3/jibbitz/JB-0000767.png,https://ganci.whatslink.group/foto-upload/toko3/jibbitz/JB-0000767.png
foto-upload/toko3/jibbitz/JB-0000768.png,https://ganci.whatslink.group/foto-upload/toko3/jibbitz/JB-0000768.png
foto-upload/toko3/jibbitz/JB-0000769.png,https://ganci.whatslink.group/foto-upload/toko3/jibbitz/JB-0000769.png
foto-upload/toko3/jibbitz/JB-0000770.png,https://ganci.whatslink.group/foto-upload/toko3/jibbitz/JB-0000770.png
foto-upload/toko3/jibbitz/JB-0000771.png,https://ganci.whatslink.group/foto-upload/toko3/jibbitz/JB-0000771.png
foto-upload/toko3/jibbitz/JB-0000772.png,https://ganci.whatslink.group/foto-upload/toko3/jibbitz/JB-0000772.png
foto-upload/toko3/jibbitz/JB-0000773.png,https://ganci.whatslink.group/foto-upload/toko3/jibbitz/JB-0000773.png
foto-upload/toko3/jibbitz/JB-0000774.png,https://ganci.whatslink.group/foto-upload/toko3/jibbitz/JB-0000774.png
foto-upload/toko3/jibbitz/JB-0000775.png,https://ganci.whatslink.group/foto-upload/toko3/jibbitz/JB-0000775.png
foto-upload/toko3/jibbitz/JB-0000776.png,https://ganci.whatslink.group/foto-upload/toko3/jibbitz/JB-0000776.png
foto-upload/toko3/jibbitz/JB-0000777.png,https://ganci.whatslink.group/foto-upload/toko3/jibbitz/JB-0000777.png
foto-upload/toko3/jibbitz/JB-0000778.png,https://ganci.whatslink.group/foto-upload/toko3/jibbitz/JB-0000778.png
foto-upload/toko3/jibbitz/JB-0000779.png,https://ganci.whatslink.group/foto-upload/toko3/jibbitz/JB-0000779.png
foto-upload/toko3/jibbitz/JB-0000780.png,https://ganci.whatslink.group/foto-upload/toko3/jibbitz/JB-0000780.png
foto-upload/toko3/jibbitz/JB-0000781.png,https://ganci.whatslink.group/foto-upload/toko3/jibbitz/JB-0000781.png
foto-upload/toko3/jibbitz/JB-0000782.png,https://ganci.whatslink.group/foto-upload/toko3/jibbitz/JB-0000782.png
foto-upload/toko3/jibbitz/JB-0000783.png,https://ganci.whatslink.group/foto-upload/toko3/jibbitz/JB-0000783.png
foto-upload/toko3/jibbitz/JB-0000784.png,https://ganci.whatslink.group/foto-upload/toko3/jibbitz/JB-0000784.png
foto-upload/toko3/jibbitz/JB-0000785.png,https://ganci.whatslink.group/foto-upload/toko3/jibbitz/JB-0000785.png
foto-upload/toko3/jibbitz/JB-0000786.png,https://ganci.whatslink.group/foto-upload/toko3/jibbitz/JB-0000786.png
foto-upload/toko3/jibbitz/JB-0000787.png,https://ganci.whatslink.group/foto-upload/toko3/jibbitz/JB-0000787.png
foto-upload/toko3/jibbitz/JB-0000788.png,https://ganci.whatslink.group/foto-upload/toko3/jibbitz/JB-0000788.png
foto-upload/toko3/jibbitz/JB-0000789.png,https://ganci.whatslink.group/foto-upload/toko3/jibbitz/JB-0000789.png
foto-upload/toko3/jibbitz/JB-0000790.png,https://ganci.whatslink.group/foto-upload/toko3/jibbitz/JB-0000790.png
foto-upload/toko3/jibbitz/JB-0000791.png,https://ganci.whatslink.group/foto-upload/toko3/jibbitz/JB-0000791.png
foto-upload/toko3/jibbitz/JB-0000792.png,https://ganci.whatslink.group/foto-upload/toko3/jibbitz/JB-0000792.png
foto-upload/toko3/jibbitz/JB-0000793.png,https://ganci.whatslink.group/foto-upload/toko3/jibbitz/JB-0000793.png
foto-upload/toko3/jibbitz/JB-0000794.png,https://ganci.whatslink.group/foto-upload/toko3/jibbitz/JB-0000794.png
foto-upload/toko3/jibbitz/JB-0000795.png,https://ganci.whatslink.group/foto-upload/toko3/jibbitz/JB-0000795.png
foto-upload/toko3/jibbitz/JB-0000796.png,https://ganci.whatslink.group/foto-upload/toko3/jibbitz/JB-0000796.png
foto-upload/toko3/jibbitz/JB-0000797.png,https://ganci.whatslink.group/foto-upload/toko3/jibbitz/JB-0000797.png
foto-upload/toko3/jibbitz/JB-0000798.png,https://ganci.whatslink.group/foto-upload/toko3/jibbitz/JB-0000798.png
foto-upload/toko3/jibbitz/JB-0000799.png,https://ganci.whatslink.group/foto-upload/toko3/jibbitz/JB-0000799.png
foto-upload/toko3/jibbitz/JB-0000800.png,https://ganci.whatslink.group/foto-upload/toko3/jibbitz/JB-0000800.png
foto-upload/toko3/jibbitz/JB-BAVERAGECOFFEE-utama1.png,https://ganci.whatslink.group/foto-upload/toko3/jibbitz/JB-BAVERAGECOFFEE-utama1.png
foto-upload/toko3/jibbitz/JB-BAVERAGECOFFEE-utama2.png,https://ganci.whatslink.group/foto-upload/toko3/jibbitz/JB-BAVERAGECOFFEE-utama2.png
foto-upload/toko3/jibbitz/JB-BAVERAGECOFFEE-utama3.png,https://ganci.whatslink.group/foto-upload/toko3/jibbitz/JB-BAVERAGECOFFEE-utama3.png
foto-upload/toko3/jibbitz/JB-BLACKPINK-utama1.png,https://ganci.whatslink.group/foto-upload/toko3/jibbitz/JB-BLACKPINK-utama1.png
foto-upload/toko3/jibbitz/JB-BLACKPINK-utama2.png,https://ganci.whatslink.group/foto-upload/toko3/jibbitz/JB-BLACKPINK-utama2.png
foto-upload/toko3/jibbitz/JB-BLACKPINK-utama3.png,https://ganci.whatslink.group/foto-upload/toko3/jibbitz/JB-BLACKPINK-utama3.png
foto-upload/toko3/jibbitz/JB-BTS-utama1.png,https://ganci.whatslink.group/foto-upload/toko3/jibbitz/JB-BTS-utama1.png
foto-upload/toko3/jibbitz/JB-BTS-utama2.png,https://ganci.whatslink.group/foto-upload/toko3/jibbitz/JB-BTS-utama2.png
foto-upload/toko3/jibbitz/JB-BTS-utama3.png,https://ganci.whatslink.group/foto-upload/toko3/jibbitz/JB-BTS-utama3.png
foto-upload/toko3/jibbitz/JB-CORTIS-utama1.png,https://ganci.whatslink.group/foto-upload/toko3/jibbitz/JB-CORTIS-utama1.png
foto-upload/toko3/jibbitz/JB-CORTIS-utama2.png,https://ganci.whatslink.group/foto-upload/toko3/jibbitz/JB-CORTIS-utama2.png
foto-upload/toko3/jibbitz/JB-CORTIS-utama3.png,https://ganci.whatslink.group/foto-upload/toko3/jibbitz/JB-CORTIS-utama3.png
foto-upload/toko3/jibbitz/JB-F1RACE-utama1.png,https://ganci.whatslink.group/foto-upload/toko3/jibbitz/JB-F1RACE-utama1.png
foto-upload/toko3/jibbitz/JB-F1RACE-utama2.png,https://ganci.whatslink.group/foto-upload/toko3/jibbitz/JB-F1RACE-utama2.png
foto-upload/toko3/jibbitz/JB-F1RACE-utama3.png,https://ganci.whatslink.group/foto-upload/toko3/jibbitz/JB-F1RACE-utama3.png
foto-upload/toko3/jibbitz/JB-HARRYPOTTER-utama1.png,https://ganci.whatslink.group/foto-upload/toko3/jibbitz/JB-HARRYPOTTER-utama1.png
foto-upload/toko3/jibbitz/JB-HARRYPOTTER-utama2.png,https://ganci.whatslink.group/foto-upload/toko3/jibbitz/JB-HARRYPOTTER-utama2.png
foto-upload/toko3/jibbitz/JB-HARRYPOTTER-utama3.png,https://ganci.whatslink.group/foto-upload/toko3/jibbitz/JB-HARRYPOTTER-utama3.png
foto-upload/toko3/jibbitz/JB-HEARTS2HEARTS-utama1.png,https://ganci.whatslink.group/foto-upload/toko3/jibbitz/JB-HEARTS2HEARTS-utama1.png
foto-upload/toko3/jibbitz/JB-HEARTS2HEARTS-utama2.png,https://ganci.whatslink.group/foto-upload/toko3/jibbitz/JB-HEARTS2HEARTS-utama2.png
foto-upload/toko3/jibbitz/JB-HEARTS2HEARTS-utama3.png,https://ganci.whatslink.group/foto-upload/toko3/jibbitz/JB-HEARTS2HEARTS-utama3.png
foto-upload/toko3/jibbitz/JB-LANY-utama1.png,https://ganci.whatslink.group/foto-upload/toko3/jibbitz/JB-LANY-utama1.png
foto-upload/toko3/jibbitz/JB-LANY-utama2.png,https://ganci.whatslink.group/foto-upload/toko3/jibbitz/JB-LANY-utama2.png
foto-upload/toko3/jibbitz/JB-LANY-utama3.png,https://ganci.whatslink.group/foto-upload/toko3/jibbitz/JB-LANY-utama3.png
foto-upload/toko3/jibbitz/JB-LIVERPOOL-utama1.png,https://ganci.whatslink.group/foto-upload/toko3/jibbitz/JB-LIVERPOOL-utama1.png
foto-upload/toko3/jibbitz/JB-LIVERPOOL-utama2.png,https://ganci.whatslink.group/foto-upload/toko3/jibbitz/JB-LIVERPOOL-utama2.png
foto-upload/toko3/jibbitz/JB-LIVERPOOL-utama3.png,https://ganci.whatslink.group/foto-upload/toko3/jibbitz/JB-LIVERPOOL-utama3.png
foto-upload/toko3/jibbitz/JB-MATCHA-utama1.png,https://ganci.whatslink.group/foto-upload/toko3/jibbitz/JB-MATCHA-utama1.png
foto-upload/toko3/jibbitz/JB-MATCHA-utama2.png,https://ganci.whatslink.group/foto-upload/toko3/jibbitz/JB-MATCHA-utama2.png
foto-upload/toko3/jibbitz/JB-MATCHA-utama3.png,https://ganci.whatslink.group/foto-upload/toko3/jibbitz/JB-MATCHA-utama3.png
foto-upload/toko3/jibbitz/JB-MINECRAFT-utama1.png,https://ganci.whatslink.group/foto-upload/toko3/jibbitz/JB-MINECRAFT-utama1.png
foto-upload/toko3/jibbitz/JB-MINECRAFT-utama2.png,https://ganci.whatslink.group/foto-upload/toko3/jibbitz/JB-MINECRAFT-utama2.png
foto-upload/toko3/jibbitz/JB-MINECRAFT-utama3.png,https://ganci.whatslink.group/foto-upload/toko3/jibbitz/JB-MINECRAFT-utama3.png
foto-upload/toko3/pin-akrilik/PA-0000151.png,https://ganci.whatslink.group/foto-upload/toko3/pin-akrilik/PA-0000151.png
foto-upload/toko3/pin-akrilik/PA-0000152.png,https://ganci.whatslink.group/foto-upload/toko3/pin-akrilik/PA-0000152.png
foto-upload/toko3/pin-akrilik/PA-0000153.png,https://ganci.whatslink.group/foto-upload/toko3/pin-akrilik/PA-0000153.png
foto-upload/toko3/pin-akrilik/PA-0000154.png,https://ganci.whatslink.group/foto-upload/toko3/pin-akrilik/PA-0000154.png
foto-upload/toko3/pin-akrilik/PA-0000155.png,https://ganci.whatslink.group/foto-upload/toko3/pin-akrilik/PA-0000155.png
foto-upload/toko3/pin-akrilik/PA-0000156.png,https://ganci.whatslink.group/foto-upload/toko3/pin-akrilik/PA-0000156.png
foto-upload/toko3/pin-akrilik/PA-0000157.png,https://ganci.whatslink.group/foto-upload/toko3/pin-akrilik/PA-0000157.png
foto-upload/toko3/pin-akrilik/PA-0000158.png,https://ganci.whatslink.group/foto-upload/toko3/pin-akrilik/PA-0000158.png
foto-upload/toko3/pin-akrilik/PA-0000159.png,https://ganci.whatslink.group/foto-upload/toko3/pin-akrilik/PA-0000159.png
foto-upload/toko3/pin-akrilik/PA-0000160.png,https://ganci.whatslink.group/foto-upload/toko3/pin-akrilik/PA-0000160.png
foto-upload/toko3/pin-akrilik/PA-0000161.png,https://ganci.whatslink.group/foto-upload/toko3/pin-akrilik/PA-0000161.png
foto-upload/toko3/pin-akrilik/PA-0000162.png,https://ganci.whatslink.group/foto-upload/toko3/pin-akrilik/PA-0000162.png
foto-upload/toko3/pin-akrilik/PA-0000163.png,https://ganci.whatslink.group/foto-upload/toko3/pin-akrilik/PA-0000163.png
foto-upload/toko3/pin-akrilik/PA-0000164.png,https://ganci.whatslink.group/foto-upload/toko3/pin-akrilik/PA-0000164.png
foto-upload/toko3/pin-akrilik/PA-0000165.png,https://ganci.whatslink.group/foto-upload/toko3/pin-akrilik/PA-0000165.png
foto-upload/toko3/pin-akrilik/PA-0000166.png,https://ganci.whatslink.group/foto-upload/toko3/pin-akrilik/PA-0000166.png
foto-upload/toko3/pin-akrilik/PA-0000167.png,https://ganci.whatslink.group/foto-upload/toko3/pin-akrilik/PA-0000167.png
foto-upload/toko3/pin-akrilik/PA-0000168.png,https://ganci.whatslink.group/foto-upload/toko3/pin-akrilik/PA-0000168.png
foto-upload/toko3/pin-akrilik/PA-0000169.png,https://ganci.whatslink.group/foto-upload/toko3/pin-akrilik/PA-0000169.png
foto-upload/toko3/pin-akrilik/PA-0000170.png,https://ganci.whatslink.group/foto-upload/toko3/pin-akrilik/PA-0000170.png
foto-upload/toko3/pin-akrilik/PA-0000171.png,https://ganci.whatslink.group/foto-upload/toko3/pin-akrilik/PA-0000171.png
foto-upload/toko3/pin-akrilik/PA-0000172.png,https://ganci.whatslink.group/foto-upload/toko3/pin-akrilik/PA-0000172.png
foto-upload/toko3/pin-akrilik/PA-0000173.png,https://ganci.whatslink.group/foto-upload/toko3/pin-akrilik/PA-0000173.png
foto-upload/toko3/pin-akrilik/PA-0000174.png,https://ganci.whatslink.group/foto-upload/toko3/pin-akrilik/PA-0000174.png
foto-upload/toko3/pin-akrilik/PA-0000175.png,https://ganci.whatslink.group/foto-upload/toko3/pin-akrilik/PA-0000175.png
foto-upload/toko3/pin-akrilik/PA-0000176.png,https://ganci.whatslink.group/foto-upload/toko3/pin-akrilik/PA-0000176.png
foto-upload/toko3/pin-akrilik/PA-0000177.png,https://ganci.whatslink.group/foto-upload/toko3/pin-akrilik/PA-0000177.png
foto-upload/toko3/pin-akrilik/PA-0000178.png,https://ganci.whatslink.group/foto-upload/toko3/pin-akrilik/PA-0000178.png
foto-upload/toko3/pin-akrilik/PA-0000179.png,https://ganci.whatslink.group/foto-upload/toko3/pin-akrilik/PA-0000179.png
foto-upload/toko3/pin-akrilik/PA-0000180.png,https://ganci.whatslink.group/foto-upload/toko3/pin-akrilik/PA-0000180.png
foto-upload/toko3/pin-akrilik/PA-0000181.png,https://ganci.whatslink.group/foto-upload/toko3/pin-akrilik/PA-0000181.png
foto-upload/toko3/pin-akrilik/PA-0000182.png,https://ganci.whatslink.group/foto-upload/toko3/pin-akrilik/PA-0000182.png
foto-upload/toko3/pin-akrilik/PA-0000183.png,https://ganci.whatslink.group/foto-upload/toko3/pin-akrilik/PA-0000183.png
foto-upload/toko3/pin-akrilik/PA-0000184.png,https://ganci.whatslink.group/foto-upload/toko3/pin-akrilik/PA-0000184.png
foto-upload/toko3/pin-akrilik/PA-0000185.png,https://ganci.whatslink.group/foto-upload/toko3/pin-akrilik/PA-0000185.png
foto-upload/toko3/pin-akrilik/PA-0000186.png,https://ganci.whatslink.group/foto-upload/toko3/pin-akrilik/PA-0000186.png
foto-upload/toko3/pin-akrilik/PA-0000187.png,https://ganci.whatslink.group/foto-upload/toko3/pin-akrilik/PA-0000187.png
foto-upload/toko3/pin-akrilik/PA-0000188.png,https://ganci.whatslink.group/foto-upload/toko3/pin-akrilik/PA-0000188.png
foto-upload/toko3/pin-akrilik/PA-0000189.png,https://ganci.whatslink.group/foto-upload/toko3/pin-akrilik/PA-0000189.png
foto-upload/toko3/pin-akrilik/PA-0000190.png,https://ganci.whatslink.group/foto-upload/toko3/pin-akrilik/PA-0000190.png
foto-upload/toko3/pin-akrilik/PA-0000191.png,https://ganci.whatslink.group/foto-upload/toko3/pin-akrilik/PA-0000191.png
foto-upload/toko3/pin-akrilik/PA-0000192.png,https://ganci.whatslink.group/foto-upload/toko3/pin-akrilik/PA-0000192.png
foto-upload/toko3/pin-akrilik/PA-0000193.png,https://ganci.whatslink.group/foto-upload/toko3/pin-akrilik/PA-0000193.png
foto-upload/toko3/pin-akrilik/PA-0000194.png,https://ganci.whatslink.group/foto-upload/toko3/pin-akrilik/PA-0000194.png
foto-upload/toko3/pin-akrilik/PA-0000195.png,https://ganci.whatslink.group/foto-upload/toko3/pin-akrilik/PA-0000195.png
foto-upload/toko3/pin-akrilik/PA-0000196.png,https://ganci.whatslink.group/foto-upload/toko3/pin-akrilik/PA-0000196.png
foto-upload/toko3/pin-akrilik/PA-0000197.png,https://ganci.whatslink.group/foto-upload/toko3/pin-akrilik/PA-0000197.png
foto-upload/toko3/pin-akrilik/PA-0000198.png,https://ganci.whatslink.group/foto-upload/toko3/pin-akrilik/PA-0000198.png
foto-upload/toko3/pin-akrilik/PA-0000199.png,https://ganci.whatslink.group/foto-upload/toko3/pin-akrilik/PA-0000199.png
foto-upload/toko3/pin-akrilik/PA-0000200.png,https://ganci.whatslink.group/foto-upload/toko3/pin-akrilik/PA-0000200.png
foto-upload/toko3/pin-akrilik/PA-BLACKPINK-utama1.png,https://ganci.whatslink.group/foto-upload/toko3/pin-akrilik/PA-BLACKPINK-utama1.png
foto-upload/toko3/pin-akrilik/PA-BLACKPINK-utama2.png,https://ganci.whatslink.group/foto-upload/toko3/pin-akrilik/PA-BLACKPINK-utama2.png
foto-upload/toko3/pin-akrilik/PA-BLACKPINK-utama3.png,https://ganci.whatslink.group/foto-upload/toko3/pin-akrilik/PA-BLACKPINK-utama3.png
foto-upload/toko3/umum/TAMBAHAN-U1.png,https://ganci.whatslink.group/foto-upload/toko3/umum/TAMBAHAN-U1.png
