nama_toko,folder_toko,jenis,kunci,tipe,file_lokal,url,ukuran_byte
Graphica Key,toko1,JIBBITZ,JB-0000001,varian,E:\Project\Mass upload shopee\foto-upload\toko1\jibbitz\JB-0000001.png,https://cdn.jsdelivr.net/gh/dennypa77/mass-upload@main/foto-upload/toko1/jibbitz/JB-0000001.png,299497
Graphica Key,toko1,JIBBITZ,JB-0000002,varian,E:\Project\Mass upload shopee\foto-upload\toko1\jibbitz\JB-0000002.png,https://cdn.jsdelivr.net/gh/dennypa77/mass-upload@main/foto-upload/toko1/jibbitz/JB-0000002.png,268124
Graphica Key,toko1,JIBBITZ,JB-0000003,varian,E:\Project\Mass upload shopee\foto-upload\toko1\jibbitz\JB-0000003.png,https://cdn.jsdelivr.net/gh/dennypa77/mass-upload@main/foto-upload/toko1/jibbitz/JB-0000003.png,267945
Graphica Key,toko1,JIBBITZ,JB-0000004,varian,E:\Project\Mass upload shopee\foto-upload\toko1\jibbitz\JB-0000004.png,https://cdn.jsdelivr.net/gh/dennypa77/mass-upload@main/foto-upload/toko1/jibbitz/JB-0000004.png,256422
Graphica Key,toko1,JIBBITZ,JB-0000005,varian,E:\Project\Mass upload shopee\foto-upload\toko1\jibbitz\JB-0000005.png,https://cdn.jsdelivr.net/gh/dennypa77/mass-upload@main/foto-upload/toko1/jibbitz/JB-0000005.png,284151
Graphica Key,toko1,JIBBITZ,JB-0000006,varian,E:\Project\Mass upload shopee\foto-upload\toko1\jibbitz\JB-0000006.png,https://cdn.jsdelivr.net/gh/dennypa77/mass-upload@main/foto-upload/toko1/jibbitz/JB-0000006.png,216461
Graphica Key,toko1,JIBBITZ,JB-0000007,varian,E:\Project\Mass upload shopee\foto-upload\toko1\jibbitz\JB-0000007.png,https://cdn.jsdelivr.net/gh/dennypa77/mass-upload@main/foto-upload/toko1/jibbitz/JB-0000007.png,273703
Graphica Key,toko1,JIBBITZ,JB-0000008,varian,E:\Project\Mass upload shopee\foto-upload\toko1\jibbitz\JB-0000008.png,https://cdn.jsdelivr.net/gh/dennypa77/mass-upload@main/foto-upload/toko1/jibbitz/JB-0000008.png,269169
Graphica Key,toko1,JIBBITZ,JB-0000009,varian,E:\Project\Mass upload shopee\foto-upload\toko1\jibbitz\JB-0000009.png,https://cdn.jsdelivr.net/gh/dennypa77/mass-upload@main/foto-upload/toko1/jibbitz/JB-0000009.png,247575
Graphica Key,toko1,JIBBITZ,JB-0000010,varian,E:\Project\Mass upload shopee\foto-upload\toko1\jibbitz\JB-0000010.png,https://cdn.jsdelivr.net/gh/dennypa77/mass-upload@main/foto-upload/toko1/jibbitz/JB-0000010.png,265012
Graphica Key,toko1,JIBBITZ,JB-0000011,varian,E:\Project\Mass upload shopee\foto-upload\toko1\jibbitz\JB-0000011.png,https://cdn.jsdelivr.net/gh/dennypa77/mass-upload@main/foto-upload/toko1/jibbitz/JB-0000011.png,230433
Graphica Key,toko1,JIBBITZ,JB-0000012,varian,E:\Project\Mass upload shopee\foto-upload\toko1\jibbitz\JB-0000012.png,https://cdn.jsdelivr.net/gh/dennypa77/mass-upload@main/foto-upload/toko1/jibbitz/JB-0000012.png,204228
Graphica Key,toko1,JIBBITZ,JB-0000013,varian,E:\Project\Mass upload shopee\foto-upload\toko1\jibbitz\JB-0000013.png,https://cdn.jsdelivr.net/gh/dennypa77/mass-upload@main/foto-upload/toko1/jibbitz/JB-0000013.png,247512
Graphica Key,toko1,JIBBITZ,JB-0000014,varian,E:\Project\Mass upload shopee\foto-upload\toko1\jibbitz\JB-0000014.png,https://cdn.jsdelivr.net/gh/dennypa77/mass-upload@main/foto-upload/toko1/jibbitz/JB-0000014.png,193558
Graphica Key,toko1,JIBBITZ,JB-0000015,varian,E:\Project\Mass upload shopee\foto-upload\toko1\jibbitz\JB-0000015.png,https://cdn.jsdelivr.net/gh/dennypa77/mass-upload@main/foto-upload/toko1/jibbitz/JB-0000015.png,239681
Graphica Key,toko1,JIBBITZ,JB-0000016,varian,E:\Project\Mass upload shopee\foto-upload\toko1\jibbitz\JB-0000016.png,https://cdn.jsdelivr.net/gh/dennypa77/mass-upload@main/foto-upload/toko1/jibbitz/JB-0000016.png,250278
Graphica Key,toko1,JIBBITZ,JB-0000017,varian,E:\Project\Mass upload shopee\foto-upload\toko1\jibbitz\JB-0000017.png,https://cdn.jsdelivr.net/gh/dennypa77/mass-upload@main/foto-upload/toko1/jibbitz/JB-0000017.png,219217
Graphica Key,toko1,JIBBITZ,JB-0000018,varian,E:\Project\Mass upload shopee\foto-upload\toko1\jibbitz\JB-0000018.png,https://cdn.jsdelivr.net/gh/dennypa77/mass-upload@main/foto-upload/toko1/jibbitz/JB-0000018.png,244216
Graphica Key,toko1,JIBBITZ,JB-0000019,varian,E:\Project\Mass upload shopee\foto-upload\toko1\jibbitz\JB-0000019.png,https://cdn.jsdelivr.net/gh/dennypa77/mass-upload@main/foto-upload/toko1/jibbitz/JB-0000019.png,207739
Graphica Key,toko1,JIBBITZ,JB-0000020,varian,E:\Project\Mass upload shopee\foto-upload\toko1\jibbitz\JB-0000020.png,https://cdn.jsdelivr.net/gh/dennypa77/mass-upload@main/foto-upload/toko1/jibbitz/JB-0000020.png,250538
Graphica Key,toko1,JIBBITZ,JB-0000021,varian,E:\Project\Mass upload shopee\foto-upload\toko1\jibbitz\JB-0000021.png,https://cdn.jsdelivr.net/gh/dennypa77/mass-upload@main/foto-upload/toko1/jibbitz/JB-0000021.png,243955
Graphica Key,toko1,JIBBITZ,JB-0000022,varian,E:\Project\Mass upload shopee\foto-upload\toko1\jibbitz\JB-0000022.png,https://cdn.jsdelivr.net/gh/dennypa77/mass-upload@main/foto-upload/toko1/jibbitz/JB-0000022.png,293907
Graphica Key,toko1,JIBBITZ,JB-0000023,varian,E:\Project\Mass upload shopee\foto-upload\toko1\jibbitz\JB-0000023.png,https://cdn.jsdelivr.net/gh/dennypa77/mass-upload@main/foto-upload/toko1/jibbitz/JB-0000023.png,238996
Graphica Key,toko1,JIBBITZ,JB-0000024,varian,E:\Project\Mass upload shopee\foto-upload\toko1\jibbitz\JB-0000024.png,https://cdn.jsdelivr.net/gh/dennypa77/mass-upload@main/foto-upload/toko1/jibbitz/JB-0000024.png,277094
Graphica Key,toko1,JIBBITZ,JB-0000025,varian,E:\Project\Mass upload shopee\foto-upload\toko1\jibbitz\JB-0000025.png,https://cdn.jsdelivr.net/gh/dennypa77/mass-upload@main/foto-upload/toko1/jibbitz/JB-0000025.png,273141
Graphica Key,toko1,JIBBITZ,JB-0000026,varian,E:\Project\Mass upload shopee\foto-upload\toko1\jibbitz\JB-0000026.png,https://cdn.jsdelivr.net/gh/dennypa77/mass-upload@main/foto-upload/toko1/jibbitz/JB-0000026.png,221291
Graphica Key,toko1,JIBBITZ,JB-0000027,varian,E:\Project\Mass upload shopee\foto-upload\toko1\jibbitz\JB-0000027.png,https://cdn.jsdelivr.net/gh/dennypa77/mass-upload@main/foto-upload/toko1/jibbitz/JB-0000027.png,234457
Graphica Key,toko1,JIBBITZ,JB-0000028,varian,E:\Project\Mass upload shopee\foto-upload\toko1\jibbitz\JB-0000028.png,https://cdn.jsdelivr.net/gh/dennypa77/mass-upload@main/foto-upload/toko1/jibbitz/JB-0000028.png,258844
Graphica Key,toko1,JIBBITZ,JB-0000029,varian,E:\Project\Mass upload shopee\foto-upload\toko1\jibbitz\JB-0000029.png,https://cdn.jsdelivr.net/gh/dennypa77/mass-upload@main/foto-upload/toko1/jibbitz/JB-0000029.png,260305
Graphica Key,toko1,JIBBITZ,JB-0000030,varian,E:\Project\Mass upload shopee\foto-upload\toko1\jibbitz\JB-0000030.png,https://cdn.jsdelivr.net/gh/dennypa77/mass-upload@main/foto-upload/toko1/jibbitz/JB-0000030.png,264104
Graphica Key,toko1,JIBBITZ,JB-0000031,varian,E:\Project\Mass upload shopee\foto-upload\toko1\jibbitz\JB-0000031.png,https://cdn.jsdelivr.net/gh/dennypa77/mass-upload@main/foto-upload/toko1/jibbitz/JB-0000031.png,214358
Graphica Key,toko1,JIBBITZ,JB-0000032,varian,E:\Project\Mass upload shopee\foto-upload\toko1\jibbitz\JB-0000032.png,https://cdn.jsdelivr.net/gh/dennypa77/mass-upload@main/foto-upload/toko1/jibbitz/JB-0000032.png,251926
Graphica Key,toko1,JIBBITZ,JB-0000033,varian,E:\Project\Mass upload shopee\foto-upload\toko1\jibbitz\JB-0000033.png,https://cdn.jsdelivr.net/gh/dennypa77/mass-upload@main/foto-upload/toko1/jibbitz/JB-0000033.png,272782
Graphica Key,toko1,JIBBITZ,JB-0000034,varian,E:\Project\Mass upload shopee\foto-upload\toko1\jibbitz\JB-0000034.png,https://cdn.jsdelivr.net/gh/dennypa77/mass-upload@main/foto-upload/toko1/jibbitz/JB-0000034.png,181851
Graphica Key,toko1,JIBBITZ,JB-0000035,varian,E:\Project\Mass upload shopee\foto-upload\toko1\jibbitz\JB-0000035.png,https://cdn.jsdelivr.net/gh/dennypa77/mass-upload@main/foto-upload/toko1/jibbitz/JB-0000035.png,228310
Graphica Key,toko1,JIBBITZ,JB-0000036,varian,E:\Project\Mass upload shopee\foto-upload\toko1\jibbitz\JB-0000036.png,https://cdn.jsdelivr.net/gh/dennypa77/mass-upload@main/foto-upload/toko1/jibbitz/JB-0000036.png,218955
Graphica Key,toko1,JIBBITZ,JB-0000037,varian,E:\Project\Mass upload shopee\foto-upload\toko1\jibbitz\JB-0000037.png,https://cdn.jsdelivr.net/gh/dennypa77/mass-upload@main/foto-upload/toko1/jibbitz/JB-0000037.png,241881
Graphica Key,toko1,JIBBITZ,JB-0000038,varian,E:\Project\Mass upload shopee\foto-upload\toko1\jibbitz\JB-0000038.png,https://cdn.jsdelivr.net/gh/dennypa77/mass-upload@main/foto-upload/toko1/jibbitz/JB-0000038.png,214890
Graphica Key,toko1,JIBBITZ,JB-0000039,varian,E:\Project\Mass upload shopee\foto-upload\toko1\jibbitz\JB-0000039.png,https://cdn.jsdelivr.net/gh/dennypa77/mass-upload@main/foto-upload/toko1/jibbitz/JB-0000039.png,228169
Graphica Key,toko1,JIBBITZ,JB-0000040,varian,E:\Project\Mass upload shopee\foto-upload\toko1\jibbitz\JB-0000040.png,https://cdn.jsdelivr.net/gh/dennypa77/mass-upload@main/foto-upload/toko1/jibbitz/JB-0000040.png,216038
Graphica Key,toko1,JIBBITZ,JB-0000041,varian,E:\Project\Mass upload shopee\foto-upload\toko1\jibbitz\JB-0000041.png,https://cdn.jsdelivr.net/gh/dennypa77/mass-upload@main/foto-upload/toko1/jibbitz/JB-0000041.png,241247
Graphica Key,toko1,JIBBITZ,JB-0000042,varian,E:\Project\Mass upload shopee\foto-upload\toko1\jibbitz\JB-0000042.png,https://cdn.jsdelivr.net/gh/dennypa77/mass-upload@main/foto-upload/toko1/jibbitz/JB-0000042.png,246160
Graphica Key,toko1,JIBBITZ,JB-0000043,varian,E:\Project\Mass upload shopee\foto-upload\toko1\jibbitz\JB-0000043.png,https://cdn.jsdelivr.net/gh/dennypa77/mass-upload@main/foto-upload/toko1/jibbitz/JB-0000043.png,247488
Graphica Key,toko1,JIBBITZ,JB-0000044,varian,E:\Project\Mass upload shopee\foto-upload\toko1\jibbitz\JB-0000044.png,https://cdn.jsdelivr.net/gh/dennypa77/mass-upload@main/foto-upload/toko1/jibbitz/JB-0000044.png,248382
Graphica Key,toko1,JIBBITZ,JB-0000045,varian,E:\Project\Mass upload shopee\foto-upload\toko1\jibbitz\JB-0000045.png,https://cdn.jsdelivr.net/gh/dennypa77/mass-upload@main/foto-upload/toko1/jibbitz/JB-0000045.png,250256
Graphica Key,toko1,JIBBITZ,JB-0000046,varian,E:\Project\Mass upload shopee\foto-upload\toko1\jibbitz\JB-0000046.png,https://cdn.jsdelivr.net/gh/dennypa77/mass-upload@main/foto-upload/toko1/jibbitz/JB-0000046.png,206615
Graphica Key,toko1,JIBBITZ,JB-0000047,varian,E:\Project\Mass upload shopee\foto-upload\toko1\jibbitz\JB-0000047.png,https://cdn.jsdelivr.net/gh/dennypa77/mass-upload@main/foto-upload/toko1/jibbitz/JB-0000047.png,183357
Graphica Key,toko1,JIBBITZ,JB-0000048,varian,E:\Project\Mass upload shopee\foto-upload\toko1\jibbitz\JB-0000048.png,https://cdn.jsdelivr.net/gh/dennypa77/mass-upload@main/foto-upload/toko1/jibbitz/JB-0000048.png,221378
Graphica Key,toko1,JIBBITZ,JB-0000049,varian,E:\Project\Mass upload shopee\foto-upload\toko1\jibbitz\JB-0000049.png,https://cdn.jsdelivr.net/gh/dennypa77/mass-upload@main/foto-upload/toko1/jibbitz/JB-0000049.png,195010
Graphica Key,toko1,JIBBITZ,JB-0000050,varian,E:\Project\Mass upload shopee\foto-upload\toko1\jibbitz\JB-0000050.png,https://cdn.jsdelivr.net/gh/dennypa77/mass-upload@main/foto-upload/toko1/jibbitz/JB-0000050.png,197643
Graphica Key,toko1,JIBBITZ,JB-0000051,varian,E:\Project\Mass upload shopee\foto-upload\toko1\jibbitz\JB-0000051.png,https://cdn.jsdelivr.net/gh/dennypa77/mass-upload@main/foto-upload/toko1/jibbitz/JB-0000051.png,257007
Graphica Key,toko1,JIBBITZ,JB-0000052,varian,E:\Project\Mass upload shopee\foto-upload\toko1\jibbitz\JB-0000052.png,https://cdn.jsdelivr.net/gh/dennypa77/mass-upload@main/foto-upload/toko1/jibbitz/JB-0000052.png,274194
Graphica Key,toko1,JIBBITZ,JB-0000053,varian,E:\Project\Mass upload shopee\foto-upload\toko1\jibbitz\JB-0000053.png,https://cdn.jsdelivr.net/gh/dennypa77/mass-upload@main/foto-upload/toko1/jibbitz/JB-0000053.png,287878
Graphica Key,toko1,JIBBITZ,JB-0000054,varian,E:\Project\Mass upload shopee\foto-upload\toko1\jibbitz\JB-0000054.png,https://cdn.jsdelivr.net/gh/dennypa77/mass-upload@main/foto-upload/toko1/jibbitz/JB-0000054.png,257412
Graphica Key,toko1,JIBBITZ,JB-0000055,varian,E:\Project\Mass upload shopee\foto-upload\toko1\jibbitz\JB-0000055.png,https://cdn.jsdelivr.net/gh/dennypa77/mass-upload@main/foto-upload/toko1/jibbitz/JB-0000055.png,276351
Graphica Key,toko1,JIBBITZ,JB-0000056,varian,E:\Project\Mass upload shopee\foto-upload\toko1\jibbitz\JB-0000056.png,https://cdn.jsdelivr.net/gh/dennypa77/mass-upload@main/foto-upload/toko1/jibbitz/JB-0000056.png,275376
Graphica Key,toko1,JIBBITZ,JB-0000057,varian,E:\Project\Mass upload shopee\foto-upload\toko1\jibbitz\JB-0000057.png,https://cdn.jsdelivr.net/gh/dennypa77/mass-upload@main/foto-upload/toko1/jibbitz/JB-0000057.png,281306
Graphica Key,toko1,JIBBITZ,JB-0000058,varian,E:\Project\Mass upload shopee\foto-upload\toko1\jibbitz\JB-0000058.png,https://cdn.jsdelivr.net/gh/dennypa77/mass-upload@main/foto-upload/toko1/jibbitz/JB-0000058.png,212854
Graphica Key,toko1,JIBBITZ,JB-0000059,varian,E:\Project\Mass upload shopee\foto-upload\toko1\jibbitz\JB-0000059.png,https://cdn.jsdelivr.net/gh/dennypa77/mass-upload@main/foto-upload/toko1/jibbitz/JB-0000059.png,221180
Graphica Key,toko1,JIBBITZ,JB-0000060,varian,E:\Project\Mass upload shopee\foto-upload\toko1\jibbitz\JB-0000060.png,https://cdn.jsdelivr.net/gh/dennypa77/mass-upload@main/foto-upload/toko1/jibbitz/JB-0000060.png,219893
Graphica Key,toko1,JIBBITZ,JB-0000061,varian,E:\Project\Mass upload shopee\foto-upload\toko1\jibbitz\JB-0000061.png,https://cdn.jsdelivr.net/gh/dennypa77/mass-upload@main/foto-upload/toko1/jibbitz/JB-0000061.png,245075
Graphica Key,toko1,JIBBITZ,JB-0000062,varian,E:\Project\Mass upload shopee\foto-upload\toko1\jibbitz\JB-0000062.png,https://cdn.jsdelivr.net/gh/dennypa77/mass-upload@main/foto-upload/toko1/jibbitz/JB-0000062.png,225586
Graphica Key,toko1,JIBBITZ,JB-0000063,varian,E:\Project\Mass upload shopee\foto-upload\toko1\jibbitz\JB-0000063.png,https://cdn.jsdelivr.net/gh/dennypa77/mass-upload@main/foto-upload/toko1/jibbitz/JB-0000063.png,228269
Graphica Key,toko1,JIBBITZ,JB-0000064,varian,E:\Project\Mass upload shopee\foto-upload\toko1\jibbitz\JB-0000064.png,https://cdn.jsdelivr.net/gh/dennypa77/mass-upload@main/foto-upload/toko1/jibbitz/JB-0000064.png,233493
Graphica Key,toko1,JIBBITZ,JB-0000065,varian,E:\Project\Mass upload shopee\foto-upload\toko1\jibbitz\JB-0000065.png,https://cdn.jsdelivr.net/gh/dennypa77/mass-upload@main/foto-upload/toko1/jibbitz/JB-0000065.png,175878
Graphica Key,toko1,JIBBITZ,JB-0000066,varian,E:\Project\Mass upload shopee\foto-upload\toko1\jibbitz\JB-0000066.png,https://cdn.jsdelivr.net/gh/dennypa77/mass-upload@main/foto-upload/toko1/jibbitz/JB-0000066.png,185883
Graphica Key,toko1,JIBBITZ,JB-0000067,varian,E:\Project\Mass upload shopee\foto-upload\toko1\jibbitz\JB-0000067.png,https://cdn.jsdelivr.net/gh/dennypa77/mass-upload@main/foto-upload/toko1/jibbitz/JB-0000067.png,190932
Graphica Key,toko1,JIBBITZ,JB-0000068,varian,E:\Project\Mass upload shopee\foto-upload\toko1\jibbitz\JB-0000068.png,https://cdn.jsdelivr.net/gh/dennypa77/mass-upload@main/foto-upload/toko1/jibbitz/JB-0000068.png,182034
Graphica Key,toko1,JIBBITZ,JB-0000069,varian,E:\Project\Mass upload shopee\foto-upload\toko1\jibbitz\JB-0000069.png,https://cdn.jsdelivr.net/gh/dennypa77/mass-upload@main/foto-upload/toko1/jibbitz/JB-0000069.png,188611
Graphica Key,toko1,JIBBITZ,JB-0000070,varian,E:\Project\Mass upload shopee\foto-upload\toko1\jibbitz\JB-0000070.png,https://cdn.jsdelivr.net/gh/dennypa77/mass-upload@main/foto-upload/toko1/jibbitz/JB-0000070.png,192975
Graphica Key,toko1,JIBBITZ,JB-0000071,varian,E:\Project\Mass upload shopee\foto-upload\toko1\jibbitz\JB-0000071.png,https://cdn.jsdelivr.net/gh/dennypa77/mass-upload@main/foto-upload/toko1/jibbitz/JB-0000071.png,181031
Graphica Key,toko1,JIBBITZ,JB-0000072,varian,E:\Project\Mass upload shopee\foto-upload\toko1\jibbitz\JB-0000072.png,https://cdn.jsdelivr.net/gh/dennypa77/mass-upload@main/foto-upload/toko1/jibbitz/JB-0000072.png,175533
Graphica Key,toko1,JIBBITZ,JB-0000073,varian,E:\Project\Mass upload shopee\foto-upload\toko1\jibbitz\JB-0000073.png,https://cdn.jsdelivr.net/gh/dennypa77/mass-upload@main/foto-upload/toko1/jibbitz/JB-0000073.png,167449
Graphica Key,toko1,JIBBITZ,JB-0000074,varian,E:\Project\Mass upload shopee\foto-upload\toko1\jibbitz\JB-0000074.png,https://cdn.jsdelivr.net/gh/dennypa77/mass-upload@main/foto-upload/toko1/jibbitz/JB-0000074.png,167866
Graphica Key,toko1,JIBBITZ,JB-0000075,varian,E:\Project\Mass upload shopee\foto-upload\toko1\jibbitz\JB-0000075.png,https://cdn.jsdelivr.net/gh/dennypa77/mass-upload@main/foto-upload/toko1/jibbitz/JB-0000075.png,177266
Graphica Key,toko1,JIBBITZ,JB-0000076,varian,E:\Project\Mass upload shopee\foto-upload\toko1\jibbitz\JB-0000076.png,https://cdn.jsdelivr.net/gh/dennypa77/mass-upload@main/foto-upload/toko1/jibbitz/JB-0000076.png,168626
Graphica Key,toko1,JIBBITZ,JB-0000077,varian,E:\Project\Mass upload shopee\foto-upload\toko1\jibbitz\JB-0000077.png,https://cdn.jsdelivr.net/gh/dennypa77/mass-upload@main/foto-upload/toko1/jibbitz/JB-0000077.png,171628
Graphica Key,toko1,JIBBITZ,JB-0000078,varian,E:\Project\Mass upload shopee\foto-upload\toko1\jibbitz\JB-0000078.png,https://cdn.jsdelivr.net/gh/dennypa77/mass-upload@main/foto-upload/toko1/jibbitz/JB-0000078.png,176141
Graphica Key,toko1,JIBBITZ,JB-0000079,varian,E:\Project\Mass upload shopee\foto-upload\toko1\jibbitz\JB-0000079.png,https://cdn.jsdelivr.net/gh/dennypa77/mass-upload@main/foto-upload/toko1/jibbitz/JB-0000079.png,229019
Graphica Key,toko1,JIBBITZ,JB-0000080,varian,E:\Project\Mass upload shopee\foto-upload\toko1\jibbitz\JB-0000080.png,https://cdn.jsdelivr.net/gh/dennypa77/mass-upload@main/foto-upload/toko1/jibbitz/JB-0000080.png,245219
Graphica Key,toko1,JIBBITZ,JB-0000081,varian,E:\Project\Mass upload shopee\foto-upload\toko1\jibbitz\JB-0000081.png,https://cdn.jsdelivr.net/gh/dennypa77/mass-upload@main/foto-upload/toko1/jibbitz/JB-0000081.png,297239
Graphica Key,toko1,JIBBITZ,JB-0000082,varian,E:\Project\Mass upload shopee\foto-upload\toko1\jibbitz\JB-0000082.png,https://cdn.jsdelivr.net/gh/dennypa77/mass-upload@main/foto-upload/toko1/jibbitz/JB-0000082.png,263170
Graphica Key,toko1,JIBBITZ,JB-0000083,varian,E:\Project\Mass upload shopee\foto-upload\toko1\jibbitz\JB-0000083.png,https://cdn.jsdelivr.net/gh/dennypa77/mass-upload@main/foto-upload/toko1/jibbitz/JB-0000083.png,236690
Graphica Key,toko1,JIBBITZ,JB-0000084,varian,E:\Project\Mass upload shopee\foto-upload\toko1\jibbitz\JB-0000084.png,https://cdn.jsdelivr.net/gh/dennypa77/mass-upload@main/foto-upload/toko1/jibbitz/JB-0000084.png,245829
Graphica Key,toko1,JIBBITZ,JB-0000085,varian,E:\Project\Mass upload shopee\foto-upload\toko1\jibbitz\JB-0000085.png,https://cdn.jsdelivr.net/gh/dennypa77/mass-upload@main/foto-upload/toko1/jibbitz/JB-0000085.png,254485
Graphica Key,toko1,JIBBITZ,JB-0000086,varian,E:\Project\Mass upload shopee\foto-upload\toko1\jibbitz\JB-0000086.png,https://cdn.jsdelivr.net/gh/dennypa77/mass-upload@main/foto-upload/toko1/jibbitz/JB-0000086.png,269047
Graphica Key,toko1,JIBBITZ,JB-0000087,varian,E:\Project\Mass upload shopee\foto-upload\toko1\jibbitz\JB-0000087.png,https://cdn.jsdelivr.net/gh/dennypa77/mass-upload@main/foto-upload/toko1/jibbitz/JB-0000087.png,190874
Graphica Key,toko1,JIBBITZ,JB-0000088,varian,E:\Project\Mass upload shopee\foto-upload\toko1\jibbitz\JB-0000088.png,https://cdn.jsdelivr.net/gh/dennypa77/mass-upload@main/foto-upload/toko1/jibbitz/JB-0000088.png,224948
Graphica Key,toko1,JIBBITZ,JB-0000089,varian,E:\Project\Mass upload shopee\foto-upload\toko1\jibbitz\JB-0000089.png,https://cdn.jsdelivr.net/gh/dennypa77/mass-upload@main/foto-upload/toko1/jibbitz/JB-0000089.png,168839
Graphica Key,toko1,JIBBITZ,JB-0000090,varian,E:\Project\Mass upload shopee\foto-upload\toko1\jibbitz\JB-0000090.png,https://cdn.jsdelivr.net/gh/dennypa77/mass-upload@main/foto-upload/toko1/jibbitz/JB-0000090.png,217812
Graphica Key,toko1,JIBBITZ,JB-0000091,varian,E:\Project\Mass upload shopee\foto-upload\toko1\jibbitz\JB-0000091.png,https://cdn.jsdelivr.net/gh/dennypa77/mass-upload@main/foto-upload/toko1/jibbitz/JB-0000091.png,211158
Graphica Key,toko1,JIBBITZ,JB-0000092,varian,E:\Project\Mass upload shopee\foto-upload\toko1\jibbitz\JB-0000092.png,https://cdn.jsdelivr.net/gh/dennypa77/mass-upload@main/foto-upload/toko1/jibbitz/JB-0000092.png,221280
Graphica Key,toko1,JIBBITZ,JB-0000093,varian,E:\Project\Mass upload shopee\foto-upload\toko1\jibbitz\JB-0000093.png,https://cdn.jsdelivr.net/gh/dennypa77/mass-upload@main/foto-upload/toko1/jibbitz/JB-0000093.png,252888
Graphica Key,toko1,JIBBITZ,JB-0000094,varian,E:\Project\Mass upload shopee\foto-upload\toko1\jibbitz\JB-0000094.png,https://cdn.jsdelivr.net/gh/dennypa77/mass-upload@main/foto-upload/toko1/jibbitz/JB-0000094.png,262276
Graphica Key,toko1,JIBBITZ,JB-0000095,varian,E:\Project\Mass upload shopee\foto-upload\toko1\jibbitz\JB-0000095.png,https://cdn.jsdelivr.net/gh/dennypa77/mass-upload@main/foto-upload/toko1/jibbitz/JB-0000095.png,259396
Graphica Key,toko1,JIBBITZ,JB-0000096,varian,E:\Project\Mass upload shopee\foto-upload\toko1\jibbitz\JB-0000096.png,https://cdn.jsdelivr.net/gh/dennypa77/mass-upload@main/foto-upload/toko1/jibbitz/JB-0000096.png,234153
Graphica Key,toko1,JIBBITZ,JB-0000097,varian,E:\Project\Mass upload shopee\foto-upload\toko1\jibbitz\JB-0000097.png,https://cdn.jsdelivr.net/gh/dennypa77/mass-upload@main/foto-upload/toko1/jibbitz/JB-0000097.png,227834
Graphica Key,toko1,JIBBITZ,JB-0000098,varian,E:\Project\Mass upload shopee\foto-upload\toko1\jibbitz\JB-0000098.png,https://cdn.jsdelivr.net/gh/dennypa77/mass-upload@main/foto-upload/toko1/jibbitz/JB-0000098.png,247579
Graphica Key,toko1,JIBBITZ,JB-0000099,varian,E:\Project\Mass upload shopee\foto-upload\toko1\jibbitz\JB-0000099.png,https://cdn.jsdelivr.net/gh/dennypa77/mass-upload@main/foto-upload/toko1/jibbitz/JB-0000099.png,236201
Graphica Key,toko1,JIBBITZ,JB-0000100,varian,E:\Project\Mass upload shopee\foto-upload\toko1\jibbitz\JB-0000100.png,https://cdn.jsdelivr.net/gh/dennypa77/mass-upload@main/foto-upload/toko1/jibbitz/JB-0000100.png,257321
Graphica Key,toko1,JIBBITZ,JB-0000151,varian,E:\Project\Mass upload shopee\foto-upload\toko1\jibbitz\JB-0000151.png,https://cdn.jsdelivr.net/gh/dennypa77/mass-upload@main/foto-upload/toko1/jibbitz/JB-0000151.png,201440
Graphica Key,toko1,JIBBITZ,JB-0000152,varian,E:\Project\Mass upload shopee\foto-upload\toko1\jibbitz\JB-0000152.png,https://cdn.jsdelivr.net/gh/dennypa77/mass-upload@main/foto-upload/toko1/jibbitz/JB-0000152.png,236862
Graphica Key,toko1,JIBBITZ,JB-0000153,varian,E:\Project\Mass upload shopee\foto-upload\toko1\jibbitz\JB-0000153.png,https://cdn.jsdelivr.net/gh/dennypa77/mass-upload@main/foto-upload/toko1/jibbitz/JB-0000153.png,226448
Graphica Key,toko1,JIBBITZ,JB-0000154,varian,E:\Project\Mass upload shopee\foto-upload\toko1\jibbitz\JB-0000154.png,https://cdn.jsdelivr.net/gh/dennypa77/mass-upload@main/foto-upload/toko1/jibbitz/JB-0000154.png,228792
Graphica Key,toko1,JIBBITZ,JB-0000155,varian,E:\Project\Mass upload shopee\foto-upload\toko1\jibbitz\JB-0000155.png,https://cdn.jsdelivr.net/gh/dennypa77/mass-upload@main/foto-upload/toko1/jibbitz/JB-0000155.png,266416
Graphica Key,toko1,JIBBITZ,JB-0000156,varian,E:\Project\Mass upload shopee\foto-upload\toko1\jibbitz\JB-0000156.png,https://cdn.jsdelivr.net/gh/dennypa77/mass-upload@main/foto-upload/toko1/jibbitz/JB-0000156.png,240373
Graphica Key,toko1,JIBBITZ,JB-0000157,varian,E:\Project\Mass upload shopee\foto-upload\toko1\jibbitz\JB-0000157.png,https://cdn.jsdelivr.net/gh/dennypa77/mass-upload@main/foto-upload/toko1/jibbitz/JB-0000157.png,291312
Graphica Key,toko1,JIBBITZ,JB-0000158,varian,E:\Project\Mass upload shopee\foto-upload\toko1\jibbitz\JB-0000158.png,https://cdn.jsdelivr.net/gh/dennypa77/mass-upload@main/foto-upload/toko1/jibbitz/JB-0000158.png,259950
Graphica Key,toko1,JIBBITZ,JB-0000159,varian,E:\Project\Mass upload shopee\foto-upload\toko1\jibbitz\JB-0000159.png,https://cdn.jsdelivr.net/gh/dennypa77/mass-upload@main/foto-upload/toko1/jibbitz/JB-0000159.png,211458
Graphica Key,toko1,JIBBITZ,JB-0000160,varian,E:\Project\Mass upload shopee\foto-upload\toko1\jibbitz\JB-0000160.png,https://cdn.jsdelivr.net/gh/dennypa77/mass-upload@main/foto-upload/toko1/jibbitz/JB-0000160.png,246098
Graphica Key,toko1,JIBBITZ,JB-0000161,varian,E:\Project\Mass upload shopee\foto-upload\toko1\jibbitz\JB-0000161.png,https://cdn.jsdelivr.net/gh/dennypa77/mass-upload@main/foto-upload/toko1/jibbitz/JB-0000161.png,159482
Graphica Key,toko1,JIBBITZ,JB-0000162,varian,E:\Project\Mass upload shopee\foto-upload\toko1\jibbitz\JB-0000162.png,https://cdn.jsdelivr.net/gh/dennypa77/mass-upload@main/foto-upload/toko1/jibbitz/JB-0000162.png,254965
Graphica Key,toko1,JIBBITZ,JB-0000163,varian,E:\Project\Mass upload shopee\foto-upload\toko1\jibbitz\JB-0000163.png,https://cdn.jsdelivr.net/gh/dennypa77/mass-upload@main/foto-upload/toko1/jibbitz/JB-0000163.png,226707
Graphica Key,toko1,JIBBITZ,JB-0000164,varian,E:\Project\Mass upload shopee\foto-upload\toko1\jibbitz\JB-0000164.png,https://cdn.jsdelivr.net/gh/dennypa77/mass-upload@main/foto-upload/toko1/jibbitz/JB-0000164.png,286359
Graphica Key,toko1,JIBBITZ,JB-0000165,varian,E:\Project\Mass upload shopee\foto-upload\toko1\jibbitz\JB-0000165.png,https://cdn.jsdelivr.net/gh/dennypa77/mass-upload@main/foto-upload/toko1/jibbitz/JB-0000165.png,233506
Graphica Key,toko1,JIBBITZ,JB-0000166,varian,E:\Project\Mass upload shopee\foto-upload\toko1\jibbitz\JB-0000166.png,https://cdn.jsdelivr.net/gh/dennypa77/mass-upload@main/foto-upload/toko1/jibbitz/JB-0000166.png,268192
Graphica Key,toko1,JIBBITZ,JB-0000167,varian,E:\Project\Mass upload shopee\foto-upload\toko1\jibbitz\JB-0000167.png,https://cdn.jsdelivr.net/gh/dennypa77/mass-upload@main/foto-upload/toko1/jibbitz/JB-0000167.png,238368
Graphica Key,toko1,JIBBITZ,JB-0000168,varian,E:\Project\Mass upload shopee\foto-upload\toko1\jibbitz\JB-0000168.png,https://cdn.jsdelivr.net/gh/dennypa77/mass-upload@main/foto-upload/toko1/jibbitz/JB-0000168.png,264152
Graphica Key,toko1,JIBBITZ,JB-0000169,varian,E:\Project\Mass upload shopee\foto-upload\toko1\jibbitz\JB-0000169.png,https://cdn.jsdelivr.net/gh/dennypa77/mass-upload@main/foto-upload/toko1/jibbitz/JB-0000169.png,227987
Graphica Key,toko1,JIBBITZ,JB-0000170,varian,E:\Project\Mass upload shopee\foto-upload\toko1\jibbitz\JB-0000170.png,https://cdn.jsdelivr.net/gh/dennypa77/mass-upload@main/foto-upload/toko1/jibbitz/JB-0000170.png,212122
Graphica Key,toko1,JIBBITZ,JB-0000171,varian,E:\Project\Mass upload shopee\foto-upload\toko1\jibbitz\JB-0000171.png,https://cdn.jsdelivr.net/gh/dennypa77/mass-upload@main/foto-upload/toko1/jibbitz/JB-0000171.png,193476
Graphica Key,toko1,JIBBITZ,JB-0000172,varian,E:\Project\Mass upload shopee\foto-upload\toko1\jibbitz\JB-0000172.png,https://cdn.jsdelivr.net/gh/dennypa77/mass-upload@main/foto-upload/toko1/jibbitz/JB-0000172.png,196065
Graphica Key,toko1,JIBBITZ,JB-0000173,varian,E:\Project\Mass upload shopee\foto-upload\toko1\jibbitz\JB-0000173.png,https://cdn.jsdelivr.net/gh/dennypa77/mass-upload@main/foto-upload/toko1/jibbitz/JB-0000173.png,230020
Graphica Key,toko1,JIBBITZ,JB-0000174,varian,E:\Project\Mass upload shopee\foto-upload\toko1\jibbitz\JB-0000174.png,https://cdn.jsdelivr.net/gh/dennypa77/mass-upload@main/foto-upload/toko1/jibbitz/JB-0000174.png,218001
Graphica Key,toko1,JIBBITZ,JB-0000175,varian,E:\Project\Mass upload shopee\foto-upload\toko1\jibbitz\JB-0000175.png,https://cdn.jsdelivr.net/gh/dennypa77/mass-upload@main/foto-upload/toko1/jibbitz/JB-0000175.png,241312
Graphica Key,toko1,JIBBITZ,JB-0000176,varian,E:\Project\Mass upload shopee\foto-upload\toko1\jibbitz\JB-0000176.png,https://cdn.jsdelivr.net/gh/dennypa77/mass-upload@main/foto-upload/toko1/jibbitz/JB-0000176.png,240007
Graphica Key,toko1,JIBBITZ,JB-0000177,varian,E:\Project\Mass upload shopee\foto-upload\toko1\jibbitz\JB-0000177.png,https://cdn.jsdelivr.net/gh/dennypa77/mass-upload@main/foto-upload/toko1/jibbitz/JB-0000177.png,231061
Graphica Key,toko1,JIBBITZ,JB-0000178,varian,E:\Project\Mass upload shopee\foto-upload\toko1\jibbitz\JB-0000178.png,https://cdn.jsdelivr.net/gh/dennypa77/mass-upload@main/foto-upload/toko1/jibbitz/JB-0000178.png,225420
Graphica Key,toko1,JIBBITZ,JB-0000179,varian,E:\Project\Mass upload shopee\foto-upload\toko1\jibbitz\JB-0000179.png,https://cdn.jsdelivr.net/gh/dennypa77/mass-upload@main/foto-upload/toko1/jibbitz/JB-0000179.png,278174
Graphica Key,toko1,JIBBITZ,JB-0000180,varian,E:\Project\Mass upload shopee\foto-upload\toko1\jibbitz\JB-0000180.png,https://cdn.jsdelivr.net/gh/dennypa77/mass-upload@main/foto-upload/toko1/jibbitz/JB-0000180.png,269138
Graphica Key,toko1,JIBBITZ,JB-0000181,varian,E:\Project\Mass upload shopee\foto-upload\toko1\jibbitz\JB-0000181.png,https://cdn.jsdelivr.net/gh/dennypa77/mass-upload@main/foto-upload/toko1/jibbitz/JB-0000181.png,184628
Graphica Key,toko1,JIBBITZ,JB-0000182,varian,E:\Project\Mass upload shopee\foto-upload\toko1\jibbitz\JB-0000182.png,https://cdn.jsdelivr.net/gh/dennypa77/mass-upload@main/foto-upload/toko1/jibbitz/JB-0000182.png,265031
Graphica Key,toko1,JIBBITZ,JB-0000183,varian,E:\Project\Mass upload shopee\foto-upload\toko1\jibbitz\JB-0000183.png,https://cdn.jsdelivr.net/gh/dennypa77/mass-upload@main/foto-upload/toko1/jibbitz/JB-0000183.png,236631
Graphica Key,toko1,JIBBITZ,JB-0000184,varian,E:\Project\Mass upload shopee\foto-upload\toko1\jibbitz\JB-0000184.png,https://cdn.jsdelivr.net/gh/dennypa77/mass-upload@main/foto-upload/toko1/jibbitz/JB-0000184.png,220589
Graphica Key,toko1,JIBBITZ,JB-0000185,varian,E:\Project\Mass upload shopee\foto-upload\toko1\jibbitz\JB-0000185.png,https://cdn.jsdelivr.net/gh/dennypa77/mass-upload@main/foto-upload/toko1/jibbitz/JB-0000185.png,212047
Graphica Key,toko1,JIBBITZ,JB-0000186,varian,E:\Project\Mass upload shopee\foto-upload\toko1\jibbitz\JB-0000186.png,https://cdn.jsdelivr.net/gh/dennypa77/mass-upload@main/foto-upload/toko1/jibbitz/JB-0000186.png,215137
Graphica Key,toko1,JIBBITZ,JB-0000187,varian,E:\Project\Mass upload shopee\foto-upload\toko1\jibbitz\JB-0000187.png,https://cdn.jsdelivr.net/gh/dennypa77/mass-upload@main/foto-upload/toko1/jibbitz/JB-0000187.png,216375
Graphica Key,toko1,JIBBITZ,JB-0000188,varian,E:\Project\Mass upload shopee\foto-upload\toko1\jibbitz\JB-0000188.png,https://cdn.jsdelivr.net/gh/dennypa77/mass-upload@main/foto-upload/toko1/jibbitz/JB-0000188.png,291357
Graphica Key,toko1,JIBBITZ,JB-0000189,varian,E:\Project\Mass upload shopee\foto-upload\toko1\jibbitz\JB-0000189.png,https://cdn.jsdelivr.net/gh/dennypa77/mass-upload@main/foto-upload/toko1/jibbitz/JB-0000189.png,201213
Graphica Key,toko1,JIBBITZ,JB-0000190,varian,E:\Project\Mass upload shopee\foto-upload\toko1\jibbitz\JB-0000190.png,https://cdn.jsdelivr.net/gh/dennypa77/mass-upload@main/foto-upload/toko1/jibbitz/JB-0000190.png,258840
Graphica Key,toko1,JIBBITZ,JB-0000191,varian,E:\Project\Mass upload shopee\foto-upload\toko1\jibbitz\JB-0000191.png,https://cdn.jsdelivr.net/gh/dennypa77/mass-upload@main/foto-upload/toko1/jibbitz/JB-0000191.png,151085
Graphica Key,toko1,JIBBITZ,JB-0000192,varian,E:\Project\Mass upload shopee\foto-upload\toko1\jibbitz\JB-0000192.png,https://cdn.jsdelivr.net/gh/dennypa77/mass-upload@main/foto-upload/toko1/jibbitz/JB-0000192.png,257716
Graphica Key,toko1,JIBBITZ,JB-0000193,varian,E:\Project\Mass upload shopee\foto-upload\toko1\jibbitz\JB-0000193.png,https://cdn.jsdelivr.net/gh/dennypa77/mass-upload@main/foto-upload/toko1/jibbitz/JB-0000193.png,298777
Graphica Key,toko1,JIBBITZ,JB-0000194,varian,E:\Project\Mass upload shopee\foto-upload\toko1\jibbitz\JB-0000194.png,https://cdn.jsdelivr.net/gh/dennypa77/mass-upload@main/foto-upload/toko1/jibbitz/JB-0000194.png,276026
Graphica Key,toko1,JIBBITZ,JB-0000195,varian,E:\Project\Mass upload shopee\foto-upload\toko1\jibbitz\JB-0000195.png,https://cdn.jsdelivr.net/gh/dennypa77/mass-upload@main/foto-upload/toko1/jibbitz/JB-0000195.png,318409
Graphica Key,toko1,JIBBITZ,JB-0000196,varian,E:\Project\Mass upload shopee\foto-upload\toko1\jibbitz\JB-0000196.png,https://cdn.jsdelivr.net/gh/dennypa77/mass-upload@main/foto-upload/toko1/jibbitz/JB-0000196.png,280513
Graphica Key,toko1,JIBBITZ,JB-0000197,varian,E:\Project\Mass upload shopee\foto-upload\toko1\jibbitz\JB-0000197.png,https://cdn.jsdelivr.net/gh/dennypa77/mass-upload@main/foto-upload/toko1/jibbitz/JB-0000197.png,192203
Graphica Key,toko1,JIBBITZ,JB-0000198,varian,E:\Project\Mass upload shopee\foto-upload\toko1\jibbitz\JB-0000198.png,https://cdn.jsdelivr.net/gh/dennypa77/mass-upload@main/foto-upload/toko1/jibbitz/JB-0000198.png,249592
Graphica Key,toko1,JIBBITZ,JB-0000199,varian,E:\Project\Mass upload shopee\foto-upload\toko1\jibbitz\JB-0000199.png,https://cdn.jsdelivr.net/gh/dennypa77/mass-upload@main/foto-upload/toko1/jibbitz/JB-0000199.png,240580
Graphica Key,toko1,JIBBITZ,JB-0000200,varian,E:\Project\Mass upload shopee\foto-upload\toko1\jibbitz\JB-0000200.png,https://cdn.jsdelivr.net/gh/dennypa77/mass-upload@main/foto-upload/toko1/jibbitz/JB-0000200.png,223301
Graphica Key,toko1,JIBBITZ,JB-0000201,varian,E:\Project\Mass upload shopee\foto-upload\toko1\jibbitz\JB-0000201.png,https://cdn.jsdelivr.net/gh/dennypa77/mass-upload@main/foto-upload/toko1/jibbitz/JB-0000201.png,637665
Graphica Key,toko1,JIBBITZ,JB-0000202,varian,E:\Project\Mass upload shopee\foto-upload\toko1\jibbitz\JB-0000202.png,https://cdn.jsdelivr.net/gh/dennypa77/mass-upload@main/foto-upload/toko1/jibbitz/JB-0000202.png,622971
Graphica Key,toko1,JIBBITZ,JB-0000203,varian,E:\Project\Mass upload shopee\foto-upload\toko1\jibbitz\JB-0000203.png,https://cdn.jsdelivr.net/gh/dennypa77/mass-upload@main/foto-upload/toko1/jibbitz/JB-0000203.png,588667
Graphica Key,toko1,JIBBITZ,JB-0000204,varian,E:\Project\Mass upload shopee\foto-upload\toko1\jibbitz\JB-0000204.png,https://cdn.jsdelivr.net/gh/dennypa77/mass-upload@main/foto-upload/toko1/jibbitz/JB-0000204.png,640853
Graphica Key,toko1,JIBBITZ,JB-0000205,varian,E:\Project\Mass upload shopee\foto-upload\toko1\jibbitz\JB-0000205.png,https://cdn.jsdelivr.net/gh/dennypa77/mass-upload@main/foto-upload/toko1/jibbitz/JB-0000205.png,634814
Graphica Key,toko1,JIBBITZ,JB-0000206,varian,E:\Project\Mass upload shopee\foto-upload\toko1\jibbitz\JB-0000206.png,https://cdn.jsdelivr.net/gh/dennypa77/mass-upload@main/foto-upload/toko1/jibbitz/JB-0000206.png,605319
Graphica Key,toko1,JIBBITZ,JB-0000207,varian,E:\Project\Mass upload shopee\foto-upload\toko1\jibbitz\JB-0000207.png,https://cdn.jsdelivr.net/gh/dennypa77/mass-upload@main/foto-upload/toko1/jibbitz/JB-0000207.png,595537
Graphica Key,toko1,JIBBITZ,JB-0000208,varian,E:\Project\Mass upload shopee\foto-upload\toko1\jibbitz\JB-0000208.png,https://cdn.jsdelivr.net/gh/dennypa77/mass-upload@main/foto-upload/toko1/jibbitz/JB-0000208.png,680671
Graphica Key,toko1,JIBBITZ,JB-0000209,varian,E:\Project\Mass upload shopee\foto-upload\toko1\jibbitz\JB-0000209.png,https://cdn.jsdelivr.net/gh/dennypa77/mass-upload@main/foto-upload/toko1/jibbitz/JB-0000209.png,636664
Graphica Key,toko1,JIBBITZ,JB-0000210,varian,E:\Project\Mass upload shopee\foto-upload\toko1\jibbitz\JB-0000210.png,https://cdn.jsdelivr.net/gh/dennypa77/mass-upload@main/foto-upload/toko1/jibbitz/JB-0000210.png,683964
Graphica Key,toko1,JIBBITZ,JB-0000211,varian,E:\Project\Mass upload shopee\foto-upload\toko1\jibbitz\JB-0000211.png,https://cdn.jsdelivr.net/gh/dennypa77/mass-upload@main/foto-upload/toko1/jibbitz/JB-0000211.png,593256
Graphica Key,toko1,JIBBITZ,JB-0000212,varian,E:\Project\Mass upload shopee\foto-upload\toko1\jibbitz\JB-0000212.png,https://cdn.jsdelivr.net/gh/dennypa77/mass-upload@main/foto-upload/toko1/jibbitz/JB-0000212.png,698060
Graphica Key,toko1,JIBBITZ,JB-0000213,varian,E:\Project\Mass upload shopee\foto-upload\toko1\jibbitz\JB-0000213.png,https://cdn.jsdelivr.net/gh/dennypa77/mass-upload@main/foto-upload/toko1/jibbitz/JB-0000213.png,564119
Graphica Key,toko1,JIBBITZ,JB-0000214,varian,E:\Project\Mass upload shopee\foto-upload\toko1\jibbitz\JB-0000214.png,https://cdn.jsdelivr.net/gh/dennypa77/mass-upload@main/foto-upload/toko1/jibbitz/JB-0000214.png,506940
Graphica Key,toko1,JIBBITZ,JB-0000215,varian,E:\Project\Mass upload shopee\foto-upload\toko1\jibbitz\JB-0000215.png,https://cdn.jsdelivr.net/gh/dennypa77/mass-upload@main/foto-upload/toko1/jibbitz/JB-0000215.png,747388
Graphica Key,toko1,JIBBITZ,JB-0000216,varian,E:\Project\Mass upload shopee\foto-upload\toko1\jibbitz\JB-0000216.png,https://cdn.jsdelivr.net/gh/dennypa77/mass-upload@main/foto-upload/toko1/jibbitz/JB-0000216.png,500752
Graphica Key,toko1,JIBBITZ,JB-0000217,varian,E:\Project\Mass upload shopee\foto-upload\toko1\jibbitz\JB-0000217.png,https://cdn.jsdelivr.net/gh/dennypa77/mass-upload@main/foto-upload/toko1/jibbitz/JB-0000217.png,583443
Graphica Key,toko1,JIBBITZ,JB-0000218,varian,E:\Project\Mass upload shopee\foto-upload\toko1\jibbitz\JB-0000218.png,https://cdn.jsdelivr.net/gh/dennypa77/mass-upload@main/foto-upload/toko1/jibbitz/JB-0000218.png,555580
Graphica Key,toko1,JIBBITZ,JB-0000219,varian,E:\Project\Mass upload shopee\foto-upload\toko1\jibbitz\JB-0000219.png,https://cdn.jsdelivr.net/gh/dennypa77/mass-upload@main/foto-upload/toko1/jibbitz/JB-0000219.png,558669
Graphica Key,toko1,JIBBITZ,JB-0000220,varian,E:\Project\Mass upload shopee\foto-upload\toko1\jibbitz\JB-0000220.png,https://cdn.jsdelivr.net/gh/dennypa77/mass-upload@main/foto-upload/toko1/jibbitz/JB-0000220.png,622928
Graphica Key,toko1,JIBBITZ,JB-0000221,varian,E:\Project\Mass upload shopee\foto-upload\toko1\jibbitz\JB-0000221.png,https://cdn.jsdelivr.net/gh/dennypa77/mass-upload@main/foto-upload/toko1/jibbitz/JB-0000221.png,427737
Graphica Key,toko1,JIBBITZ,JB-0000222,varian,E:\Project\Mass upload shopee\foto-upload\toko1\jibbitz\JB-0000222.png,https://cdn.jsdelivr.net/gh/dennypa77/mass-upload@main/foto-upload/toko1/jibbitz/JB-0000222.png,587822
Graphica Key,toko1,JIBBITZ,JB-0000223,varian,E:\Project\Mass upload shopee\foto-upload\toko1\jibbitz\JB-0000223.png,https://cdn.jsdelivr.net/gh/dennypa77/mass-upload@main/foto-upload/toko1/jibbitz/JB-0000223.png,676873
Graphica Key,toko1,JIBBITZ,JB-0000224,varian,E:\Project\Mass upload shopee\foto-upload\toko1\jibbitz\JB-0000224.png,https://cdn.jsdelivr.net/gh/dennypa77/mass-upload@main/foto-upload/toko1/jibbitz/JB-0000224.png,606966
Graphica Key,toko1,JIBBITZ,JB-0000225,varian,E:\Project\Mass upload shopee\foto-upload\toko1\jibbitz\JB-0000225.png,https://cdn.jsdelivr.net/gh/dennypa77/mass-upload@main/foto-upload/toko1/jibbitz/JB-0000225.png,600566
Graphica Key,toko1,JIBBITZ,JB-0000226,varian,E:\Project\Mass upload shopee\foto-upload\toko1\jibbitz\JB-0000226.png,https://cdn.jsdelivr.net/gh/dennypa77/mass-upload@main/foto-upload/toko1/jibbitz/JB-0000226.png,503213
Graphica Key,toko1,JIBBITZ,JB-0000227,varian,E:\Project\Mass upload shopee\foto-upload\toko1\jibbitz\JB-0000227.png,https://cdn.jsdelivr.net/gh/dennypa77/mass-upload@main/foto-upload/toko1/jibbitz/JB-0000227.png,528676
Graphica Key,toko1,JIBBITZ,JB-0000228,varian,E:\Project\Mass upload shopee\foto-upload\toko1\jibbitz\JB-0000228.png,https://cdn.jsdelivr.net/gh/dennypa77/mass-upload@main/foto-upload/toko1/jibbitz/JB-0000228.png,458548
Graphica Key,toko1,JIBBITZ,JB-0000229,varian,E:\Project\Mass upload shopee\foto-upload\toko1\jibbitz\JB-0000229.png,https://cdn.jsdelivr.net/gh/dennypa77/mass-upload@main/foto-upload/toko1/jibbitz/JB-0000229.png,733285
Graphica Key,toko1,JIBBITZ,JB-0000230,varian,E:\Project\Mass upload shopee\foto-upload\toko1\jibbitz\JB-0000230.png,https://cdn.jsdelivr.net/gh/dennypa77/mass-upload@main/foto-upload/toko1/jibbitz/JB-0000230.png,573447
Graphica Key,toko1,JIBBITZ,JB-0000231,varian,E:\Project\Mass upload shopee\foto-upload\toko1\jibbitz\JB-0000231.png,https://cdn.jsdelivr.net/gh/dennypa77/mass-upload@main/foto-upload/toko1/jibbitz/JB-0000231.png,461568
Graphica Key,toko1,JIBBITZ,JB-0000232,varian,E:\Project\Mass upload shopee\foto-upload\toko1\jibbitz\JB-0000232.png,https://cdn.jsdelivr.net/gh/dennypa77/mass-upload@main/foto-upload/toko1/jibbitz/JB-0000232.png,535782
Graphica Key,toko1,JIBBITZ,JB-0000233,varian,E:\Project\Mass upload shopee\foto-upload\toko1\jibbitz\JB-0000233.png,https://cdn.jsdelivr.net/gh/dennypa77/mass-upload@main/foto-upload/toko1/jibbitz/JB-0000233.png,544084
Graphica Key,toko1,JIBBITZ,JB-0000234,varian,E:\Project\Mass upload shopee\foto-upload\toko1\jibbitz\JB-0000234.png,https://cdn.jsdelivr.net/gh/dennypa77/mass-upload@main/foto-upload/toko1/jibbitz/JB-0000234.png,566651
Graphica Key,toko1,JIBBITZ,JB-0000235,varian,E:\Project\Mass upload shopee\foto-upload\toko1\jibbitz\JB-0000235.png,https://cdn.jsdelivr.net/gh/dennypa77/mass-upload@main/foto-upload/toko1/jibbitz/JB-0000235.png,549186
Graphica Key,toko1,JIBBITZ,JB-0000236,varian,E:\Project\Mass upload shopee\foto-upload\toko1\jibbitz\JB-0000236.png,https://cdn.jsdelivr.net/gh/dennypa77/mass-upload@main/foto-upload/toko1/jibbitz/JB-0000236.png,467117
Graphica Key,toko1,JIBBITZ,JB-0000237,varian,E:\Project\Mass upload shopee\foto-upload\toko1\jibbitz\JB-0000237.png,https://cdn.jsdelivr.net/gh/dennypa77/mass-upload@main/foto-upload/toko1/jibbitz/JB-0000237.png,482052
Graphica Key,toko1,JIBBITZ,JB-0000238,varian,E:\Project\Mass upload shopee\foto-upload\toko1\jibbitz\JB-0000238.png,https://cdn.jsdelivr.net/gh/dennypa77/mass-upload@main/foto-upload/toko1/jibbitz/JB-0000238.png,478691
Graphica Key,toko1,JIBBITZ,JB-0000239,varian,E:\Project\Mass upload shopee\foto-upload\toko1\jibbitz\JB-0000239.png,https://cdn.jsdelivr.net/gh/dennypa77/mass-upload@main/foto-upload/toko1/jibbitz/JB-0000239.png,556356
Graphica Key,toko1,JIBBITZ,JB-0000240,varian,E:\Project\Mass upload shopee\foto-upload\toko1\jibbitz\JB-0000240.png,https://cdn.jsdelivr.net/gh/dennypa77/mass-upload@main/foto-upload/toko1/jibbitz/JB-0000240.png,570547
Graphica Key,toko1,JIBBITZ,JB-0000241,varian,E:\Project\Mass upload shopee\foto-upload\toko1\jibbitz\JB-0000241.png,https://cdn.jsdelivr.net/gh/dennypa77/mass-upload@main/foto-upload/toko1/jibbitz/JB-0000241.png,564902
Graphica Key,toko1,JIBBITZ,JB-0000242,varian,E:\Project\Mass upload shopee\foto-upload\toko1\jibbitz\JB-0000242.png,https://cdn.jsdelivr.net/gh/dennypa77/mass-upload@main/foto-upload/toko1/jibbitz/JB-0000242.png,605457
Graphica Key,toko1,JIBBITZ,JB-0000243,varian,E:\Project\Mass upload shopee\foto-upload\toko1\jibbitz\JB-0000243.png,https://cdn.jsdelivr.net/gh/dennypa77/mass-upload@main/foto-upload/toko1/jibbitz/JB-0000243.png,586693
Graphica Key,toko1,JIBBITZ,JB-0000244,varian,E:\Project\Mass upload shopee\foto-upload\toko1\jibbitz\JB-0000244.png,https://cdn.jsdelivr.net/gh/dennypa77/mass-upload@main/foto-upload/toko1/jibbitz/JB-0000244.png,714482
Graphica Key,toko1,JIBBITZ,JB-0000245,varian,E:\Project\Mass upload shopee\foto-upload\toko1\jibbitz\JB-0000245.png,https://cdn.jsdelivr.net/gh/dennypa77/mass-upload@main/foto-upload/toko1/jibbitz/JB-0000245.png,515883
Graphica Key,toko1,JIBBITZ,JB-0000246,varian,E:\Project\Mass upload shopee\foto-upload\toko1\jibbitz\JB-0000246.png,https://cdn.jsdelivr.net/gh/dennypa77/mass-upload@main/foto-upload/toko1/jibbitz/JB-0000246.png,650016
Graphica Key,toko1,JIBBITZ,JB-0000247,varian,E:\Project\Mass upload shopee\foto-upload\toko1\jibbitz\JB-0000247.png,https://cdn.jsdelivr.net/gh/dennypa77/mass-upload@main/foto-upload/toko1/jibbitz/JB-0000247.png,603963
Graphica Key,toko1,JIBBITZ,JB-0000248,varian,E:\Project\Mass upload shopee\foto-upload\toko1\jibbitz\JB-0000248.png,https://cdn.jsdelivr.net/gh/dennypa77/mass-upload@main/foto-upload/toko1/jibbitz/JB-0000248.png,622449
Graphica Key,toko1,JIBBITZ,JB-0000249,varian,E:\Project\Mass upload shopee\foto-upload\toko1\jibbitz\JB-0000249.png,https://cdn.jsdelivr.net/gh/dennypa77/mass-upload@main/foto-upload/toko1/jibbitz/JB-0000249.png,455343
Graphica Key,toko1,JIBBITZ,JB-0000250,varian,E:\Project\Mass upload shopee\foto-upload\toko1\jibbitz\JB-0000250.png,https://cdn.jsdelivr.net/gh/dennypa77/mass-upload@main/foto-upload/toko1/jibbitz/JB-0000250.png,454361
Graphica Key,toko1,JIBBITZ,JB-BLACKPINK-UTAMA1,utama,E:\Project\Mass upload shopee\foto-upload\toko1\jibbitz\JB-BLACKPINK-utama1.png,https://cdn.jsdelivr.net/gh/dennypa77/mass-upload@main/foto-upload/toko1/jibbitz/JB-BLACKPINK-utama1.png,1784670
Graphica Key,toko1,JIBBITZ,JB-BLACKPINK-UTAMA2,utama,E:\Project\Mass upload shopee\foto-upload\toko1\jibbitz\JB-BLACKPINK-utama2.png,https://cdn.jsdelivr.net/gh/dennypa77/mass-upload@main/foto-upload/toko1/jibbitz/JB-BLACKPINK-utama2.png,804949
Graphica Key,toko1,JIBBITZ,JB-BLACKPINK-UTAMA3,utama,E:\Project\Mass upload shopee\foto-upload\toko1\jibbitz\JB-BLACKPINK-utama3.png,https://cdn.jsdelivr.net/gh/dennypa77/mass-upload@main/foto-upload/toko1/jibbitz/JB-BLACKPINK-utama3.png,1423460
Graphica Key,toko1,JIBBITZ,JB-BTS-UTAMA1,utama,E:\Project\Mass upload shopee\foto-upload\toko1\jibbitz\JB-BTS-utama1.png,https://cdn.jsdelivr.net/gh/dennypa77/mass-upload@main/foto-upload/toko1/jibbitz/JB-BTS-utama1.png,1563291
Graphica Key,toko1,JIBBITZ,JB-BTS-UTAMA2,utama,E:\Project\Mass upload shopee\foto-upload\toko1\jibbitz\JB-BTS-utama2.png,https://cdn.jsdelivr.net/gh/dennypa77/mass-upload@main/foto-upload/toko1/jibbitz/JB-BTS-utama2.png,801470
Graphica Key,toko1,JIBBITZ,JB-BTS-UTAMA3,utama,E:\Project\Mass upload shopee\foto-upload\toko1\jibbitz\JB-BTS-utama3.png,https://cdn.jsdelivr.net/gh/dennypa77/mass-upload@main/foto-upload/toko1/jibbitz/JB-BTS-utama3.png,1418299
Graphica Key,toko1,JIBBITZ,JB-CORTIS-UTAMA1,utama,E:\Project\Mass upload shopee\foto-upload\toko1\jibbitz\JB-CORTIS-utama1.png,https://cdn.jsdelivr.net/gh/dennypa77/mass-upload@main/foto-upload/toko1/jibbitz/JB-CORTIS-utama1.png,1670754
Graphica Key,toko1,JIBBITZ,JB-CORTIS-UTAMA2,utama,E:\Project\Mass upload shopee\foto-upload\toko1\jibbitz\JB-CORTIS-utama2.png,https://cdn.jsdelivr.net/gh/dennypa77/mass-upload@main/foto-upload/toko1/jibbitz/JB-CORTIS-utama2.png,1215809
Graphica Key,toko1,JIBBITZ,JB-CORTIS-UTAMA3,utama,E:\Project\Mass upload shopee\foto-upload\toko1\jibbitz\JB-CORTIS-utama3.png,https://cdn.jsdelivr.net/gh/dennypa77/mass-upload@main/foto-upload/toko1/jibbitz/JB-CORTIS-utama3.png,1578351
Graphica Key,toko1,JIBBITZ,JB-HEARTS2HEARTS-UTAMA1,utama,E:\Project\Mass upload shopee\foto-upload\toko1\jibbitz\JB-HEARTS2HEARTS-utama1.png,https://cdn.jsdelivr.net/gh/dennypa77/mass-upload@main/foto-upload/toko1/jibbitz/JB-HEARTS2HEARTS-utama1.png,1727540
Graphica Key,toko1,JIBBITZ,JB-HEARTS2HEARTS-UTAMA2,utama,E:\Project\Mass upload shopee\foto-upload\toko1\jibbitz\JB-HEARTS2HEARTS-utama2.png,https://cdn.jsdelivr.net/gh/dennypa77/mass-upload@main/foto-upload/toko1/jibbitz/JB-HEARTS2HEARTS-utama2.png,1202138
Graphica Key,toko1,JIBBITZ,JB-HEARTS2HEARTS-UTAMA3,utama,E:\Project\Mass upload shopee\foto-upload\toko1\jibbitz\JB-HEARTS2HEARTS-utama3.png,https://cdn.jsdelivr.net/gh/dennypa77/mass-upload@main/foto-upload/toko1/jibbitz/JB-HEARTS2HEARTS-utama3.png,1562757
Graphica Key,toko1,PIN AKRILIK,PA-0000001,varian,E:\Project\Mass upload shopee\foto-upload\toko1\pin-akrilik\PA-0000001.png,https://cdn.jsdelivr.net/gh/dennypa77/mass-upload@main/foto-upload/toko1/pin-akrilik/PA-0000001.png,381779
Graphica Key,toko1,PIN AKRILIK,PA-0000002,varian,E:\Project\Mass upload shopee\foto-upload\toko1\pin-akrilik\PA-0000002.png,https://cdn.jsdelivr.net/gh/dennypa77/mass-upload@main/foto-upload/toko1/pin-akrilik/PA-0000002.png,349777
Graphica Key,toko1,PIN AKRILIK,PA-0000003,varian,E:\Project\Mass upload shopee\foto-upload\toko1\pin-akrilik\PA-0000003.png,https://cdn.jsdelivr.net/gh/dennypa77/mass-upload@main/foto-upload/toko1/pin-akrilik/PA-0000003.png,350599
Graphica Key,toko1,PIN AKRILIK,PA-0000004,varian,E:\Project\Mass upload shopee\foto-upload\toko1\pin-akrilik\PA-0000004.png,https://cdn.jsdelivr.net/gh/dennypa77/mass-upload@main/foto-upload/toko1/pin-akrilik/PA-0000004.png,339798
Graphica Key,toko1,PIN AKRILIK,PA-0000005,varian,E:\Project\Mass upload shopee\foto-upload\toko1\pin-akrilik\PA-0000005.png,https://cdn.jsdelivr.net/gh/dennypa77/mass-upload@main/foto-upload/toko1/pin-akrilik/PA-0000005.png,365559
Graphica Key,toko1,PIN AKRILIK,PA-0000006,varian,E:\Project\Mass upload shopee\foto-upload\toko1\pin-akrilik\PA-0000006.png,https://cdn.jsdelivr.net/gh/dennypa77/mass-upload@main/foto-upload/toko1/pin-akrilik/PA-0000006.png,299543
Graphica Key,toko1,PIN AKRILIK,PA-0000007,varian,E:\Project\Mass upload shopee\foto-upload\toko1\pin-akrilik\PA-0000007.png,https://cdn.jsdelivr.net/gh/dennypa77/mass-upload@main/foto-upload/toko1/pin-akrilik/PA-0000007.png,356087
Graphica Key,toko1,PIN AKRILIK,PA-0000008,varian,E:\Project\Mass upload shopee\foto-upload\toko1\pin-akrilik\PA-0000008.png,https://cdn.jsdelivr.net/gh/dennypa77/mass-upload@main/foto-upload/toko1/pin-akrilik/PA-0000008.png,350972
Graphica Key,toko1,PIN AKRILIK,PA-0000009,varian,E:\Project\Mass upload shopee\foto-upload\toko1\pin-akrilik\PA-0000009.png,https://cdn.jsdelivr.net/gh/dennypa77/mass-upload@main/foto-upload/toko1/pin-akrilik/PA-0000009.png,330882
Graphica Key,toko1,PIN AKRILIK,PA-0000010,varian,E:\Project\Mass upload shopee\foto-upload\toko1\pin-akrilik\PA-0000010.png,https://cdn.jsdelivr.net/gh/dennypa77/mass-upload@main/foto-upload/toko1/pin-akrilik/PA-0000010.png,347804
Graphica Key,toko1,PIN AKRILIK,PA-0000011,varian,E:\Project\Mass upload shopee\foto-upload\toko1\pin-akrilik\PA-0000011.png,https://cdn.jsdelivr.net/gh/dennypa77/mass-upload@main/foto-upload/toko1/pin-akrilik/PA-0000011.png,310512
Graphica Key,toko1,PIN AKRILIK,PA-0000012,varian,E:\Project\Mass upload shopee\foto-upload\toko1\pin-akrilik\PA-0000012.png,https://cdn.jsdelivr.net/gh/dennypa77/mass-upload@main/foto-upload/toko1/pin-akrilik/PA-0000012.png,289399
Graphica Key,toko1,PIN AKRILIK,PA-0000013,varian,E:\Project\Mass upload shopee\foto-upload\toko1\pin-akrilik\PA-0000013.png,https://cdn.jsdelivr.net/gh/dennypa77/mass-upload@main/foto-upload/toko1/pin-akrilik/PA-0000013.png,332006
Graphica Key,toko1,PIN AKRILIK,PA-0000014,varian,E:\Project\Mass upload shopee\foto-upload\toko1\pin-akrilik\PA-0000014.png,https://cdn.jsdelivr.net/gh/dennypa77/mass-upload@main/foto-upload/toko1/pin-akrilik/PA-0000014.png,277540
Graphica Key,toko1,PIN AKRILIK,PA-0000015,varian,E:\Project\Mass upload shopee\foto-upload\toko1\pin-akrilik\PA-0000015.png,https://cdn.jsdelivr.net/gh/dennypa77/mass-upload@main/foto-upload/toko1/pin-akrilik/PA-0000015.png,322097
Graphica Key,toko1,PIN AKRILIK,PA-0000016,varian,E:\Project\Mass upload shopee\foto-upload\toko1\pin-akrilik\PA-0000016.png,https://cdn.jsdelivr.net/gh/dennypa77/mass-upload@main/foto-upload/toko1/pin-akrilik/PA-0000016.png,332092
Graphica Key,toko1,PIN AKRILIK,PA-0000017,varian,E:\Project\Mass upload shopee\foto-upload\toko1\pin-akrilik\PA-0000017.png,https://cdn.jsdelivr.net/gh/dennypa77/mass-upload@main/foto-upload/toko1/pin-akrilik/PA-0000017.png,303103
Graphica Key,toko1,PIN AKRILIK,PA-0000018,varian,E:\Project\Mass upload shopee\foto-upload\toko1\pin-akrilik\PA-0000018.png,https://cdn.jsdelivr.net/gh/dennypa77/mass-upload@main/foto-upload/toko1/pin-akrilik/PA-0000018.png,327826
Graphica Key,toko1,PIN AKRILIK,PA-0000019,varian,E:\Project\Mass upload shopee\foto-upload\toko1\pin-akrilik\PA-0000019.png,https://cdn.jsdelivr.net/gh/dennypa77/mass-upload@main/foto-upload/toko1/pin-akrilik/PA-0000019.png,291177
Graphica Key,toko1,PIN AKRILIK,PA-0000020,varian,E:\Project\Mass upload shopee\foto-upload\toko1\pin-akrilik\PA-0000020.png,https://cdn.jsdelivr.net/gh/dennypa77/mass-upload@main/foto-upload/toko1/pin-akrilik/PA-0000020.png,332437
Graphica Key,toko1,PIN AKRILIK,PA-0000021,varian,E:\Project\Mass upload shopee\foto-upload\toko1\pin-akrilik\PA-0000021.png,https://cdn.jsdelivr.net/gh/dennypa77/mass-upload@main/foto-upload/toko1/pin-akrilik/PA-0000021.png,326799
Graphica Key,toko1,PIN AKRILIK,PA-0000022,varian,E:\Project\Mass upload shopee\foto-upload\toko1\pin-akrilik\PA-0000022.png,https://cdn.jsdelivr.net/gh/dennypa77/mass-upload@main/foto-upload/toko1/pin-akrilik/PA-0000022.png,376999
Graphica Key,toko1,PIN AKRILIK,PA-0000023,varian,E:\Project\Mass upload shopee\foto-upload\toko1\pin-akrilik\PA-0000023.png,https://cdn.jsdelivr.net/gh/dennypa77/mass-upload@main/foto-upload/toko1/pin-akrilik/PA-0000023.png,323324
Graphica Key,toko1,PIN AKRILIK,PA-0000024,varian,E:\Project\Mass upload shopee\foto-upload\toko1\pin-akrilik\PA-0000024.png,https://cdn.jsdelivr.net/gh/dennypa77/mass-upload@main/foto-upload/toko1/pin-akrilik/PA-0000024.png,360156
Graphica Key,toko1,PIN AKRILIK,PA-0000025,varian,E:\Project\Mass upload shopee\foto-upload\toko1\pin-akrilik\PA-0000025.png,https://cdn.jsdelivr.net/gh/dennypa77/mass-upload@main/foto-upload/toko1/pin-akrilik/PA-0000025.png,356489
Graphica Key,toko1,PIN AKRILIK,PA-0000026,varian,E:\Project\Mass upload shopee\foto-upload\toko1\pin-akrilik\PA-0000026.png,https://cdn.jsdelivr.net/gh/dennypa77/mass-upload@main/foto-upload/toko1/pin-akrilik/PA-0000026.png,303763
Graphica Key,toko1,PIN AKRILIK,PA-0000027,varian,E:\Project\Mass upload shopee\foto-upload\toko1\pin-akrilik\PA-0000027.png,https://cdn.jsdelivr.net/gh/dennypa77/mass-upload@main/foto-upload/toko1/pin-akrilik/PA-0000027.png,318980
Graphica Key,toko1,PIN AKRILIK,PA-0000028,varian,E:\Project\Mass upload shopee\foto-upload\toko1\pin-akrilik\PA-0000028.png,https://cdn.jsdelivr.net/gh/dennypa77/mass-upload@main/foto-upload/toko1/pin-akrilik/PA-0000028.png,341753
Graphica Key,toko1,PIN AKRILIK,PA-0000029,varian,E:\Project\Mass upload shopee\foto-upload\toko1\pin-akrilik\PA-0000029.png,https://cdn.jsdelivr.net/gh/dennypa77/mass-upload@main/foto-upload/toko1/pin-akrilik/PA-0000029.png,341672
Graphica Key,toko1,PIN AKRILIK,PA-0000030,varian,E:\Project\Mass upload shopee\foto-upload\toko1\pin-akrilik\PA-0000030.png,https://cdn.jsdelivr.net/gh/dennypa77/mass-upload@main/foto-upload/toko1/pin-akrilik/PA-0000030.png,345844
Graphica Key,toko1,PIN AKRILIK,PA-0000031,varian,E:\Project\Mass upload shopee\foto-upload\toko1\pin-akrilik\PA-0000031.png,https://cdn.jsdelivr.net/gh/dennypa77/mass-upload@main/foto-upload/toko1/pin-akrilik/PA-0000031.png,298095
Graphica Key,toko1,PIN AKRILIK,PA-0000032,varian,E:\Project\Mass upload shopee\foto-upload\toko1\pin-akrilik\PA-0000032.png,https://cdn.jsdelivr.net/gh/dennypa77/mass-upload@main/foto-upload/toko1/pin-akrilik/PA-0000032.png,335142
Graphica Key,toko1,PIN AKRILIK,PA-0000033,varian,E:\Project\Mass upload shopee\foto-upload\toko1\pin-akrilik\PA-0000033.png,https://cdn.jsdelivr.net/gh/dennypa77/mass-upload@main/foto-upload/toko1/pin-akrilik/PA-0000033.png,356711
Graphica Key,toko1,PIN AKRILIK,PA-0000034,varian,E:\Project\Mass upload shopee\foto-upload\toko1\pin-akrilik\PA-0000034.png,https://cdn.jsdelivr.net/gh/dennypa77/mass-upload@main/foto-upload/toko1/pin-akrilik/PA-0000034.png,265185
Graphica Key,toko1,PIN AKRILIK,PA-0000035,varian,E:\Project\Mass upload shopee\foto-upload\toko1\pin-akrilik\PA-0000035.png,https://cdn.jsdelivr.net/gh/dennypa77/mass-upload@main/foto-upload/toko1/pin-akrilik/PA-0000035.png,312027
Graphica Key,toko1,PIN AKRILIK,PA-0000036,varian,E:\Project\Mass upload shopee\foto-upload\toko1\pin-akrilik\PA-0000036.png,https://cdn.jsdelivr.net/gh/dennypa77/mass-upload@main/foto-upload/toko1/pin-akrilik/PA-0000036.png,303453
Graphica Key,toko1,PIN AKRILIK,PA-0000037,varian,E:\Project\Mass upload shopee\foto-upload\toko1\pin-akrilik\PA-0000037.png,https://cdn.jsdelivr.net/gh/dennypa77/mass-upload@main/foto-upload/toko1/pin-akrilik/PA-0000037.png,324351
Graphica Key,toko1,PIN AKRILIK,PA-0000038,varian,E:\Project\Mass upload shopee\foto-upload\toko1\pin-akrilik\PA-0000038.png,https://cdn.jsdelivr.net/gh/dennypa77/mass-upload@main/foto-upload/toko1/pin-akrilik/PA-0000038.png,299222
Graphica Key,toko1,PIN AKRILIK,PA-0000039,varian,E:\Project\Mass upload shopee\foto-upload\toko1\pin-akrilik\PA-0000039.png,https://cdn.jsdelivr.net/gh/dennypa77/mass-upload@main/foto-upload/toko1/pin-akrilik/PA-0000039.png,311615
Graphica Key,toko1,PIN AKRILIK,PA-0000040,varian,E:\Project\Mass upload shopee\foto-upload\toko1\pin-akrilik\PA-0000040.png,https://cdn.jsdelivr.net/gh/dennypa77/mass-upload@main/foto-upload/toko1/pin-akrilik/PA-0000040.png,300261
Graphica Key,toko1,PIN AKRILIK,PA-0000041,varian,E:\Project\Mass upload shopee\foto-upload\toko1\pin-akrilik\PA-0000041.png,https://cdn.jsdelivr.net/gh/dennypa77/mass-upload@main/foto-upload/toko1/pin-akrilik/PA-0000041.png,323762
Graphica Key,toko1,PIN AKRILIK,PA-0000042,varian,E:\Project\Mass upload shopee\foto-upload\toko1\pin-akrilik\PA-0000042.png,https://cdn.jsdelivr.net/gh/dennypa77/mass-upload@main/foto-upload/toko1/pin-akrilik/PA-0000042.png,329464
Graphica Key,toko1,PIN AKRILIK,PA-0000043,varian,E:\Project\Mass upload shopee\foto-upload\toko1\pin-akrilik\PA-0000043.png,https://cdn.jsdelivr.net/gh/dennypa77/mass-upload@main/foto-upload/toko1/pin-akrilik/PA-0000043.png,331201
Graphica Key,toko1,PIN AKRILIK,PA-0000044,varian,E:\Project\Mass upload shopee\foto-upload\toko1\pin-akrilik\PA-0000044.png,https://cdn.jsdelivr.net/gh/dennypa77/mass-upload@main/foto-upload/toko1/pin-akrilik/PA-0000044.png,332717
Graphica Key,toko1,PIN AKRILIK,PA-0000045,varian,E:\Project\Mass upload shopee\foto-upload\toko1\pin-akrilik\PA-0000045.png,https://cdn.jsdelivr.net/gh/dennypa77/mass-upload@main/foto-upload/toko1/pin-akrilik/PA-0000045.png,334846
Graphica Key,toko1,PIN AKRILIK,PA-0000046,varian,E:\Project\Mass upload shopee\foto-upload\toko1\pin-akrilik\PA-0000046.png,https://cdn.jsdelivr.net/gh/dennypa77/mass-upload@main/foto-upload/toko1/pin-akrilik/PA-0000046.png,291090
Graphica Key,toko1,PIN AKRILIK,PA-0000047,varian,E:\Project\Mass upload shopee\foto-upload\toko1\pin-akrilik\PA-0000047.png,https://cdn.jsdelivr.net/gh/dennypa77/mass-upload@main/foto-upload/toko1/pin-akrilik/PA-0000047.png,268810
Graphica Key,toko1,PIN AKRILIK,PA-0000048,varian,E:\Project\Mass upload shopee\foto-upload\toko1\pin-akrilik\PA-0000048.png,https://cdn.jsdelivr.net/gh/dennypa77/mass-upload@main/foto-upload/toko1/pin-akrilik/PA-0000048.png,304479
Graphica Key,toko1,PIN AKRILIK,PA-0000049,varian,E:\Project\Mass upload shopee\foto-upload\toko1\pin-akrilik\PA-0000049.png,https://cdn.jsdelivr.net/gh/dennypa77/mass-upload@main/foto-upload/toko1/pin-akrilik/PA-0000049.png,277256
Graphica Key,toko1,PIN AKRILIK,PA-0000050,varian,E:\Project\Mass upload shopee\foto-upload\toko1\pin-akrilik\PA-0000050.png,https://cdn.jsdelivr.net/gh/dennypa77/mass-upload@main/foto-upload/toko1/pin-akrilik/PA-0000050.png,283120
Graphica Key,toko1,PIN AKRILIK,PA-0000051,varian,E:\Project\Mass upload shopee\foto-upload\toko1\pin-akrilik\PA-0000051.png,https://cdn.jsdelivr.net/gh/dennypa77/mass-upload@main/foto-upload/toko1/pin-akrilik/PA-0000051.png,338268
Graphica Key,toko1,PIN AKRILIK,PA-0000052,varian,E:\Project\Mass upload shopee\foto-upload\toko1\pin-akrilik\PA-0000052.png,https://cdn.jsdelivr.net/gh/dennypa77/mass-upload@main/foto-upload/toko1/pin-akrilik/PA-0000052.png,356491
Graphica Key,toko1,PIN AKRILIK,PA-0000053,varian,E:\Project\Mass upload shopee\foto-upload\toko1\pin-akrilik\PA-0000053.png,https://cdn.jsdelivr.net/gh/dennypa77/mass-upload@main/foto-upload/toko1/pin-akrilik/PA-0000053.png,369711
Graphica Key,toko1,PIN AKRILIK,PA-0000054,varian,E:\Project\Mass upload shopee\foto-upload\toko1\pin-akrilik\PA-0000054.png,https://cdn.jsdelivr.net/gh/dennypa77/mass-upload@main/foto-upload/toko1/pin-akrilik/PA-0000054.png,339897
Graphica Key,toko1,PIN AKRILIK,PA-0000055,varian,E:\Project\Mass upload shopee\foto-upload\toko1\pin-akrilik\PA-0000055.png,https://cdn.jsdelivr.net/gh/dennypa77/mass-upload@main/foto-upload/toko1/pin-akrilik/PA-0000055.png,359931
Graphica Key,toko1,PIN AKRILIK,PA-0000056,varian,E:\Project\Mass upload shopee\foto-upload\toko1\pin-akrilik\PA-0000056.png,https://cdn.jsdelivr.net/gh/dennypa77/mass-upload@main/foto-upload/toko1/pin-akrilik/PA-0000056.png,358406
Graphica Key,toko1,PIN AKRILIK,PA-0000057,varian,E:\Project\Mass upload shopee\foto-upload\toko1\pin-akrilik\PA-0000057.png,https://cdn.jsdelivr.net/gh/dennypa77/mass-upload@main/foto-upload/toko1/pin-akrilik/PA-0000057.png,364374
Graphica Key,toko1,PIN AKRILIK,PA-0000058,varian,E:\Project\Mass upload shopee\foto-upload\toko1\pin-akrilik\PA-0000058.png,https://cdn.jsdelivr.net/gh/dennypa77/mass-upload@main/foto-upload/toko1/pin-akrilik/PA-0000058.png,298728
Graphica Key,toko1,PIN AKRILIK,PA-0000059,varian,E:\Project\Mass upload shopee\foto-upload\toko1\pin-akrilik\PA-0000059.png,https://cdn.jsdelivr.net/gh/dennypa77/mass-upload@main/foto-upload/toko1/pin-akrilik/PA-0000059.png,305388
Graphica Key,toko1,PIN AKRILIK,PA-0000060,varian,E:\Project\Mass upload shopee\foto-upload\toko1\pin-akrilik\PA-0000060.png,https://cdn.jsdelivr.net/gh/dennypa77/mass-upload@main/foto-upload/toko1/pin-akrilik/PA-0000060.png,304497
Graphica Key,toko1,PIN AKRILIK,PA-0000061,varian,E:\Project\Mass upload shopee\foto-upload\toko1\pin-akrilik\PA-0000061.png,https://cdn.jsdelivr.net/gh/dennypa77/mass-upload@main/foto-upload/toko1/pin-akrilik/PA-0000061.png,328899
Graphica Key,toko1,PIN AKRILIK,PA-0000062,varian,E:\Project\Mass upload shopee\foto-upload\toko1\pin-akrilik\PA-0000062.png,https://cdn.jsdelivr.net/gh/dennypa77/mass-upload@main/foto-upload/toko1/pin-akrilik/PA-0000062.png,310887
Graphica Key,toko1,PIN AKRILIK,PA-0000063,varian,E:\Project\Mass upload shopee\foto-upload\toko1\pin-akrilik\PA-0000063.png,https://cdn.jsdelivr.net/gh/dennypa77/mass-upload@main/foto-upload/toko1/pin-akrilik/PA-0000063.png,313312
Graphica Key,toko1,PIN AKRILIK,PA-0000064,varian,E:\Project\Mass upload shopee\foto-upload\toko1\pin-akrilik\PA-0000064.png,https://cdn.jsdelivr.net/gh/dennypa77/mass-upload@main/foto-upload/toko1/pin-akrilik/PA-0000064.png,318371
Graphica Key,toko1,PIN AKRILIK,PA-0000065,varian,E:\Project\Mass upload shopee\foto-upload\toko1\pin-akrilik\PA-0000065.png,https://cdn.jsdelivr.net/gh/dennypa77/mass-upload@main/foto-upload/toko1/pin-akrilik/PA-0000065.png,260646
Graphica Key,toko1,PIN AKRILIK,PA-0000066,varian,E:\Project\Mass upload shopee\foto-upload\toko1\pin-akrilik\PA-0000066.png,https://cdn.jsdelivr.net/gh/dennypa77/mass-upload@main/foto-upload/toko1/pin-akrilik/PA-0000066.png,270373
Graphica Key,toko1,PIN AKRILIK,PA-0000067,varian,E:\Project\Mass upload shopee\foto-upload\toko1\pin-akrilik\PA-0000067.png,https://cdn.jsdelivr.net/gh/dennypa77/mass-upload@main/foto-upload/toko1/pin-akrilik/PA-0000067.png,276340
Graphica Key,toko1,PIN AKRILIK,PA-0000068,varian,E:\Project\Mass upload shopee\foto-upload\toko1\pin-akrilik\PA-0000068.png,https://cdn.jsdelivr.net/gh/dennypa77/mass-upload@main/foto-upload/toko1/pin-akrilik/PA-0000068.png,267390
Graphica Key,toko1,PIN AKRILIK,PA-0000069,varian,E:\Project\Mass upload shopee\foto-upload\toko1\pin-akrilik\PA-0000069.png,https://cdn.jsdelivr.net/gh/dennypa77/mass-upload@main/foto-upload/toko1/pin-akrilik/PA-0000069.png,273481
Graphica Key,toko1,PIN AKRILIK,PA-0000070,varian,E:\Project\Mass upload shopee\foto-upload\toko1\pin-akrilik\PA-0000070.png,https://cdn.jsdelivr.net/gh/dennypa77/mass-upload@main/foto-upload/toko1/pin-akrilik/PA-0000070.png,277519
Graphica Key,toko1,PIN AKRILIK,PA-0000071,varian,E:\Project\Mass upload shopee\foto-upload\toko1\pin-akrilik\PA-0000071.png,https://cdn.jsdelivr.net/gh/dennypa77/mass-upload@main/foto-upload/toko1/pin-akrilik/PA-0000071.png,265142
Graphica Key,toko1,PIN AKRILIK,PA-0000072,varian,E:\Project\Mass upload shopee\foto-upload\toko1\pin-akrilik\PA-0000072.png,https://cdn.jsdelivr.net/gh/dennypa77/mass-upload@main/foto-upload/toko1/pin-akrilik/PA-0000072.png,261663
Graphica Key,toko1,PIN AKRILIK,PA-0000073,varian,E:\Project\Mass upload shopee\foto-upload\toko1\pin-akrilik\PA-0000073.png,https://cdn.jsdelivr.net/gh/dennypa77/mass-upload@main/foto-upload/toko1/pin-akrilik/PA-0000073.png,253685
Graphica Key,toko1,PIN AKRILIK,PA-0000074,varian,E:\Project\Mass upload shopee\foto-upload\toko1\pin-akrilik\PA-0000074.png,https://cdn.jsdelivr.net/gh/dennypa77/mass-upload@main/foto-upload/toko1/pin-akrilik/PA-0000074.png,254714
Graphica Key,toko1,PIN AKRILIK,PA-0000075,varian,E:\Project\Mass upload shopee\foto-upload\toko1\pin-akrilik\PA-0000075.png,https://cdn.jsdelivr.net/gh/dennypa77/mass-upload@main/foto-upload/toko1/pin-akrilik/PA-0000075.png,263229
Graphica Key,toko1,PIN AKRILIK,PA-0000076,varian,E:\Project\Mass upload shopee\foto-upload\toko1\pin-akrilik\PA-0000076.png,https://cdn.jsdelivr.net/gh/dennypa77/mass-upload@main/foto-upload/toko1/pin-akrilik/PA-0000076.png,254006
Graphica Key,toko1,PIN AKRILIK,PA-0000077,varian,E:\Project\Mass upload shopee\foto-upload\toko1\pin-akrilik\PA-0000077.png,https://cdn.jsdelivr.net/gh/dennypa77/mass-upload@main/foto-upload/toko1/pin-akrilik/PA-0000077.png,257563
Graphica Key,toko1,PIN AKRILIK,PA-0000078,varian,E:\Project\Mass upload shopee\foto-upload\toko1\pin-akrilik\PA-0000078.png,https://cdn.jsdelivr.net/gh/dennypa77/mass-upload@main/foto-upload/toko1/pin-akrilik/PA-0000078.png,262324
Graphica Key,toko1,PIN AKRILIK,PA-0000079,varian,E:\Project\Mass upload shopee\foto-upload\toko1\pin-akrilik\PA-0000079.png,https://cdn.jsdelivr.net/gh/dennypa77/mass-upload@main/foto-upload/toko1/pin-akrilik/PA-0000079.png,312061
Graphica Key,toko1,PIN AKRILIK,PA-0000080,varian,E:\Project\Mass upload shopee\foto-upload\toko1\pin-akrilik\PA-0000080.png,https://cdn.jsdelivr.net/gh/dennypa77/mass-upload@main/foto-upload/toko1/pin-akrilik/PA-0000080.png,329130
Graphica Key,toko1,PIN AKRILIK,PA-0000081,varian,E:\Project\Mass upload shopee\foto-upload\toko1\pin-akrilik\PA-0000081.png,https://cdn.jsdelivr.net/gh/dennypa77/mass-upload@main/foto-upload/toko1/pin-akrilik/PA-0000081.png,379434
Graphica Key,toko1,PIN AKRILIK,PA-0000082,varian,E:\Project\Mass upload shopee\foto-upload\toko1\pin-akrilik\PA-0000082.png,https://cdn.jsdelivr.net/gh/dennypa77/mass-upload@main/foto-upload/toko1/pin-akrilik/PA-0000082.png,346097
Graphica Key,toko1,PIN AKRILIK,PA-0000083,varian,E:\Project\Mass upload shopee\foto-upload\toko1\pin-akrilik\PA-0000083.png,https://cdn.jsdelivr.net/gh/dennypa77/mass-upload@main/foto-upload/toko1/pin-akrilik/PA-0000083.png,321006
Graphica Key,toko1,PIN AKRILIK,PA-0000084,varian,E:\Project\Mass upload shopee\foto-upload\toko1\pin-akrilik\PA-0000084.png,https://cdn.jsdelivr.net/gh/dennypa77/mass-upload@main/foto-upload/toko1/pin-akrilik/PA-0000084.png,329084
Graphica Key,toko1,PIN AKRILIK,PA-0000085,varian,E:\Project\Mass upload shopee\foto-upload\toko1\pin-akrilik\PA-0000085.png,https://cdn.jsdelivr.net/gh/dennypa77/mass-upload@main/foto-upload/toko1/pin-akrilik/PA-0000085.png,337803
Graphica Key,toko1,PIN AKRILIK,PA-0000086,varian,E:\Project\Mass upload shopee\foto-upload\toko1\pin-akrilik\PA-0000086.png,https://cdn.jsdelivr.net/gh/dennypa77/mass-upload@main/foto-upload/toko1/pin-akrilik/PA-0000086.png,354149
Graphica Key,toko1,PIN AKRILIK,PA-0000087,varian,E:\Project\Mass upload shopee\foto-upload\toko1\pin-akrilik\PA-0000087.png,https://cdn.jsdelivr.net/gh/dennypa77/mass-upload@main/foto-upload/toko1/pin-akrilik/PA-0000087.png,275346
Graphica Key,toko1,PIN AKRILIK,PA-0000088,varian,E:\Project\Mass upload shopee\foto-upload\toko1\pin-akrilik\PA-0000088.png,https://cdn.jsdelivr.net/gh/dennypa77/mass-upload@main/foto-upload/toko1/pin-akrilik/PA-0000088.png,309567
Graphica Key,toko1,PIN AKRILIK,PA-0000089,varian,E:\Project\Mass upload shopee\foto-upload\toko1\pin-akrilik\PA-0000089.png,https://cdn.jsdelivr.net/gh/dennypa77/mass-upload@main/foto-upload/toko1/pin-akrilik/PA-0000089.png,255436
Graphica Key,toko1,PIN AKRILIK,PA-0000090,varian,E:\Project\Mass upload shopee\foto-upload\toko1\pin-akrilik\PA-0000090.png,https://cdn.jsdelivr.net/gh/dennypa77/mass-upload@main/foto-upload/toko1/pin-akrilik/PA-0000090.png,302031
Graphica Key,toko1,PIN AKRILIK,PA-0000091,varian,E:\Project\Mass upload shopee\foto-upload\toko1\pin-akrilik\PA-0000091.png,https://cdn.jsdelivr.net/gh/dennypa77/mass-upload@main/foto-upload/toko1/pin-akrilik/PA-0000091.png,294614
Graphica Key,toko1,PIN AKRILIK,PA-0000092,varian,E:\Project\Mass upload shopee\foto-upload\toko1\pin-akrilik\PA-0000092.png,https://cdn.jsdelivr.net/gh/dennypa77/mass-upload@main/foto-upload/toko1/pin-akrilik/PA-0000092.png,304193
Graphica Key,toko1,PIN AKRILIK,PA-0000093,varian,E:\Project\Mass upload shopee\foto-upload\toko1\pin-akrilik\PA-0000093.png,https://cdn.jsdelivr.net/gh/dennypa77/mass-upload@main/foto-upload/toko1/pin-akrilik/PA-0000093.png,334754
Graphica Key,toko1,PIN AKRILIK,PA-0000094,varian,E:\Project\Mass upload shopee\foto-upload\toko1\pin-akrilik\PA-0000094.png,https://cdn.jsdelivr.net/gh/dennypa77/mass-upload@main/foto-upload/toko1/pin-akrilik/PA-0000094.png,343958
Graphica Key,toko1,PIN AKRILIK,PA-0000095,varian,E:\Project\Mass upload shopee\foto-upload\toko1\pin-akrilik\PA-0000095.png,https://cdn.jsdelivr.net/gh/dennypa77/mass-upload@main/foto-upload/toko1/pin-akrilik/PA-0000095.png,341262
Graphica Key,toko1,PIN AKRILIK,PA-0000096,varian,E:\Project\Mass upload shopee\foto-upload\toko1\pin-akrilik\PA-0000096.png,https://cdn.jsdelivr.net/gh/dennypa77/mass-upload@main/foto-upload/toko1/pin-akrilik/PA-0000096.png,315372
Graphica Key,toko1,PIN AKRILIK,PA-0000097,varian,E:\Project\Mass upload shopee\foto-upload\toko1\pin-akrilik\PA-0000097.png,https://cdn.jsdelivr.net/gh/dennypa77/mass-upload@main/foto-upload/toko1/pin-akrilik/PA-0000097.png,311304
Graphica Key,toko1,PIN AKRILIK,PA-0000098,varian,E:\Project\Mass upload shopee\foto-upload\toko1\pin-akrilik\PA-0000098.png,https://cdn.jsdelivr.net/gh/dennypa77/mass-upload@main/foto-upload/toko1/pin-akrilik/PA-0000098.png,330833
Graphica Key,toko1,PIN AKRILIK,PA-0000099,varian,E:\Project\Mass upload shopee\foto-upload\toko1\pin-akrilik\PA-0000099.png,https://cdn.jsdelivr.net/gh/dennypa77/mass-upload@main/foto-upload/toko1/pin-akrilik/PA-0000099.png,319966
Graphica Key,toko1,PIN AKRILIK,PA-0000100,varian,E:\Project\Mass upload shopee\foto-upload\toko1\pin-akrilik\PA-0000100.png,https://cdn.jsdelivr.net/gh/dennypa77/mass-upload@main/foto-upload/toko1/pin-akrilik/PA-0000100.png,339875
Graphica Key,toko1,PIN AKRILIK,PA-0000151,varian,E:\Project\Mass upload shopee\foto-upload\toko1\pin-akrilik\PA-0000151.png,https://cdn.jsdelivr.net/gh/dennypa77/mass-upload@main/foto-upload/toko1/pin-akrilik/PA-0000151.png,98205
Graphica Key,toko1,PIN AKRILIK,PA-0000152,varian,E:\Project\Mass upload shopee\foto-upload\toko1\pin-akrilik\PA-0000152.png,https://cdn.jsdelivr.net/gh/dennypa77/mass-upload@main/foto-upload/toko1/pin-akrilik/PA-0000152.png,109134
Graphica Key,toko1,PIN AKRILIK,PA-0000153,varian,E:\Project\Mass upload shopee\foto-upload\toko1\pin-akrilik\PA-0000153.png,https://cdn.jsdelivr.net/gh/dennypa77/mass-upload@main/foto-upload/toko1/pin-akrilik/PA-0000153.png,106880
Graphica Key,toko1,PIN AKRILIK,PA-0000154,varian,E:\Project\Mass upload shopee\foto-upload\toko1\pin-akrilik\PA-0000154.png,https://cdn.jsdelivr.net/gh/dennypa77/mass-upload@main/foto-upload/toko1/pin-akrilik/PA-0000154.png,105254
Graphica Key,toko1,PIN AKRILIK,PA-0000155,varian,E:\Project\Mass upload shopee\foto-upload\toko1\pin-akrilik\PA-0000155.png,https://cdn.jsdelivr.net/gh/dennypa77/mass-upload@main/foto-upload/toko1/pin-akrilik/PA-0000155.png,118193
Graphica Key,toko1,PIN AKRILIK,PA-0000156,varian,E:\Project\Mass upload shopee\foto-upload\toko1\pin-akrilik\PA-0000156.png,https://cdn.jsdelivr.net/gh/dennypa77/mass-upload@main/foto-upload/toko1/pin-akrilik/PA-0000156.png,110311
Graphica Key,toko1,PIN AKRILIK,PA-0000157,varian,E:\Project\Mass upload shopee\foto-upload\toko1\pin-akrilik\PA-0000157.png,https://cdn.jsdelivr.net/gh/dennypa77/mass-upload@main/foto-upload/toko1/pin-akrilik/PA-0000157.png,124070
Graphica Key,toko1,PIN AKRILIK,PA-0000158,varian,E:\Project\Mass upload shopee\foto-upload\toko1\pin-akrilik\PA-0000158.png,https://cdn.jsdelivr.net/gh/dennypa77/mass-upload@main/foto-upload/toko1/pin-akrilik/PA-0000158.png,115953
Graphica Key,toko1,PIN AKRILIK,PA-0000159,varian,E:\Project\Mass upload shopee\foto-upload\toko1\pin-akrilik\PA-0000159.png,https://cdn.jsdelivr.net/gh/dennypa77/mass-upload@main/foto-upload/toko1/pin-akrilik/PA-0000159.png,101784
Graphica Key,toko1,PIN AKRILIK,PA-0000160,varian,E:\Project\Mass upload shopee\foto-upload\toko1\pin-akrilik\PA-0000160.png,https://cdn.jsdelivr.net/gh/dennypa77/mass-upload@main/foto-upload/toko1/pin-akrilik/PA-0000160.png,111379
Graphica Key,toko1,PIN AKRILIK,PA-0000161,varian,E:\Project\Mass upload shopee\foto-upload\toko1\pin-akrilik\PA-0000161.png,https://cdn.jsdelivr.net/gh/dennypa77/mass-upload@main/foto-upload/toko1/pin-akrilik/PA-0000161.png,83096
Graphica Key,toko1,PIN AKRILIK,PA-0000162,varian,E:\Project\Mass upload shopee\foto-upload\toko1\pin-akrilik\PA-0000162.png,https://cdn.jsdelivr.net/gh/dennypa77/mass-upload@main/foto-upload/toko1/pin-akrilik/PA-0000162.png,115467
Graphica Key,toko1,PIN AKRILIK,PA-0000163,varian,E:\Project\Mass upload shopee\foto-upload\toko1\pin-akrilik\PA-0000163.png,https://cdn.jsdelivr.net/gh/dennypa77/mass-upload@main/foto-upload/toko1/pin-akrilik/PA-0000163.png,105279
Graphica Key,toko1,PIN AKRILIK,PA-0000164,varian,E:\Project\Mass upload shopee\foto-upload\toko1\pin-akrilik\PA-0000164.png,https://cdn.jsdelivr.net/gh/dennypa77/mass-upload@main/foto-upload/toko1/pin-akrilik/PA-0000164.png,122440
Graphica Key,toko1,PIN AKRILIK,PA-0000165,varian,E:\Project\Mass upload shopee\foto-upload\toko1\pin-akrilik\PA-0000165.png,https://cdn.jsdelivr.net/gh/dennypa77/mass-upload@main/foto-upload/toko1/pin-akrilik/PA-0000165.png,108394
Graphica Key,toko1,PIN AKRILIK,PA-0000166,varian,E:\Project\Mass upload shopee\foto-upload\toko1\pin-akrilik\PA-0000166.png,https://cdn.jsdelivr.net/gh/dennypa77/mass-upload@main/foto-upload/toko1/pin-akrilik/PA-0000166.png,120364
Graphica Key,toko1,PIN AKRILIK,PA-0000167,varian,E:\Project\Mass upload shopee\foto-upload\toko1\pin-akrilik\PA-0000167.png,https://cdn.jsdelivr.net/gh/dennypa77/mass-upload@main/foto-upload/toko1/pin-akrilik/PA-0000167.png,110019
Graphica Key,toko1,PIN AKRILIK,PA-0000168,varian,E:\Project\Mass upload shopee\foto-upload\toko1\pin-akrilik\PA-0000168.png,https://cdn.jsdelivr.net/gh/dennypa77/mass-upload@main/foto-upload/toko1/pin-akrilik/PA-0000168.png,119665
Graphica Key,toko1,PIN AKRILIK,PA-0000169,varian,E:\Project\Mass upload shopee\foto-upload\toko1\pin-akrilik\PA-0000169.png,https://cdn.jsdelivr.net/gh/dennypa77/mass-upload@main/foto-upload/toko1/pin-akrilik/PA-0000169.png,105601
Graphica Key,toko1,PIN AKRILIK,PA-0000170,varian,E:\Project\Mass upload shopee\foto-upload\toko1\pin-akrilik\PA-0000170.png,https://cdn.jsdelivr.net/gh/dennypa77/mass-upload@main/foto-upload/toko1/pin-akrilik/PA-0000170.png,103698
Graphica Key,toko1,PIN AKRILIK,PA-0000171,varian,E:\Project\Mass upload shopee\foto-upload\toko1\pin-akrilik\PA-0000171.png,https://cdn.jsdelivr.net/gh/dennypa77/mass-upload@main/foto-upload/toko1/pin-akrilik/PA-0000171.png,95544
Graphica Key,toko1,PIN AKRILIK,PA-0000172,varian,E:\Project\Mass upload shopee\foto-upload\toko1\pin-akrilik\PA-0000172.png,https://cdn.jsdelivr.net/gh/dennypa77/mass-upload@main/foto-upload/toko1/pin-akrilik/PA-0000172.png,100494
Graphica Key,toko1,PIN AKRILIK,PA-0000173,varian,E:\Project\Mass upload shopee\foto-upload\toko1\pin-akrilik\PA-0000173.png,https://cdn.jsdelivr.net/gh/dennypa77/mass-upload@main/foto-upload/toko1/pin-akrilik/PA-0000173.png,107770
Graphica Key,toko1,PIN AKRILIK,PA-0000174,varian,E:\Project\Mass upload shopee\foto-upload\toko1\pin-akrilik\PA-0000174.png,https://cdn.jsdelivr.net/gh/dennypa77/mass-upload@main/foto-upload/toko1/pin-akrilik/PA-0000174.png,104139
Graphica Key,toko1,PIN AKRILIK,PA-0000175,varian,E:\Project\Mass upload shopee\foto-upload\toko1\pin-akrilik\PA-0000175.png,https://cdn.jsdelivr.net/gh/dennypa77/mass-upload@main/foto-upload/toko1/pin-akrilik/PA-0000175.png,111958
Graphica Key,toko1,PIN AKRILIK,PA-0000176,varian,E:\Project\Mass upload shopee\foto-upload\toko1\pin-akrilik\PA-0000176.png,https://cdn.jsdelivr.net/gh/dennypa77/mass-upload@main/foto-upload/toko1/pin-akrilik/PA-0000176.png,110001
Graphica Key,toko1,PIN AKRILIK,PA-0000177,varian,E:\Project\Mass upload shopee\foto-upload\toko1\pin-akrilik\PA-0000177.png,https://cdn.jsdelivr.net/gh/dennypa77/mass-upload@main/foto-upload/toko1/pin-akrilik/PA-0000177.png,106375
Graphica Key,toko1,PIN AKRILIK,PA-0000178,varian,E:\Project\Mass upload shopee\foto-upload\toko1\pin-akrilik\PA-0000178.png,https://cdn.jsdelivr.net/gh/dennypa77/mass-upload@main/foto-upload/toko1/pin-akrilik/PA-0000178.png,104485
Graphica Key,toko1,PIN AKRILIK,PA-0000179,varian,E:\Project\Mass upload shopee\foto-upload\toko1\pin-akrilik\PA-0000179.png,https://cdn.jsdelivr.net/gh/dennypa77/mass-upload@main/foto-upload/toko1/pin-akrilik/PA-0000179.png,121583
Graphica Key,toko1,PIN AKRILIK,PA-0000180,varian,E:\Project\Mass upload shopee\foto-upload\toko1\pin-akrilik\PA-0000180.png,https://cdn.jsdelivr.net/gh/dennypa77/mass-upload@main/foto-upload/toko1/pin-akrilik/PA-0000180.png,117390
Graphica Key,toko1,PIN AKRILIK,PA-0000181,varian,E:\Project\Mass upload shopee\foto-upload\toko1\pin-akrilik\PA-0000181.png,https://cdn.jsdelivr.net/gh/dennypa77/mass-upload@main/foto-upload/toko1/pin-akrilik/PA-0000181.png,92079
Graphica Key,toko1,PIN AKRILIK,PA-0000182,varian,E:\Project\Mass upload shopee\foto-upload\toko1\pin-akrilik\PA-0000182.png,https://cdn.jsdelivr.net/gh/dennypa77/mass-upload@main/foto-upload/toko1/pin-akrilik/PA-0000182.png,117075
Graphica Key,toko1,PIN AKRILIK,PA-0000183,varian,E:\Project\Mass upload shopee\foto-upload\toko1\pin-akrilik\PA-0000183.png,https://cdn.jsdelivr.net/gh/dennypa77/mass-upload@main/foto-upload/toko1/pin-akrilik/PA-0000183.png,110342
Graphica Key,toko1,PIN AKRILIK,PA-0000184,varian,E:\Project\Mass upload shopee\foto-upload\toko1\pin-akrilik\PA-0000184.png,https://cdn.jsdelivr.net/gh/dennypa77/mass-upload@main/foto-upload/toko1/pin-akrilik/PA-0000184.png,102657
Graphica Key,toko1,PIN AKRILIK,PA-0000185,varian,E:\Project\Mass upload shopee\foto-upload\toko1\pin-akrilik\PA-0000185.png,https://cdn.jsdelivr.net/gh/dennypa77/mass-upload@main/foto-upload/toko1/pin-akrilik/PA-0000185.png,98752
Graphica Key,toko1,PIN AKRILIK,PA-0000186,varian,E:\Project\Mass upload shopee\foto-upload\toko1\pin-akrilik\PA-0000186.png,https://cdn.jsdelivr.net/gh/dennypa77/mass-upload@main/foto-upload/toko1/pin-akrilik/PA-0000186.png,103293
Graphica Key,toko1,PIN AKRILIK,PA-0000187,varian,E:\Project\Mass upload shopee\foto-upload\toko1\pin-akrilik\PA-0000187.png,https://cdn.jsdelivr.net/gh/dennypa77/mass-upload@main/foto-upload/toko1/pin-akrilik/PA-0000187.png,102866
Graphica Key,toko1,PIN AKRILIK,PA-0000188,varian,E:\Project\Mass upload shopee\foto-upload\toko1\pin-akrilik\PA-0000188.png,https://cdn.jsdelivr.net/gh/dennypa77/mass-upload@main/foto-upload/toko1/pin-akrilik/PA-0000188.png,124109
Graphica Key,toko1,PIN AKRILIK,PA-0000189,varian,E:\Project\Mass upload shopee\foto-upload\toko1\pin-akrilik\PA-0000189.png,https://cdn.jsdelivr.net/gh/dennypa77/mass-upload@main/foto-upload/toko1/pin-akrilik/PA-0000189.png,96862
Graphica Key,toko1,PIN AKRILIK,PA-0000190,varian,E:\Project\Mass upload shopee\foto-upload\toko1\pin-akrilik\PA-0000190.png,https://cdn.jsdelivr.net/gh/dennypa77/mass-upload@main/foto-upload/toko1/pin-akrilik/PA-0000190.png,116581
Graphica Key,toko1,PIN AKRILIK,PA-0000191,varian,E:\Project\Mass upload shopee\foto-upload\toko1\pin-akrilik\PA-0000191.png,https://cdn.jsdelivr.net/gh/dennypa77/mass-upload@main/foto-upload/toko1/pin-akrilik/PA-0000191.png,82854
Graphica Key,toko1,PIN AKRILIK,PA-0000192,varian,E:\Project\Mass upload shopee\foto-upload\toko1\pin-akrilik\PA-0000192.png,https://cdn.jsdelivr.net/gh/dennypa77/mass-upload@main/foto-upload/toko1/pin-akrilik/PA-0000192.png,116168
Graphica Key,toko1,PIN AKRILIK,PA-0000193,varian,E:\Project\Mass upload shopee\foto-upload\toko1\pin-akrilik\PA-0000193.png,https://cdn.jsdelivr.net/gh/dennypa77/mass-upload@main/foto-upload/toko1/pin-akrilik/PA-0000193.png,127911
Graphica Key,toko1,PIN AKRILIK,PA-0000194,varian,E:\Project\Mass upload shopee\foto-upload\toko1\pin-akrilik\PA-0000194.png,https://cdn.jsdelivr.net/gh/dennypa77/mass-upload@main/foto-upload/toko1/pin-akrilik/PA-0000194.png,120451
Graphica Key,toko1,PIN AKRILIK,PA-0000195,varian,E:\Project\Mass upload shopee\foto-upload\toko1\pin-akrilik\PA-0000195.png,https://cdn.jsdelivr.net/gh/dennypa77/mass-upload@main/foto-upload/toko1/pin-akrilik/PA-0000195.png,130745
Graphica Key,toko1,PIN AKRILIK,PA-0000196,varian,E:\Project\Mass upload shopee\foto-upload\toko1\pin-akrilik\PA-0000196.png,https://cdn.jsdelivr.net/gh/dennypa77/mass-upload@main/foto-upload/toko1/pin-akrilik/PA-0000196.png,121524
Graphica Key,toko1,PIN AKRILIK,PA-0000197,varian,E:\Project\Mass upload shopee\foto-upload\toko1\pin-akrilik\PA-0000197.png,https://cdn.jsdelivr.net/gh/dennypa77/mass-upload@main/foto-upload/toko1/pin-akrilik/PA-0000197.png,95627
Graphica Key,toko1,PIN AKRILIK,PA-0000198,varian,E:\Project\Mass upload shopee\foto-upload\toko1\pin-akrilik\PA-0000198.png,https://cdn.jsdelivr.net/gh/dennypa77/mass-upload@main/foto-upload/toko1/pin-akrilik/PA-0000198.png,112727
Graphica Key,toko1,PIN AKRILIK,PA-0000199,varian,E:\Project\Mass upload shopee\foto-upload\toko1\pin-akrilik\PA-0000199.png,https://cdn.jsdelivr.net/gh/dennypa77/mass-upload@main/foto-upload/toko1/pin-akrilik/PA-0000199.png,111583
Graphica Key,toko1,PIN AKRILIK,PA-0000200,varian,E:\Project\Mass upload shopee\foto-upload\toko1\pin-akrilik\PA-0000200.png,https://cdn.jsdelivr.net/gh/dennypa77/mass-upload@main/foto-upload/toko1/pin-akrilik/PA-0000200.png,105398
Graphica Key,toko1,PIN AKRILIK,PA-0000201,varian,E:\Project\Mass upload shopee\foto-upload\toko1\pin-akrilik\PA-0000201.png,https://cdn.jsdelivr.net/gh/dennypa77/mass-upload@main/foto-upload/toko1/pin-akrilik/PA-0000201.png,869024
Graphica Key,toko1,PIN AKRILIK,PA-0000202,varian,E:\Project\Mass upload shopee\foto-upload\toko1\pin-akrilik\PA-0000202.png,https://cdn.jsdelivr.net/gh/dennypa77/mass-upload@main/foto-upload/toko1/pin-akrilik/PA-0000202.png,852537
Graphica Key,toko1,PIN AKRILIK,PA-0000203,varian,E:\Project\Mass upload shopee\foto-upload\toko1\pin-akrilik\PA-0000203.png,https://cdn.jsdelivr.net/gh/dennypa77/mass-upload@main/foto-upload/toko1/pin-akrilik/PA-0000203.png,820991
Graphica Key,toko1,PIN AKRILIK,PA-0000204,varian,E:\Project\Mass upload shopee\foto-upload\toko1\pin-akrilik\PA-0000204.png,https://cdn.jsdelivr.net/gh/dennypa77/mass-upload@main/foto-upload/toko1/pin-akrilik/PA-0000204.png,871495
Graphica Key,toko1,PIN AKRILIK,PA-0000205,varian,E:\Project\Mass upload shopee\foto-upload\toko1\pin-akrilik\PA-0000205.png,https://cdn.jsdelivr.net/gh/dennypa77/mass-upload@main/foto-upload/toko1/pin-akrilik/PA-0000205.png,867031
Graphica Key,toko1,PIN AKRILIK,PA-0000206,varian,E:\Project\Mass upload shopee\foto-upload\toko1\pin-akrilik\PA-0000206.png,https://cdn.jsdelivr.net/gh/dennypa77/mass-upload@main/foto-upload/toko1/pin-akrilik/PA-0000206.png,838045
Graphica Key,toko1,PIN AKRILIK,PA-0000207,varian,E:\Project\Mass upload shopee\foto-upload\toko1\pin-akrilik\PA-0000207.png,https://cdn.jsdelivr.net/gh/dennypa77/mass-upload@main/foto-upload/toko1/pin-akrilik/PA-0000207.png,828210
Graphica Key,toko1,PIN AKRILIK,PA-0000208,varian,E:\Project\Mass upload shopee\foto-upload\toko1\pin-akrilik\PA-0000208.png,https://cdn.jsdelivr.net/gh/dennypa77/mass-upload@main/foto-upload/toko1/pin-akrilik/PA-0000208.png,907677
Graphica Key,toko1,PIN AKRILIK,PA-0000209,varian,E:\Project\Mass upload shopee\foto-upload\toko1\pin-akrilik\PA-0000209.png,https://cdn.jsdelivr.net/gh/dennypa77/mass-upload@main/foto-upload/toko1/pin-akrilik/PA-0000209.png,867690
Graphica Key,toko1,PIN AKRILIK,PA-0000210,varian,E:\Project\Mass upload shopee\foto-upload\toko1\pin-akrilik\PA-0000210.png,https://cdn.jsdelivr.net/gh/dennypa77/mass-upload@main/foto-upload/toko1/pin-akrilik/PA-0000210.png,918506
Graphica Key,toko1,PIN AKRILIK,PA-0000211,varian,E:\Project\Mass upload shopee\foto-upload\toko1\pin-akrilik\PA-0000211.png,https://cdn.jsdelivr.net/gh/dennypa77/mass-upload@main/foto-upload/toko1/pin-akrilik/PA-0000211.png,823607
Graphica Key,toko1,PIN AKRILIK,PA-0000212,varian,E:\Project\Mass upload shopee\foto-upload\toko1\pin-akrilik\PA-0000212.png,https://cdn.jsdelivr.net/gh/dennypa77/mass-upload@main/foto-upload/toko1/pin-akrilik/PA-0000212.png,927231
Graphica Key,toko1,PIN AKRILIK,PA-0000213,varian,E:\Project\Mass upload shopee\foto-upload\toko1\pin-akrilik\PA-0000213.png,https://cdn.jsdelivr.net/gh/dennypa77/mass-upload@main/foto-upload/toko1/pin-akrilik/PA-0000213.png,797709
Graphica Key,toko1,PIN AKRILIK,PA-0000214,varian,E:\Project\Mass upload shopee\foto-upload\toko1\pin-akrilik\PA-0000214.png,https://cdn.jsdelivr.net/gh/dennypa77/mass-upload@main/foto-upload/toko1/pin-akrilik/PA-0000214.png,742460
Graphica Key,toko1,PIN AKRILIK,PA-0000215,varian,E:\Project\Mass upload shopee\foto-upload\toko1\pin-akrilik\PA-0000215.png,https://cdn.jsdelivr.net/gh/dennypa77/mass-upload@main/foto-upload/toko1/pin-akrilik/PA-0000215.png,977937
Graphica Key,toko1,PIN AKRILIK,PA-0000216,varian,E:\Project\Mass upload shopee\foto-upload\toko1\pin-akrilik\PA-0000216.png,https://cdn.jsdelivr.net/gh/dennypa77/mass-upload@main/foto-upload/toko1/pin-akrilik/PA-0000216.png,736066
Graphica Key,toko1,PIN AKRILIK,PA-0000217,varian,E:\Project\Mass upload shopee\foto-upload\toko1\pin-akrilik\PA-0000217.png,https://cdn.jsdelivr.net/gh/dennypa77/mass-upload@main/foto-upload/toko1/pin-akrilik/PA-0000217.png,816445
Graphica Key,toko1,PIN AKRILIK,PA-0000218,varian,E:\Project\Mass upload shopee\foto-upload\toko1\pin-akrilik\PA-0000218.png,https://cdn.jsdelivr.net/gh/dennypa77/mass-upload@main/foto-upload/toko1/pin-akrilik/PA-0000218.png,788204
Graphica Key,toko1,PIN AKRILIK,PA-0000219,varian,E:\Project\Mass upload shopee\foto-upload\toko1\pin-akrilik\PA-0000219.png,https://cdn.jsdelivr.net/gh/dennypa77/mass-upload@main/foto-upload/toko1/pin-akrilik/PA-0000219.png,799235
Graphica Key,toko1,PIN AKRILIK,PA-0000220,varian,E:\Project\Mass upload shopee\foto-upload\toko1\pin-akrilik\PA-0000220.png,https://cdn.jsdelivr.net/gh/dennypa77/mass-upload@main/foto-upload/toko1/pin-akrilik/PA-0000220.png,854794
Graphica Key,toko1,PIN AKRILIK,PA-0000221,varian,E:\Project\Mass upload shopee\foto-upload\toko1\pin-akrilik\PA-0000221.png,https://cdn.jsdelivr.net/gh/dennypa77/mass-upload@main/foto-upload/toko1/pin-akrilik/PA-0000221.png,666726
Graphica Key,toko1,PIN AKRILIK,PA-0000222,varian,E:\Project\Mass upload shopee\foto-upload\toko1\pin-akrilik\PA-0000222.png,https://cdn.jsdelivr.net/gh/dennypa77/mass-upload@main/foto-upload/toko1/pin-akrilik/PA-0000222.png,823816
Graphica Key,toko1,PIN AKRILIK,PA-0000223,varian,E:\Project\Mass upload shopee\foto-upload\toko1\pin-akrilik\PA-0000223.png,https://cdn.jsdelivr.net/gh/dennypa77/mass-upload@main/foto-upload/toko1/pin-akrilik/PA-0000223.png,908471
Graphica Key,toko1,PIN AKRILIK,PA-0000224,varian,E:\Project\Mass upload shopee\foto-upload\toko1\pin-akrilik\PA-0000224.png,https://cdn.jsdelivr.net/gh/dennypa77/mass-upload@main/foto-upload/toko1/pin-akrilik/PA-0000224.png,844572
Graphica Key,toko1,PIN AKRILIK,PA-0000225,varian,E:\Project\Mass upload shopee\foto-upload\toko1\pin-akrilik\PA-0000225.png,https://cdn.jsdelivr.net/gh/dennypa77/mass-upload@main/foto-upload/toko1/pin-akrilik/PA-0000225.png,833890
Graphica Key,toko1,PIN AKRILIK,PA-0000226,varian,E:\Project\Mass upload shopee\foto-upload\toko1\pin-akrilik\PA-0000226.png,https://cdn.jsdelivr.net/gh/dennypa77/mass-upload@main/foto-upload/toko1/pin-akrilik/PA-0000226.png,734450
Graphica Key,toko1,PIN AKRILIK,PA-0000227,varian,E:\Project\Mass upload shopee\foto-upload\toko1\pin-akrilik\PA-0000227.png,https://cdn.jsdelivr.net/gh/dennypa77/mass-upload@main/foto-upload/toko1/pin-akrilik/PA-0000227.png,766086
Graphica Key,toko1,PIN AKRILIK,PA-0000228,varian,E:\Project\Mass upload shopee\foto-upload\toko1\pin-akrilik\PA-0000228.png,https://cdn.jsdelivr.net/gh/dennypa77/mass-upload@main/foto-upload/toko1/pin-akrilik/PA-0000228.png,696160
Graphica Key,toko1,PIN AKRILIK,PA-0000229,varian,E:\Project\Mass upload shopee\foto-upload\toko1\pin-akrilik\PA-0000229.png,https://cdn.jsdelivr.net/gh/dennypa77/mass-upload@main/foto-upload/toko1/pin-akrilik/PA-0000229.png,965359
Graphica Key,toko1,PIN AKRILIK,PA-0000230,varian,E:\Project\Mass upload shopee\foto-upload\toko1\pin-akrilik\PA-0000230.png,https://cdn.jsdelivr.net/gh/dennypa77/mass-upload@main/foto-upload/toko1/pin-akrilik/PA-0000230.png,806124
Graphica Key,toko1,PIN AKRILIK,PA-0000231,varian,E:\Project\Mass upload shopee\foto-upload\toko1\pin-akrilik\PA-0000231.png,https://cdn.jsdelivr.net/gh/dennypa77/mass-upload@main/foto-upload/toko1/pin-akrilik/PA-0000231.png,693618
Graphica Key,toko1,PIN AKRILIK,PA-0000232,varian,E:\Project\Mass upload shopee\foto-upload\toko1\pin-akrilik\PA-0000232.png,https://cdn.jsdelivr.net/gh/dennypa77/mass-upload@main/foto-upload/toko1/pin-akrilik/PA-0000232.png,765207
Graphica Key,toko1,PIN AKRILIK,PA-0000233,varian,E:\Project\Mass upload shopee\foto-upload\toko1\pin-akrilik\PA-0000233.png,https://cdn.jsdelivr.net/gh/dennypa77/mass-upload@main/foto-upload/toko1/pin-akrilik/PA-0000233.png,774279
Graphica Key,toko1,PIN AKRILIK,PA-0000234,varian,E:\Project\Mass upload shopee\foto-upload\toko1\pin-akrilik\PA-0000234.png,https://cdn.jsdelivr.net/gh/dennypa77/mass-upload@main/foto-upload/toko1/pin-akrilik/PA-0000234.png,799595
Graphica Key,toko1,PIN AKRILIK,PA-0000235,varian,E:\Project\Mass upload shopee\foto-upload\toko1\pin-akrilik\PA-0000235.png,https://cdn.jsdelivr.net/gh/dennypa77/mass-upload@main/foto-upload/toko1/pin-akrilik/PA-0000235.png,778847
Graphica Key,toko1,PIN AKRILIK,PA-0000236,varian,E:\Project\Mass upload shopee\foto-upload\toko1\pin-akrilik\PA-0000236.png,https://cdn.jsdelivr.net/gh/dennypa77/mass-upload@main/foto-upload/toko1/pin-akrilik/PA-0000236.png,700615
Graphica Key,toko1,PIN AKRILIK,PA-0000237,varian,E:\Project\Mass upload shopee\foto-upload\toko1\pin-akrilik\PA-0000237.png,https://cdn.jsdelivr.net/gh/dennypa77/mass-upload@main/foto-upload/toko1/pin-akrilik/PA-0000237.png,713901
Graphica Key,toko1,PIN AKRILIK,PA-0000238,varian,E:\Project\Mass upload shopee\foto-upload\toko1\pin-akrilik\PA-0000238.png,https://cdn.jsdelivr.net/gh/dennypa77/mass-upload@main/foto-upload/toko1/pin-akrilik/PA-0000238.png,711946
Graphica Key,toko1,PIN AKRILIK,PA-0000239,varian,E:\Project\Mass upload shopee\foto-upload\toko1\pin-akrilik\PA-0000239.png,https://cdn.jsdelivr.net/gh/dennypa77/mass-upload@main/foto-upload/toko1/pin-akrilik/PA-0000239.png,787849
Graphica Key,toko1,PIN AKRILIK,PA-0000240,varian,E:\Project\Mass upload shopee\foto-upload\toko1\pin-akrilik\PA-0000240.png,https://cdn.jsdelivr.net/gh/dennypa77/mass-upload@main/foto-upload/toko1/pin-akrilik/PA-0000240.png,804179
Graphica Key,toko1,PIN AKRILIK,PA-0000241,varian,E:\Project\Mass upload shopee\foto-upload\toko1\pin-akrilik\PA-0000241.png,https://cdn.jsdelivr.net/gh/dennypa77/mass-upload@main/foto-upload/toko1/pin-akrilik/PA-0000241.png,809145
Graphica Key,toko1,PIN AKRILIK,PA-0000242,varian,E:\Project\Mass upload shopee\foto-upload\toko1\pin-akrilik\PA-0000242.png,https://cdn.jsdelivr.net/gh/dennypa77/mass-upload@main/foto-upload/toko1/pin-akrilik/PA-0000242.png,826330
Graphica Key,toko1,PIN AKRILIK,PA-0000243,varian,E:\Project\Mass upload shopee\foto-upload\toko1\pin-akrilik\PA-0000243.png,https://cdn.jsdelivr.net/gh/dennypa77/mass-upload@main/foto-upload/toko1/pin-akrilik/PA-0000243.png,804533
Graphica Key,toko1,PIN AKRILIK,PA-0000244,varian,E:\Project\Mass upload shopee\foto-upload\toko1\pin-akrilik\PA-0000244.png,https://cdn.jsdelivr.net/gh/dennypa77/mass-upload@main/foto-upload/toko1/pin-akrilik/PA-0000244.png,815041
Graphica Key,toko1,PIN AKRILIK,PA-0000245,varian,E:\Project\Mass upload shopee\foto-upload\toko1\pin-akrilik\PA-0000245.png,https://cdn.jsdelivr.net/gh/dennypa77/mass-upload@main/foto-upload/toko1/pin-akrilik/PA-0000245.png,773608
Graphica Key,toko1,PIN AKRILIK,PA-0000246,varian,E:\Project\Mass upload shopee\foto-upload\toko1\pin-akrilik\PA-0000246.png,https://cdn.jsdelivr.net/gh/dennypa77/mass-upload@main/foto-upload/toko1/pin-akrilik/PA-0000246.png,811312
Graphica Key,toko1,PIN AKRILIK,PA-0000247,varian,E:\Project\Mass upload shopee\foto-upload\toko1\pin-akrilik\PA-0000247.png,https://cdn.jsdelivr.net/gh/dennypa77/mass-upload@main/foto-upload/toko1/pin-akrilik/PA-0000247.png,813002
Graphica Key,toko1,PIN AKRILIK,PA-0000248,varian,E:\Project\Mass upload shopee\foto-upload\toko1\pin-akrilik\PA-0000248.png,https://cdn.jsdelivr.net/gh/dennypa77/mass-upload@main/foto-upload/toko1/pin-akrilik/PA-0000248.png,852060
Graphica Key,toko1,PIN AKRILIK,PA-0000249,varian,E:\Project\Mass upload shopee\foto-upload\toko1\pin-akrilik\PA-0000249.png,https://cdn.jsdelivr.net/gh/dennypa77/mass-upload@main/foto-upload/toko1/pin-akrilik/PA-0000249.png,692131
Graphica Key,toko1,PIN AKRILIK,PA-0000250,varian,E:\Project\Mass upload shopee\foto-upload\toko1\pin-akrilik\PA-0000250.png,https://cdn.jsdelivr.net/gh/dennypa77/mass-upload@main/foto-upload/toko1/pin-akrilik/PA-0000250.png,690192
Graphica Key,toko1,PIN AKRILIK,PA-BLACKPINK-UTAMA1,utama,E:\Project\Mass upload shopee\foto-upload\toko1\pin-akrilik\PA-BLACKPINK-utama1.png,https://cdn.jsdelivr.net/gh/dennypa77/mass-upload@main/foto-upload/toko1/pin-akrilik/PA-BLACKPINK-utama1.png,1905771
Graphica Key,toko1,PIN AKRILIK,PA-BLACKPINK-UTAMA2,utama,E:\Project\Mass upload shopee\foto-upload\toko1\pin-akrilik\PA-BLACKPINK-utama2.png,https://cdn.jsdelivr.net/gh/dennypa77/mass-upload@main/foto-upload/toko1/pin-akrilik/PA-BLACKPINK-utama2.png,731177
Graphica Key,toko1,PIN AKRILIK,PA-BLACKPINK-UTAMA3,utama,E:\Project\Mass upload shopee\foto-upload\toko1\pin-akrilik\PA-BLACKPINK-utama3.png,https://cdn.jsdelivr.net/gh/dennypa77/mass-upload@main/foto-upload/toko1/pin-akrilik/PA-BLACKPINK-utama3.png,1631016
Graphica Key,toko1,PIN AKRILIK,PA-BTS-UTAMA1,utama,E:\Project\Mass upload shopee\foto-upload\toko1\pin-akrilik\PA-BTS-utama1.png,https://cdn.jsdelivr.net/gh/dennypa77/mass-upload@main/foto-upload/toko1/pin-akrilik/PA-BTS-utama1.png,1691342
Graphica Key,toko1,PIN AKRILIK,PA-BTS-UTAMA2,utama,E:\Project\Mass upload shopee\foto-upload\toko1\pin-akrilik\PA-BTS-utama2.png,https://cdn.jsdelivr.net/gh/dennypa77/mass-upload@main/foto-upload/toko1/pin-akrilik/PA-BTS-utama2.png,674336
Graphica Key,toko1,PIN AKRILIK,PA-BTS-UTAMA3,utama,E:\Project\Mass upload shopee\foto-upload\toko1\pin-akrilik\PA-BTS-utama3.png,https://cdn.jsdelivr.net/gh/dennypa77/mass-upload@main/foto-upload/toko1/pin-akrilik/PA-BTS-utama3.png,1613161
Graphica Key,toko1,PIN AKRILIK,PA-CORTIS-UTAMA1,utama,E:\Project\Mass upload shopee\foto-upload\toko1\pin-akrilik\PA-CORTIS-utama1.png,https://cdn.jsdelivr.net/gh/dennypa77/mass-upload@main/foto-upload/toko1/pin-akrilik/PA-CORTIS-utama1.png,1809281
Graphica Key,toko1,PIN AKRILIK,PA-CORTIS-UTAMA2,utama,E:\Project\Mass upload shopee\foto-upload\toko1\pin-akrilik\PA-CORTIS-utama2.png,https://cdn.jsdelivr.net/gh/dennypa77/mass-upload@main/foto-upload/toko1/pin-akrilik/PA-CORTIS-utama2.png,1120505
Graphica Key,toko1,PIN AKRILIK,PA-CORTIS-UTAMA3,utama,E:\Project\Mass upload shopee\foto-upload\toko1\pin-akrilik\PA-CORTIS-utama3.png,https://cdn.jsdelivr.net/gh/dennypa77/mass-upload@main/foto-upload/toko1/pin-akrilik/PA-CORTIS-utama3.png,1862772
Graphica Key,toko1,PIN AKRILIK,PA-HEARTS2HEARTS-UTAMA1,utama,E:\Project\Mass upload shopee\foto-upload\toko1\pin-akrilik\PA-HEARTS2HEARTS-utama1.png,https://cdn.jsdelivr.net/gh/dennypa77/mass-upload@main/foto-upload/toko1/pin-akrilik/PA-HEARTS2HEARTS-utama1.png,1851946
Graphica Key,toko1,PIN AKRILIK,PA-HEARTS2HEARTS-UTAMA2,utama,E:\Project\Mass upload shopee\foto-upload\toko1\pin-akrilik\PA-HEARTS2HEARTS-utama2.png,https://cdn.jsdelivr.net/gh/dennypa77/mass-upload@main/foto-upload/toko1/pin-akrilik/PA-HEARTS2HEARTS-utama2.png,1258036
Graphica Key,toko1,PIN AKRILIK,PA-HEARTS2HEARTS-UTAMA3,utama,E:\Project\Mass upload shopee\foto-upload\toko1\pin-akrilik\PA-HEARTS2HEARTS-utama3.png,https://cdn.jsdelivr.net/gh/dennypa77/mass-upload@main/foto-upload/toko1/pin-akrilik/PA-HEARTS2HEARTS-utama3.png,1166064
Graphica Key,toko1,PIN BUTTON,PB-0000001,varian,E:\Project\Mass upload shopee\foto-upload\toko1\pin-button\PB-0000001.png,https://cdn.jsdelivr.net/gh/dennypa77/mass-upload@main/foto-upload/toko1/pin-button/PB-0000001.png,260667
Graphica Key,toko1,PIN BUTTON,PB-0000002,varian,E:\Project\Mass upload shopee\foto-upload\toko1\pin-button\PB-0000002.png,https://cdn.jsdelivr.net/gh/dennypa77/mass-upload@main/foto-upload/toko1/pin-button/PB-0000002.png,241336
Graphica Key,toko1,PIN BUTTON,PB-0000003,varian,E:\Project\Mass upload shopee\foto-upload\toko1\pin-button\PB-0000003.png,https://cdn.jsdelivr.net/gh/dennypa77/mass-upload@main/foto-upload/toko1/pin-button/PB-0000003.png,222681
Graphica Key,toko1,PIN BUTTON,PB-0000004,varian,E:\Project\Mass upload shopee\foto-upload\toko1\pin-button\PB-0000004.png,https://cdn.jsdelivr.net/gh/dennypa77/mass-upload@main/foto-upload/toko1/pin-button/PB-0000004.png,207104
Graphica Key,toko1,PIN BUTTON,PB-0000005,varian,E:\Project\Mass upload shopee\foto-upload\toko1\pin-button\PB-0000005.png,https://cdn.jsdelivr.net/gh/dennypa77/mass-upload@main/foto-upload/toko1/pin-button/PB-0000005.png,254748
Graphica Key,toko1,PIN BUTTON,PB-0000006,varian,E:\Project\Mass upload shopee\foto-upload\toko1\pin-button\PB-0000006.png,https://cdn.jsdelivr.net/gh/dennypa77/mass-upload@main/foto-upload/toko1/pin-button/PB-0000006.png,301080
Graphica Key,toko1,PIN BUTTON,PB-0000007,varian,E:\Project\Mass upload shopee\foto-upload\toko1\pin-button\PB-0000007.png,https://cdn.jsdelivr.net/gh/dennypa77/mass-upload@main/foto-upload/toko1/pin-button/PB-0000007.png,242720
Graphica Key,toko1,PIN BUTTON,PB-0000008,varian,E:\Project\Mass upload shopee\foto-upload\toko1\pin-button\PB-0000008.png,https://cdn.jsdelivr.net/gh/dennypa77/mass-upload@main/foto-upload/toko1/pin-button/PB-0000008.png,245210
Graphica Key,toko1,PIN BUTTON,PB-0000009,varian,E:\Project\Mass upload shopee\foto-upload\toko1\pin-button\PB-0000009.png,https://cdn.jsdelivr.net/gh/dennypa77/mass-upload@main/foto-upload/toko1/pin-button/PB-0000009.png,261511
Graphica Key,toko1,PIN BUTTON,PB-0000010,varian,E:\Project\Mass upload shopee\foto-upload\toko1\pin-button\PB-0000010.png,https://cdn.jsdelivr.net/gh/dennypa77/mass-upload@main/foto-upload/toko1/pin-button/PB-0000010.png,240351
Graphica Key,toko1,PIN BUTTON,PB-0000011,varian,E:\Project\Mass upload shopee\foto-upload\toko1\pin-button\PB-0000011.png,https://cdn.jsdelivr.net/gh/dennypa77/mass-upload@main/foto-upload/toko1/pin-button/PB-0000011.png,240082
Graphica Key,toko1,PIN BUTTON,PB-0000012,varian,E:\Project\Mass upload shopee\foto-upload\toko1\pin-button\PB-0000012.png,https://cdn.jsdelivr.net/gh/dennypa77/mass-upload@main/foto-upload/toko1/pin-button/PB-0000012.png,233181
Graphica Key,toko1,PIN BUTTON,PB-0000013,varian,E:\Project\Mass upload shopee\foto-upload\toko1\pin-button\PB-0000013.png,https://cdn.jsdelivr.net/gh/dennypa77/mass-upload@main/foto-upload/toko1/pin-button/PB-0000013.png,182449
Graphica Key,toko1,PIN BUTTON,PB-0000014,varian,E:\Project\Mass upload shopee\foto-upload\toko1\pin-button\PB-0000014.png,https://cdn.jsdelivr.net/gh/dennypa77/mass-upload@main/foto-upload/toko1/pin-button/PB-0000014.png,176005
Graphica Key,toko1,PIN BUTTON,PB-0000015,varian,E:\Project\Mass upload shopee\foto-upload\toko1\pin-button\PB-0000015.png,https://cdn.jsdelivr.net/gh/dennypa77/mass-upload@main/foto-upload/toko1/pin-button/PB-0000015.png,259030
Graphica Key,toko1,PIN BUTTON,PB-0000016,varian,E:\Project\Mass upload shopee\foto-upload\toko1\pin-button\PB-0000016.png,https://cdn.jsdelivr.net/gh/dennypa77/mass-upload@main/foto-upload/toko1/pin-button/PB-0000016.png,230792
Graphica Key,toko1,PIN BUTTON,PB-0000017,varian,E:\Project\Mass upload shopee\foto-upload\toko1\pin-button\PB-0000017.png,https://cdn.jsdelivr.net/gh/dennypa77/mass-upload@main/foto-upload/toko1/pin-button/PB-0000017.png,195782
Graphica Key,toko1,PIN BUTTON,PB-0000018,varian,E:\Project\Mass upload shopee\foto-upload\toko1\pin-button\PB-0000018.png,https://cdn.jsdelivr.net/gh/dennypa77/mass-upload@main/foto-upload/toko1/pin-button/PB-0000018.png,237099
Graphica Key,toko1,PIN BUTTON,PB-0000019,varian,E:\Project\Mass upload shopee\foto-upload\toko1\pin-button\PB-0000019.png,https://cdn.jsdelivr.net/gh/dennypa77/mass-upload@main/foto-upload/toko1/pin-button/PB-0000019.png,234269
Graphica Key,toko1,PIN BUTTON,PB-0000020,varian,E:\Project\Mass upload shopee\foto-upload\toko1\pin-button\PB-0000020.png,https://cdn.jsdelivr.net/gh/dennypa77/mass-upload@main/foto-upload/toko1/pin-button/PB-0000020.png,244319
Graphica Key,toko1,PIN BUTTON,PB-0000021,varian,E:\Project\Mass upload shopee\foto-upload\toko1\pin-button\PB-0000021.png,https://cdn.jsdelivr.net/gh/dennypa77/mass-upload@main/foto-upload/toko1/pin-button/PB-0000021.png,271277
Graphica Key,toko1,PIN BUTTON,PB-0000022,varian,E:\Project\Mass upload shopee\foto-upload\toko1\pin-button\PB-0000022.png,https://cdn.jsdelivr.net/gh/dennypa77/mass-upload@main/foto-upload/toko1/pin-button/PB-0000022.png,280303
Graphica Key,toko1,PIN BUTTON,PB-0000023,varian,E:\Project\Mass upload shopee\foto-upload\toko1\pin-button\PB-0000023.png,https://cdn.jsdelivr.net/gh/dennypa77/mass-upload@main/foto-upload/toko1/pin-button/PB-0000023.png,213694
Graphica Key,toko1,PIN BUTTON,PB-0000024,varian,E:\Project\Mass upload shopee\foto-upload\toko1\pin-button\PB-0000024.png,https://cdn.jsdelivr.net/gh/dennypa77/mass-upload@main/foto-upload/toko1/pin-button/PB-0000024.png,237663
Graphica Key,toko1,PIN BUTTON,PB-0000025,varian,E:\Project\Mass upload shopee\foto-upload\toko1\pin-button\PB-0000025.png,https://cdn.jsdelivr.net/gh/dennypa77/mass-upload@main/foto-upload/toko1/pin-button/PB-0000025.png,255398
Graphica Key,toko1,PIN BUTTON,PB-0000026,varian,E:\Project\Mass upload shopee\foto-upload\toko1\pin-button\PB-0000026.png,https://cdn.jsdelivr.net/gh/dennypa77/mass-upload@main/foto-upload/toko1/pin-button/PB-0000026.png,255972
Graphica Key,toko1,PIN BUTTON,PB-0000027,varian,E:\Project\Mass upload shopee\foto-upload\toko1\pin-button\PB-0000027.png,https://cdn.jsdelivr.net/gh/dennypa77/mass-upload@main/foto-upload/toko1/pin-button/PB-0000027.png,231465
Graphica Key,toko1,PIN BUTTON,PB-0000028,varian,E:\Project\Mass upload shopee\foto-upload\toko1\pin-button\PB-0000028.png,https://cdn.jsdelivr.net/gh/dennypa77/mass-upload@main/foto-upload/toko1/pin-button/PB-0000028.png,244045
Graphica Key,toko1,PIN BUTTON,PB-0000029,varian,E:\Project\Mass upload shopee\foto-upload\toko1\pin-button\PB-0000029.png,https://cdn.jsdelivr.net/gh/dennypa77/mass-upload@main/foto-upload/toko1/pin-button/PB-0000029.png,227465
Graphica Key,toko1,PIN BUTTON,PB-0000030,varian,E:\Project\Mass upload shopee\foto-upload\toko1\pin-button\PB-0000030.png,https://cdn.jsdelivr.net/gh/dennypa77/mass-upload@main/foto-upload/toko1/pin-button/PB-0000030.png,236264
Graphica Key,toko1,PIN BUTTON,PB-0000031,varian,E:\Project\Mass upload shopee\foto-upload\toko1\pin-button\PB-0000031.png,https://cdn.jsdelivr.net/gh/dennypa77/mass-upload@main/foto-upload/toko1/pin-button/PB-0000031.png,239256
Graphica Key,toko1,PIN BUTTON,PB-0000032,varian,E:\Project\Mass upload shopee\foto-upload\toko1\pin-button\PB-0000032.png,https://cdn.jsdelivr.net/gh/dennypa77/mass-upload@main/foto-upload/toko1/pin-button/PB-0000032.png,282724
Graphica Key,toko1,PIN BUTTON,PB-0000033,varian,E:\Project\Mass upload shopee\foto-upload\toko1\pin-button\PB-0000033.png,https://cdn.jsdelivr.net/gh/dennypa77/mass-upload@main/foto-upload/toko1/pin-button/PB-0000033.png,170886
Graphica Key,toko1,PIN BUTTON,PB-0000034,varian,E:\Project\Mass upload shopee\foto-upload\toko1\pin-button\PB-0000034.png,https://cdn.jsdelivr.net/gh/dennypa77/mass-upload@main/foto-upload/toko1/pin-button/PB-0000034.png,286714
Graphica Key,toko1,PIN BUTTON,PB-0000035,varian,E:\Project\Mass upload shopee\foto-upload\toko1\pin-button\PB-0000035.png,https://cdn.jsdelivr.net/gh/dennypa77/mass-upload@main/foto-upload/toko1/pin-button/PB-0000035.png,287755
Graphica Key,toko1,PIN BUTTON,PB-0000036,varian,E:\Project\Mass upload shopee\foto-upload\toko1\pin-button\PB-0000036.png,https://cdn.jsdelivr.net/gh/dennypa77/mass-upload@main/foto-upload/toko1/pin-button/PB-0000036.png,255456
Graphica Key,toko1,PIN BUTTON,PB-0000037,varian,E:\Project\Mass upload shopee\foto-upload\toko1\pin-button\PB-0000037.png,https://cdn.jsdelivr.net/gh/dennypa77/mass-upload@main/foto-upload/toko1/pin-button/PB-0000037.png,255986
Graphica Key,toko1,PIN BUTTON,PB-0000038,varian,E:\Project\Mass upload shopee\foto-upload\toko1\pin-button\PB-0000038.png,https://cdn.jsdelivr.net/gh/dennypa77/mass-upload@main/foto-upload/toko1/pin-button/PB-0000038.png,243809
Graphica Key,toko1,PIN BUTTON,PB-0000039,varian,E:\Project\Mass upload shopee\foto-upload\toko1\pin-button\PB-0000039.png,https://cdn.jsdelivr.net/gh/dennypa77/mass-upload@main/foto-upload/toko1/pin-button/PB-0000039.png,261901
Graphica Key,toko1,PIN BUTTON,PB-0000040,varian,E:\Project\Mass upload shopee\foto-upload\toko1\pin-button\PB-0000040.png,https://cdn.jsdelivr.net/gh/dennypa77/mass-upload@main/foto-upload/toko1/pin-button/PB-0000040.png,226152
Graphica Key,toko1,PIN BUTTON,PB-0000041,varian,E:\Project\Mass upload shopee\foto-upload\toko1\pin-button\PB-0000041.png,https://cdn.jsdelivr.net/gh/dennypa77/mass-upload@main/foto-upload/toko1/pin-button/PB-0000041.png,272105
Graphica Key,toko1,PIN BUTTON,PB-0000042,varian,E:\Project\Mass upload shopee\foto-upload\toko1\pin-button\PB-0000042.png,https://cdn.jsdelivr.net/gh/dennypa77/mass-upload@main/foto-upload/toko1/pin-button/PB-0000042.png,303998
Graphica Key,toko1,PIN BUTTON,PB-0000043,varian,E:\Project\Mass upload shopee\foto-upload\toko1\pin-button\PB-0000043.png,https://cdn.jsdelivr.net/gh/dennypa77/mass-upload@main/foto-upload/toko1/pin-button/PB-0000043.png,288667
Graphica Key,toko1,PIN BUTTON,PB-0000044,varian,E:\Project\Mass upload shopee\foto-upload\toko1\pin-button\PB-0000044.png,https://cdn.jsdelivr.net/gh/dennypa77/mass-upload@main/foto-upload/toko1/pin-button/PB-0000044.png,202292
Graphica Key,toko1,PIN BUTTON,PB-0000045,varian,E:\Project\Mass upload shopee\foto-upload\toko1\pin-button\PB-0000045.png,https://cdn.jsdelivr.net/gh/dennypa77/mass-upload@main/foto-upload/toko1/pin-button/PB-0000045.png,255673
Graphica Key,toko1,PIN BUTTON,PB-0000046,varian,E:\Project\Mass upload shopee\foto-upload\toko1\pin-button\PB-0000046.png,https://cdn.jsdelivr.net/gh/dennypa77/mass-upload@main/foto-upload/toko1/pin-button/PB-0000046.png,245302
Graphica Key,toko1,PIN BUTTON,PB-0000047,varian,E:\Project\Mass upload shopee\foto-upload\toko1\pin-button\PB-0000047.png,https://cdn.jsdelivr.net/gh/dennypa77/mass-upload@main/foto-upload/toko1/pin-button/PB-0000047.png,208229
Graphica Key,toko1,PIN BUTTON,PB-0000048,varian,E:\Project\Mass upload shopee\foto-upload\toko1\pin-button\PB-0000048.png,https://cdn.jsdelivr.net/gh/dennypa77/mass-upload@main/foto-upload/toko1/pin-button/PB-0000048.png,275234
Graphica Key,toko1,PIN BUTTON,PB-0000049,varian,E:\Project\Mass upload shopee\foto-upload\toko1\pin-button\PB-0000049.png,https://cdn.jsdelivr.net/gh/dennypa77/mass-upload@main/foto-upload/toko1/pin-button/PB-0000049.png,268719
Graphica Key,toko1,PIN BUTTON,PB-0000050,varian,E:\Project\Mass upload shopee\foto-upload\toko1\pin-button\PB-0000050.png,https://cdn.jsdelivr.net/gh/dennypa77/mass-upload@main/foto-upload/toko1/pin-button/PB-0000050.png,275229
Graphica Key,toko1,PIN BUTTON,PB-0000051,varian,E:\Project\Mass upload shopee\foto-upload\toko1\pin-button\PB-0000051.png,https://cdn.jsdelivr.net/gh/dennypa77/mass-upload@main/foto-upload/toko1/pin-button/PB-0000051.png,276780
Graphica Key,toko1,PIN BUTTON,PB-0000052,varian,E:\Project\Mass upload shopee\foto-upload\toko1\pin-button\PB-0000052.png,https://cdn.jsdelivr.net/gh/dennypa77/mass-upload@main/foto-upload/toko1/pin-button/PB-0000052.png,213478
Graphica Key,toko1,PIN BUTTON,PB-0000053,varian,E:\Project\Mass upload shopee\foto-upload\toko1\pin-button\PB-0000053.png,https://cdn.jsdelivr.net/gh/dennypa77/mass-upload@main/foto-upload/toko1/pin-button/PB-0000053.png,222428
Graphica Key,toko1,PIN BUTTON,PB-0000054,varian,E:\Project\Mass upload shopee\foto-upload\toko1\pin-button\PB-0000054.png,https://cdn.jsdelivr.net/gh/dennypa77/mass-upload@main/foto-upload/toko1/pin-button/PB-0000054.png,206382
Graphica Key,toko1,PIN BUTTON,PB-0000055,varian,E:\Project\Mass upload shopee\foto-upload\toko1\pin-button\PB-0000055.png,https://cdn.jsdelivr.net/gh/dennypa77/mass-upload@main/foto-upload/toko1/pin-button/PB-0000055.png,222309
Graphica Key,toko1,PIN BUTTON,PB-0000056,varian,E:\Project\Mass upload shopee\foto-upload\toko1\pin-button\PB-0000056.png,https://cdn.jsdelivr.net/gh/dennypa77/mass-upload@main/foto-upload/toko1/pin-button/PB-0000056.png,208475
Graphica Key,toko1,PIN BUTTON,PB-0000057,varian,E:\Project\Mass upload shopee\foto-upload\toko1\pin-button\PB-0000057.png,https://cdn.jsdelivr.net/gh/dennypa77/mass-upload@main/foto-upload/toko1/pin-button/PB-0000057.png,213797
Graphica Key,toko1,PIN BUTTON,PB-0000058,varian,E:\Project\Mass upload shopee\foto-upload\toko1\pin-button\PB-0000058.png,https://cdn.jsdelivr.net/gh/dennypa77/mass-upload@main/foto-upload/toko1/pin-button/PB-0000058.png,204576
Graphica Key,toko1,PIN BUTTON,PB-0000059,varian,E:\Project\Mass upload shopee\foto-upload\toko1\pin-button\PB-0000059.png,https://cdn.jsdelivr.net/gh/dennypa77/mass-upload@main/foto-upload/toko1/pin-button/PB-0000059.png,198463
Graphica Key,toko1,PIN BUTTON,PB-0000060,varian,E:\Project\Mass upload shopee\foto-upload\toko1\pin-button\PB-0000060.png,https://cdn.jsdelivr.net/gh/dennypa77/mass-upload@main/foto-upload/toko1/pin-button/PB-0000060.png,269367
Graphica Key,toko1,PIN BUTTON,PB-0000061,varian,E:\Project\Mass upload shopee\foto-upload\toko1\pin-button\PB-0000061.png,https://cdn.jsdelivr.net/gh/dennypa77/mass-upload@main/foto-upload/toko1/pin-button/PB-0000061.png,203394
Graphica Key,toko1,PIN BUTTON,PB-0000062,varian,E:\Project\Mass upload shopee\foto-upload\toko1\pin-button\PB-0000062.png,https://cdn.jsdelivr.net/gh/dennypa77/mass-upload@main/foto-upload/toko1/pin-button/PB-0000062.png,271405
Graphica Key,toko1,PIN BUTTON,PB-0000063,varian,E:\Project\Mass upload shopee\foto-upload\toko1\pin-button\PB-0000063.png,https://cdn.jsdelivr.net/gh/dennypa77/mass-upload@main/foto-upload/toko1/pin-button/PB-0000063.png,247753
Graphica Key,toko1,PIN BUTTON,PB-0000064,varian,E:\Project\Mass upload shopee\foto-upload\toko1\pin-button\PB-0000064.png,https://cdn.jsdelivr.net/gh/dennypa77/mass-upload@main/foto-upload/toko1/pin-button/PB-0000064.png,223210
Graphica Key,toko1,PIN BUTTON,PB-0000065,varian,E:\Project\Mass upload shopee\foto-upload\toko1\pin-button\PB-0000065.png,https://cdn.jsdelivr.net/gh/dennypa77/mass-upload@main/foto-upload/toko1/pin-button/PB-0000065.png,239545
Graphica Key,toko1,PIN BUTTON,PB-0000066,varian,E:\Project\Mass upload shopee\foto-upload\toko1\pin-button\PB-0000066.png,https://cdn.jsdelivr.net/gh/dennypa77/mass-upload@main/foto-upload/toko1/pin-button/PB-0000066.png,215774
Graphica Key,toko1,PIN BUTTON,PB-0000067,varian,E:\Project\Mass upload shopee\foto-upload\toko1\pin-button\PB-0000067.png,https://cdn.jsdelivr.net/gh/dennypa77/mass-upload@main/foto-upload/toko1/pin-button/PB-0000067.png,217259
Graphica Key,toko1,PIN BUTTON,PB-0000068,varian,E:\Project\Mass upload shopee\foto-upload\toko1\pin-button\PB-0000068.png,https://cdn.jsdelivr.net/gh/dennypa77/mass-upload@main/foto-upload/toko1/pin-button/PB-0000068.png,213680
Graphica Key,toko1,PIN BUTTON,PB-0000069,varian,E:\Project\Mass upload shopee\foto-upload\toko1\pin-button\PB-0000069.png,https://cdn.jsdelivr.net/gh/dennypa77/mass-upload@main/foto-upload/toko1/pin-button/PB-0000069.png,224650
Graphica Key,toko1,PIN BUTTON,PB-0000070,varian,E:\Project\Mass upload shopee\foto-upload\toko1\pin-button\PB-0000070.png,https://cdn.jsdelivr.net/gh/dennypa77/mass-upload@main/foto-upload/toko1/pin-button/PB-0000070.png,247642
Graphica Key,toko1,PIN BUTTON,PB-0000071,varian,E:\Project\Mass upload shopee\foto-upload\toko1\pin-button\PB-0000071.png,https://cdn.jsdelivr.net/gh/dennypa77/mass-upload@main/foto-upload/toko1/pin-button/PB-0000071.png,153570
Graphica Key,toko1,PIN BUTTON,PB-0000072,varian,E:\Project\Mass upload shopee\foto-upload\toko1\pin-button\PB-0000072.png,https://cdn.jsdelivr.net/gh/dennypa77/mass-upload@main/foto-upload/toko1/pin-button/PB-0000072.png,204571
Graphica Key,toko1,PIN BUTTON,PB-0000073,varian,E:\Project\Mass upload shopee\foto-upload\toko1\pin-button\PB-0000073.png,https://cdn.jsdelivr.net/gh/dennypa77/mass-upload@main/foto-upload/toko1/pin-button/PB-0000073.png,167664
Graphica Key,toko1,PIN BUTTON,PB-0000074,varian,E:\Project\Mass upload shopee\foto-upload\toko1\pin-button\PB-0000074.png,https://cdn.jsdelivr.net/gh/dennypa77/mass-upload@main/foto-upload/toko1/pin-button/PB-0000074.png,128932
Graphica Key,toko1,PIN BUTTON,PB-0000075,varian,E:\Project\Mass upload shopee\foto-upload\toko1\pin-button\PB-0000075.png,https://cdn.jsdelivr.net/gh/dennypa77/mass-upload@main/foto-upload/toko1/pin-button/PB-0000075.png,193788
Graphica Key,toko1,PIN BUTTON,PB-0000076,varian,E:\Project\Mass upload shopee\foto-upload\toko1\pin-button\PB-0000076.png,https://cdn.jsdelivr.net/gh/dennypa77/mass-upload@main/foto-upload/toko1/pin-button/PB-0000076.png,158759
Graphica Key,toko1,PIN BUTTON,PB-0000077,varian,E:\Project\Mass upload shopee\foto-upload\toko1\pin-button\PB-0000077.png,https://cdn.jsdelivr.net/gh/dennypa77/mass-upload@main/foto-upload/toko1/pin-button/PB-0000077.png,195657
Graphica Key,toko1,PIN BUTTON,PB-0000078,varian,E:\Project\Mass upload shopee\foto-upload\toko1\pin-button\PB-0000078.png,https://cdn.jsdelivr.net/gh/dennypa77/mass-upload@main/foto-upload/toko1/pin-button/PB-0000078.png,239316
Graphica Key,toko1,PIN BUTTON,PB-0000079,varian,E:\Project\Mass upload shopee\foto-upload\toko1\pin-button\PB-0000079.png,https://cdn.jsdelivr.net/gh/dennypa77/mass-upload@main/foto-upload/toko1/pin-button/PB-0000079.png,227205
Graphica Key,toko1,PIN BUTTON,PB-0000080,varian,E:\Project\Mass upload shopee\foto-upload\toko1\pin-button\PB-0000080.png,https://cdn.jsdelivr.net/gh/dennypa77/mass-upload@main/foto-upload/toko1/pin-button/PB-0000080.png,203258
Graphica Key,toko1,PIN BUTTON,PB-0000081,varian,E:\Project\Mass upload shopee\foto-upload\toko1\pin-button\PB-0000081.png,https://cdn.jsdelivr.net/gh/dennypa77/mass-upload@main/foto-upload/toko1/pin-button/PB-0000081.png,140918
Graphica Key,toko1,PIN BUTTON,PB-0000082,varian,E:\Project\Mass upload shopee\foto-upload\toko1\pin-button\PB-0000082.png,https://cdn.jsdelivr.net/gh/dennypa77/mass-upload@main/foto-upload/toko1/pin-button/PB-0000082.png,248086
Graphica Key,toko1,PIN BUTTON,PB-0000083,varian,E:\Project\Mass upload shopee\foto-upload\toko1\pin-button\PB-0000083.png,https://cdn.jsdelivr.net/gh/dennypa77/mass-upload@main/foto-upload/toko1/pin-button/PB-0000083.png,223336
Graphica Key,toko1,PIN BUTTON,PB-0000084,varian,E:\Project\Mass upload shopee\foto-upload\toko1\pin-button\PB-0000084.png,https://cdn.jsdelivr.net/gh/dennypa77/mass-upload@main/foto-upload/toko1/pin-button/PB-0000084.png,168108
Graphica Key,toko1,PIN BUTTON,PB-0000085,varian,E:\Project\Mass upload shopee\foto-upload\toko1\pin-button\PB-0000085.png,https://cdn.jsdelivr.net/gh/dennypa77/mass-upload@main/foto-upload/toko1/pin-button/PB-0000085.png,172392
Graphica Key,toko1,PIN BUTTON,PB-0000086,varian,E:\Project\Mass upload shopee\foto-upload\toko1\pin-button\PB-0000086.png,https://cdn.jsdelivr.net/gh/dennypa77/mass-upload@main/foto-upload/toko1/pin-button/PB-0000086.png,169455
Graphica Key,toko1,PIN BUTTON,PB-0000087,varian,E:\Project\Mass upload shopee\foto-upload\toko1\pin-button\PB-0000087.png,https://cdn.jsdelivr.net/gh/dennypa77/mass-upload@main/foto-upload/toko1/pin-button/PB-0000087.png,147071
Graphica Key,toko1,PIN BUTTON,PB-0000088,varian,E:\Project\Mass upload shopee\foto-upload\toko1\pin-button\PB-0000088.png,https://cdn.jsdelivr.net/gh/dennypa77/mass-upload@main/foto-upload/toko1/pin-button/PB-0000088.png,226812
Graphica Key,toko1,PIN BUTTON,PB-0000089,varian,E:\Project\Mass upload shopee\foto-upload\toko1\pin-button\PB-0000089.png,https://cdn.jsdelivr.net/gh/dennypa77/mass-upload@main/foto-upload/toko1/pin-button/PB-0000089.png,204619
Graphica Key,toko1,PIN BUTTON,PB-0000090,varian,E:\Project\Mass upload shopee\foto-upload\toko1\pin-button\PB-0000090.png,https://cdn.jsdelivr.net/gh/dennypa77/mass-upload@main/foto-upload/toko1/pin-button/PB-0000090.png,154359
Graphica Key,toko1,PIN BUTTON,PB-0000091,varian,E:\Project\Mass upload shopee\foto-upload\toko1\pin-button\PB-0000091.png,https://cdn.jsdelivr.net/gh/dennypa77/mass-upload@main/foto-upload/toko1/pin-button/PB-0000091.png,174544
Graphica Key,toko1,PIN BUTTON,PB-0000092,varian,E:\Project\Mass upload shopee\foto-upload\toko1\pin-button\PB-0000092.png,https://cdn.jsdelivr.net/gh/dennypa77/mass-upload@main/foto-upload/toko1/pin-button/PB-0000092.png,216362
Graphica Key,toko1,PIN BUTTON,PB-0000093,varian,E:\Project\Mass upload shopee\foto-upload\toko1\pin-button\PB-0000093.png,https://cdn.jsdelivr.net/gh/dennypa77/mass-upload@main/foto-upload/toko1/pin-button/PB-0000093.png,228124
Graphica Key,toko1,PIN BUTTON,PB-0000094,varian,E:\Project\Mass upload shopee\foto-upload\toko1\pin-button\PB-0000094.png,https://cdn.jsdelivr.net/gh/dennypa77/mass-upload@main/foto-upload/toko1/pin-button/PB-0000094.png,271797
Graphica Key,toko1,PIN BUTTON,PB-0000095,varian,E:\Project\Mass upload shopee\foto-upload\toko1\pin-button\PB-0000095.png,https://cdn.jsdelivr.net/gh/dennypa77/mass-upload@main/foto-upload/toko1/pin-button/PB-0000095.png,241054
Graphica Key,toko1,PIN BUTTON,PB-0000096,varian,E:\Project\Mass upload shopee\foto-upload\toko1\pin-button\PB-0000096.png,https://cdn.jsdelivr.net/gh/dennypa77/mass-upload@main/foto-upload/toko1/pin-button/PB-0000096.png,193120
Graphica Key,toko1,PIN BUTTON,PB-0000097,varian,E:\Project\Mass upload shopee\foto-upload\toko1\pin-button\PB-0000097.png,https://cdn.jsdelivr.net/gh/dennypa77/mass-upload@main/foto-upload/toko1/pin-button/PB-0000097.png,192944
Graphica Key,toko1,PIN BUTTON,PB-0000098,varian,E:\Project\Mass upload shopee\foto-upload\toko1\pin-button\PB-0000098.png,https://cdn.jsdelivr.net/gh/dennypa77/mass-upload@main/foto-upload/toko1/pin-button/PB-0000098.png,215989
Graphica Key,toko1,PIN BUTTON,PB-0000099,varian,E:\Project\Mass upload shopee\foto-upload\toko1\pin-button\PB-0000099.png,https://cdn.jsdelivr.net/gh/dennypa77/mass-upload@main/foto-upload/toko1/pin-button/PB-0000099.png,178366
Graphica Key,toko1,PIN BUTTON,PB-0000100,varian,E:\Project\Mass upload shopee\foto-upload\toko1\pin-button\PB-0000100.png,https://cdn.jsdelivr.net/gh/dennypa77/mass-upload@main/foto-upload/toko1/pin-button/PB-0000100.png,236002
Graphica Key,toko1,PIN BUTTON,PB-0000151,varian,E:\Project\Mass upload shopee\foto-upload\toko1\pin-button\PB-0000151.png,https://cdn.jsdelivr.net/gh/dennypa77/mass-upload@main/foto-upload/toko1/pin-button/PB-0000151.png,298575
Graphica Key,toko1,PIN BUTTON,PB-0000152,varian,E:\Project\Mass upload shopee\foto-upload\toko1\pin-button\PB-0000152.png,https://cdn.jsdelivr.net/gh/dennypa77/mass-upload@main/foto-upload/toko1/pin-button/PB-0000152.png,267323
Graphica Key,toko1,PIN BUTTON,PB-0000153,varian,E:\Project\Mass upload shopee\foto-upload\toko1\pin-button\PB-0000153.png,https://cdn.jsdelivr.net/gh/dennypa77/mass-upload@main/foto-upload/toko1/pin-button/PB-0000153.png,247615
Graphica Key,toko1,PIN BUTTON,PB-0000154,varian,E:\Project\Mass upload shopee\foto-upload\toko1\pin-button\PB-0000154.png,https://cdn.jsdelivr.net/gh/dennypa77/mass-upload@main/foto-upload/toko1/pin-button/PB-0000154.png,250688
Graphica Key,toko1,PIN BUTTON,PB-0000155,varian,E:\Project\Mass upload shopee\foto-upload\toko1\pin-button\PB-0000155.png,https://cdn.jsdelivr.net/gh/dennypa77/mass-upload@main/foto-upload/toko1/pin-button/PB-0000155.png,257102
Graphica Key,toko1,PIN BUTTON,PB-0000156,varian,E:\Project\Mass upload shopee\foto-upload\toko1\pin-button\PB-0000156.png,https://cdn.jsdelivr.net/gh/dennypa77/mass-upload@main/foto-upload/toko1/pin-button/PB-0000156.png,248201
Graphica Key,toko1,PIN BUTTON,PB-0000157,varian,E:\Project\Mass upload shopee\foto-upload\toko1\pin-button\PB-0000157.png,https://cdn.jsdelivr.net/gh/dennypa77/mass-upload@main/foto-upload/toko1/pin-button/PB-0000157.png,197156
Graphica Key,toko1,PIN BUTTON,PB-0000158,varian,E:\Project\Mass upload shopee\foto-upload\toko1\pin-button\PB-0000158.png,https://cdn.jsdelivr.net/gh/dennypa77/mass-upload@main/foto-upload/toko1/pin-button/PB-0000158.png,233351
Graphica Key,toko1,PIN BUTTON,PB-0000159,varian,E:\Project\Mass upload shopee\foto-upload\toko1\pin-button\PB-0000159.png,https://cdn.jsdelivr.net/gh/dennypa77/mass-upload@main/foto-upload/toko1/pin-button/PB-0000159.png,257505
Graphica Key,toko1,PIN BUTTON,PB-0000160,varian,E:\Project\Mass upload shopee\foto-upload\toko1\pin-button\PB-0000160.png,https://cdn.jsdelivr.net/gh/dennypa77/mass-upload@main/foto-upload/toko1/pin-button/PB-0000160.png,210956
Graphica Key,toko1,PIN BUTTON,PB-0000161,varian,E:\Project\Mass upload shopee\foto-upload\toko1\pin-button\PB-0000161.png,https://cdn.jsdelivr.net/gh/dennypa77/mass-upload@main/foto-upload/toko1/pin-button/PB-0000161.png,231285
Graphica Key,toko1,PIN BUTTON,PB-0000162,varian,E:\Project\Mass upload shopee\foto-upload\toko1\pin-button\PB-0000162.png,https://cdn.jsdelivr.net/gh/dennypa77/mass-upload@main/foto-upload/toko1/pin-button/PB-0000162.png,300349
Graphica Key,toko1,PIN BUTTON,PB-0000163,varian,E:\Project\Mass upload shopee\foto-upload\toko1\pin-button\PB-0000163.png,https://cdn.jsdelivr.net/gh/dennypa77/mass-upload@main/foto-upload/toko1/pin-button/PB-0000163.png,247682
Graphica Key,toko1,PIN BUTTON,PB-0000164,varian,E:\Project\Mass upload shopee\foto-upload\toko1\pin-button\PB-0000164.png,https://cdn.jsdelivr.net/gh/dennypa77/mass-upload@main/foto-upload/toko1/pin-button/PB-0000164.png,236704
Graphica Key,toko1,PIN BUTTON,PB-0000165,varian,E:\Project\Mass upload shopee\foto-upload\toko1\pin-button\PB-0000165.png,https://cdn.jsdelivr.net/gh/dennypa77/mass-upload@main/foto-upload/toko1/pin-button/PB-0000165.png,210712
Graphica Key,toko1,PIN BUTTON,PB-0000166,varian,E:\Project\Mass upload shopee\foto-upload\toko1\pin-button\PB-0000166.png,https://cdn.jsdelivr.net/gh/dennypa77/mass-upload@main/foto-upload/toko1/pin-button/PB-0000166.png,168896
Graphica Key,toko1,PIN BUTTON,PB-0000167,varian,E:\Project\Mass upload shopee\foto-upload\toko1\pin-button\PB-0000167.png,https://cdn.jsdelivr.net/gh/dennypa77/mass-upload@main/foto-upload/toko1/pin-button/PB-0000167.png,188334
Graphica Key,toko1,PIN BUTTON,PB-0000168,varian,E:\Project\Mass upload shopee\foto-upload\toko1\pin-button\PB-0000168.png,https://cdn.jsdelivr.net/gh/dennypa77/mass-upload@main/foto-upload/toko1/pin-button/PB-0000168.png,259697
Graphica Key,toko1,PIN BUTTON,PB-0000169,varian,E:\Project\Mass upload shopee\foto-upload\toko1\pin-button\PB-0000169.png,https://cdn.jsdelivr.net/gh/dennypa77/mass-upload@main/foto-upload/toko1/pin-button/PB-0000169.png,183720
Graphica Key,toko1,PIN BUTTON,PB-0000170,varian,E:\Project\Mass upload shopee\foto-upload\toko1\pin-button\PB-0000170.png,https://cdn.jsdelivr.net/gh/dennypa77/mass-upload@main/foto-upload/toko1/pin-button/PB-0000170.png,212302
Graphica Key,toko1,PIN BUTTON,PB-0000171,varian,E:\Project\Mass upload shopee\foto-upload\toko1\pin-button\PB-0000171.png,https://cdn.jsdelivr.net/gh/dennypa77/mass-upload@main/foto-upload/toko1/pin-button/PB-0000171.png,233167
Graphica Key,toko1,PIN BUTTON,PB-0000172,varian,E:\Project\Mass upload shopee\foto-upload\toko1\pin-button\PB-0000172.png,https://cdn.jsdelivr.net/gh/dennypa77/mass-upload@main/foto-upload/toko1/pin-button/PB-0000172.png,225983
Graphica Key,toko1,PIN BUTTON,PB-0000173,varian,E:\Project\Mass upload shopee\foto-upload\toko1\pin-button\PB-0000173.png,https://cdn.jsdelivr.net/gh/dennypa77/mass-upload@main/foto-upload/toko1/pin-button/PB-0000173.png,193049
Graphica Key,toko1,PIN BUTTON,PB-0000174,varian,E:\Project\Mass upload shopee\foto-upload\toko1\pin-button\PB-0000174.png,https://cdn.jsdelivr.net/gh/dennypa77/mass-upload@main/foto-upload/toko1/pin-button/PB-0000174.png,270382
Graphica Key,toko1,PIN BUTTON,PB-0000175,varian,E:\Project\Mass upload shopee\foto-upload\toko1\pin-button\PB-0000175.png,https://cdn.jsdelivr.net/gh/dennypa77/mass-upload@main/foto-upload/toko1/pin-button/PB-0000175.png,252541
Graphica Key,toko1,PIN BUTTON,PB-0000176,varian,E:\Project\Mass upload shopee\foto-upload\toko1\pin-button\PB-0000176.png,https://cdn.jsdelivr.net/gh/dennypa77/mass-upload@main/foto-upload/toko1/pin-button/PB-0000176.png,195432
Graphica Key,toko1,PIN BUTTON,PB-0000177,varian,E:\Project\Mass upload shopee\foto-upload\toko1\pin-button\PB-0000177.png,https://cdn.jsdelivr.net/gh/dennypa77/mass-upload@main/foto-upload/toko1/pin-button/PB-0000177.png,232517
Graphica Key,toko1,PIN BUTTON,PB-0000178,varian,E:\Project\Mass upload shopee\foto-upload\toko1\pin-button\PB-0000178.png,https://cdn.jsdelivr.net/gh/dennypa77/mass-upload@main/foto-upload/toko1/pin-button/PB-0000178.png,285292
Graphica Key,toko1,PIN BUTTON,PB-0000179,varian,E:\Project\Mass upload shopee\foto-upload\toko1\pin-button\PB-0000179.png,https://cdn.jsdelivr.net/gh/dennypa77/mass-upload@main/foto-upload/toko1/pin-button/PB-0000179.png,238128
Graphica Key,toko1,PIN BUTTON,PB-0000180,varian,E:\Project\Mass upload shopee\foto-upload\toko1\pin-button\PB-0000180.png,https://cdn.jsdelivr.net/gh/dennypa77/mass-upload@main/foto-upload/toko1/pin-button/PB-0000180.png,235070
Graphica Key,toko1,PIN BUTTON,PB-0000181,varian,E:\Project\Mass upload shopee\foto-upload\toko1\pin-button\PB-0000181.png,https://cdn.jsdelivr.net/gh/dennypa77/mass-upload@main/foto-upload/toko1/pin-button/PB-0000181.png,228093
Graphica Key,toko1,PIN BUTTON,PB-0000182,varian,E:\Project\Mass upload shopee\foto-upload\toko1\pin-button\PB-0000182.png,https://cdn.jsdelivr.net/gh/dennypa77/mass-upload@main/foto-upload/toko1/pin-button/PB-0000182.png,204893
Graphica Key,toko1,PIN BUTTON,PB-0000183,varian,E:\Project\Mass upload shopee\foto-upload\toko1\pin-button\PB-0000183.png,https://cdn.jsdelivr.net/gh/dennypa77/mass-upload@main/foto-upload/toko1/pin-button/PB-0000183.png,210267
Graphica Key,toko1,PIN BUTTON,PB-0000184,varian,E:\Project\Mass upload shopee\foto-upload\toko1\pin-button\PB-0000184.png,https://cdn.jsdelivr.net/gh/dennypa77/mass-upload@main/foto-upload/toko1/pin-button/PB-0000184.png,252732
Graphica Key,toko1,PIN BUTTON,PB-0000185,varian,E:\Project\Mass upload shopee\foto-upload\toko1\pin-button\PB-0000185.png,https://cdn.jsdelivr.net/gh/dennypa77/mass-upload@main/foto-upload/toko1/pin-button/PB-0000185.png,223205
Graphica Key,toko1,PIN BUTTON,PB-0000186,varian,E:\Project\Mass upload shopee\foto-upload\toko1\pin-button\PB-0000186.png,https://cdn.jsdelivr.net/gh/dennypa77/mass-upload@main/foto-upload/toko1/pin-button/PB-0000186.png,153200
Graphica Key,toko1,PIN BUTTON,PB-0000187,varian,E:\Project\Mass upload shopee\foto-upload\toko1\pin-button\PB-0000187.png,https://cdn.jsdelivr.net/gh/dennypa77/mass-upload@main/foto-upload/toko1/pin-button/PB-0000187.png,208268
Graphica Key,toko1,PIN BUTTON,PB-0000188,varian,E:\Project\Mass upload shopee\foto-upload\toko1\pin-button\PB-0000188.png,https://cdn.jsdelivr.net/gh/dennypa77/mass-upload@main/foto-upload/toko1/pin-button/PB-0000188.png,274632
Graphica Key,toko1,PIN BUTTON,PB-0000189,varian,E:\Project\Mass upload shopee\foto-upload\toko1\pin-button\PB-0000189.png,https://cdn.jsdelivr.net/gh/dennypa77/mass-upload@main/foto-upload/toko1/pin-button/PB-0000189.png,219884
Graphica Key,toko1,PIN BUTTON,PB-0000190,varian,E:\Project\Mass upload shopee\foto-upload\toko1\pin-button\PB-0000190.png,https://cdn.jsdelivr.net/gh/dennypa77/mass-upload@main/foto-upload/toko1/pin-button/PB-0000190.png,209352
Graphica Key,toko1,PIN BUTTON,PB-0000191,varian,E:\Project\Mass upload shopee\foto-upload\toko1\pin-button\PB-0000191.png,https://cdn.jsdelivr.net/gh/dennypa77/mass-upload@main/foto-upload/toko1/pin-button/PB-0000191.png,205520
Graphica Key,toko1,PIN BUTTON,PB-0000192,varian,E:\Project\Mass upload shopee\foto-upload\toko1\pin-button\PB-0000192.png,https://cdn.jsdelivr.net/gh/dennypa77/mass-upload@main/foto-upload/toko1/pin-button/PB-0000192.png,208489
Graphica Key,toko1,PIN BUTTON,PB-0000193,varian,E:\Project\Mass upload shopee\foto-upload\toko1\pin-button\PB-0000193.png,https://cdn.jsdelivr.net/gh/dennypa77/mass-upload@main/foto-upload/toko1/pin-button/PB-0000193.png,201644
Graphica Key,toko1,PIN BUTTON,PB-0000194,varian,E:\Project\Mass upload shopee\foto-upload\toko1\pin-button\PB-0000194.png,https://cdn.jsdelivr.net/gh/dennypa77/mass-upload@main/foto-upload/toko1/pin-button/PB-0000194.png,264720
Graphica Key,toko1,PIN BUTTON,PB-0000195,varian,E:\Project\Mass upload shopee\foto-upload\toko1\pin-button\PB-0000195.png,https://cdn.jsdelivr.net/gh/dennypa77/mass-upload@main/foto-upload/toko1/pin-button/PB-0000195.png,269124
Graphica Key,toko1,PIN BUTTON,PB-0000196,varian,E:\Project\Mass upload shopee\foto-upload\toko1\pin-button\PB-0000196.png,https://cdn.jsdelivr.net/gh/dennypa77/mass-upload@main/foto-upload/toko1/pin-button/PB-0000196.png,252330
Graphica Key,toko1,PIN BUTTON,PB-0000197,varian,E:\Project\Mass upload shopee\foto-upload\toko1\pin-button\PB-0000197.png,https://cdn.jsdelivr.net/gh/dennypa77/mass-upload@main/foto-upload/toko1/pin-button/PB-0000197.png,236377
Graphica Key,toko1,PIN BUTTON,PB-0000198,varian,E:\Project\Mass upload shopee\foto-upload\toko1\pin-button\PB-0000198.png,https://cdn.jsdelivr.net/gh/dennypa77/mass-upload@main/foto-upload/toko1/pin-button/PB-0000198.png,190319
Graphica Key,toko1,PIN BUTTON,PB-0000199,varian,E:\Project\Mass upload shopee\foto-upload\toko1\pin-button\PB-0000199.png,https://cdn.jsdelivr.net/gh/dennypa77/mass-upload@main/foto-upload/toko1/pin-button/PB-0000199.png,216098
Graphica Key,toko1,PIN BUTTON,PB-0000200,varian,E:\Project\Mass upload shopee\foto-upload\toko1\pin-button\PB-0000200.png,https://cdn.jsdelivr.net/gh/dennypa77/mass-upload@main/foto-upload/toko1/pin-button/PB-0000200.png,239318
Graphica Key,toko1,PIN BUTTON,PB-0000201,varian,E:\Project\Mass upload shopee\foto-upload\toko1\pin-button\PB-0000201.png,https://cdn.jsdelivr.net/gh/dennypa77/mass-upload@main/foto-upload/toko1/pin-button/PB-0000201.png,680417
Graphica Key,toko1,PIN BUTTON,PB-0000202,varian,E:\Project\Mass upload shopee\foto-upload\toko1\pin-button\PB-0000202.png,https://cdn.jsdelivr.net/gh/dennypa77/mass-upload@main/foto-upload/toko1/pin-button/PB-0000202.png,754835
Graphica Key,toko1,PIN BUTTON,PB-0000203,varian,E:\Project\Mass upload shopee\foto-upload\toko1\pin-button\PB-0000203.png,https://cdn.jsdelivr.net/gh/dennypa77/mass-upload@main/foto-upload/toko1/pin-button/PB-0000203.png,723345
Graphica Key,toko1,PIN BUTTON,PB-0000204,varian,E:\Project\Mass upload shopee\foto-upload\toko1\pin-button\PB-0000204.png,https://cdn.jsdelivr.net/gh/dennypa77/mass-upload@main/foto-upload/toko1/pin-button/PB-0000204.png,583081
Graphica Key,toko1,PIN BUTTON,PB-0000205,varian,E:\Project\Mass upload shopee\foto-upload\toko1\pin-button\PB-0000205.png,https://cdn.jsdelivr.net/gh/dennypa77/mass-upload@main/foto-upload/toko1/pin-button/PB-0000205.png,464484
Graphica Key,toko1,PIN BUTTON,PB-0000206,varian,E:\Project\Mass upload shopee\foto-upload\toko1\pin-button\PB-0000206.png,https://cdn.jsdelivr.net/gh/dennypa77/mass-upload@main/foto-upload/toko1/pin-button/PB-0000206.png,526276
Graphica Key,toko1,PIN BUTTON,PB-0000207,varian,E:\Project\Mass upload shopee\foto-upload\toko1\pin-button\PB-0000207.png,https://cdn.jsdelivr.net/gh/dennypa77/mass-upload@main/foto-upload/toko1/pin-button/PB-0000207.png,640030
Graphica Key,toko1,PIN BUTTON,PB-0000208,varian,E:\Project\Mass upload shopee\foto-upload\toko1\pin-button\PB-0000208.png,https://cdn.jsdelivr.net/gh/dennypa77/mass-upload@main/foto-upload/toko1/pin-button/PB-0000208.png,712403
Graphica Key,toko1,PIN BUTTON,PB-0000209,varian,E:\Project\Mass upload shopee\foto-upload\toko1\pin-button\PB-0000209.png,https://cdn.jsdelivr.net/gh/dennypa77/mass-upload@main/foto-upload/toko1/pin-button/PB-0000209.png,808576
Graphica Key,toko1,PIN BUTTON,PB-0000210,varian,E:\Project\Mass upload shopee\foto-upload\toko1\pin-button\PB-0000210.png,https://cdn.jsdelivr.net/gh/dennypa77/mass-upload@main/foto-upload/toko1/pin-button/PB-0000210.png,790292
Graphica Key,toko1,PIN BUTTON,PB-0000211,varian,E:\Project\Mass upload shopee\foto-upload\toko1\pin-button\PB-0000211.png,https://cdn.jsdelivr.net/gh/dennypa77/mass-upload@main/foto-upload/toko1/pin-button/PB-0000211.png,624404
Graphica Key,toko1,PIN BUTTON,PB-0000212,varian,E:\Project\Mass upload shopee\foto-upload\toko1\pin-button\PB-0000212.png,https://cdn.jsdelivr.net/gh/dennypa77/mass-upload@main/foto-upload/toko1/pin-button/PB-0000212.png,771247
Graphica Key,toko1,PIN BUTTON,PB-0000213,varian,E:\Project\Mass upload shopee\foto-upload\toko1\pin-button\PB-0000213.png,https://cdn.jsdelivr.net/gh/dennypa77/mass-upload@main/foto-upload/toko1/pin-button/PB-0000213.png,771419
Graphica Key,toko1,PIN BUTTON,PB-0000214,varian,E:\Project\Mass upload shopee\foto-upload\toko1\pin-button\PB-0000214.png,https://cdn.jsdelivr.net/gh/dennypa77/mass-upload@main/foto-upload/toko1/pin-button/PB-0000214.png,715537
Graphica Key,toko1,PIN BUTTON,PB-0000215,varian,E:\Project\Mass upload shopee\foto-upload\toko1\pin-button\PB-0000215.png,https://cdn.jsdelivr.net/gh/dennypa77/mass-upload@main/foto-upload/toko1/pin-button/PB-0000215.png,867920
Graphica Key,toko1,PIN BUTTON,PB-0000216,varian,E:\Project\Mass upload shopee\foto-upload\toko1\pin-button\PB-0000216.png,https://cdn.jsdelivr.net/gh/dennypa77/mass-upload@main/foto-upload/toko1/pin-button/PB-0000216.png,724043
Graphica Key,toko1,PIN BUTTON,PB-0000217,varian,E:\Project\Mass upload shopee\foto-upload\toko1\pin-button\PB-0000217.png,https://cdn.jsdelivr.net/gh/dennypa77/mass-upload@main/foto-upload/toko1/pin-button/PB-0000217.png,701596
Graphica Key,toko1,PIN BUTTON,PB-0000218,varian,E:\Project\Mass upload shopee\foto-upload\toko1\pin-button\PB-0000218.png,https://cdn.jsdelivr.net/gh/dennypa77/mass-upload@main/foto-upload/toko1/pin-button/PB-0000218.png,871563
Graphica Key,toko1,PIN BUTTON,PB-0000219,varian,E:\Project\Mass upload shopee\foto-upload\toko1\pin-button\PB-0000219.png,https://cdn.jsdelivr.net/gh/dennypa77/mass-upload@main/foto-upload/toko1/pin-button/PB-0000219.png,546169
Graphica Key,toko1,PIN BUTTON,PB-0000220,varian,E:\Project\Mass upload shopee\foto-upload\toko1\pin-button\PB-0000220.png,https://cdn.jsdelivr.net/gh/dennypa77/mass-upload@main/foto-upload/toko1/pin-button/PB-0000220.png,504709
Graphica Key,toko1,PIN BUTTON,PB-0000221,varian,E:\Project\Mass upload shopee\foto-upload\toko1\pin-button\PB-0000221.png,https://cdn.jsdelivr.net/gh/dennypa77/mass-upload@main/foto-upload/toko1/pin-button/PB-0000221.png,809639
Graphica Key,toko1,PIN BUTTON,PB-0000222,varian,E:\Project\Mass upload shopee\foto-upload\toko1\pin-button\PB-0000222.png,https://cdn.jsdelivr.net/gh/dennypa77/mass-upload@main/foto-upload/toko1/pin-button/PB-0000222.png,656910
Graphica Key,toko1,PIN BUTTON,PB-0000223,varian,E:\Project\Mass upload shopee\foto-upload\toko1\pin-button\PB-0000223.png,https://cdn.jsdelivr.net/gh/dennypa77/mass-upload@main/foto-upload/toko1/pin-button/PB-0000223.png,662281
Graphica Key,toko1,PIN BUTTON,PB-0000224,varian,E:\Project\Mass upload shopee\foto-upload\toko1\pin-button\PB-0000224.png,https://cdn.jsdelivr.net/gh/dennypa77/mass-upload@main/foto-upload/toko1/pin-button/PB-0000224.png,702081
Graphica Key,toko1,PIN BUTTON,PB-0000225,varian,E:\Project\Mass upload shopee\foto-upload\toko1\pin-button\PB-0000225.png,https://cdn.jsdelivr.net/gh/dennypa77/mass-upload@main/foto-upload/toko1/pin-button/PB-0000225.png,644088
Graphica Key,toko1,PIN BUTTON,PB-0000226,varian,E:\Project\Mass upload shopee\foto-upload\toko1\pin-button\PB-0000226.png,https://cdn.jsdelivr.net/gh/dennypa77/mass-upload@main/foto-upload/toko1/pin-button/PB-0000226.png,571603
Graphica Key,toko1,PIN BUTTON,PB-0000227,varian,E:\Project\Mass upload shopee\foto-upload\toko1\pin-button\PB-0000227.png,https://cdn.jsdelivr.net/gh/dennypa77/mass-upload@main/foto-upload/toko1/pin-button/PB-0000227.png,690197
Graphica Key,toko1,PIN BUTTON,PB-0000228,varian,E:\Project\Mass upload shopee\foto-upload\toko1\pin-button\PB-0000228.png,https://cdn.jsdelivr.net/gh/dennypa77/mass-upload@main/foto-upload/toko1/pin-button/PB-0000228.png,738868
Graphica Key,toko1,PIN BUTTON,PB-0000229,varian,E:\Project\Mass upload shopee\foto-upload\toko1\pin-button\PB-0000229.png,https://cdn.jsdelivr.net/gh/dennypa77/mass-upload@main/foto-upload/toko1/pin-button/PB-0000229.png,704654
Graphica Key,toko1,PIN BUTTON,PB-0000230,varian,E:\Project\Mass upload shopee\foto-upload\toko1\pin-button\PB-0000230.png,https://cdn.jsdelivr.net/gh/dennypa77/mass-upload@main/foto-upload/toko1/pin-button/PB-0000230.png,840724
Graphica Key,toko1,PIN BUTTON,PB-0000231,varian,E:\Project\Mass upload shopee\foto-upload\toko1\pin-button\PB-0000231.png,https://cdn.jsdelivr.net/gh/dennypa77/mass-upload@main/foto-upload/toko1/pin-button/PB-0000231.png,726607
Graphica Key,toko1,PIN BUTTON,PB-0000232,varian,E:\Project\Mass upload shopee\foto-upload\toko1\pin-button\PB-0000232.png,https://cdn.jsdelivr.net/gh/dennypa77/mass-upload@main/foto-upload/toko1/pin-button/PB-0000232.png,771897
Graphica Key,toko1,PIN BUTTON,PB-0000233,varian,E:\Project\Mass upload shopee\foto-upload\toko1\pin-button\PB-0000233.png,https://cdn.jsdelivr.net/gh/dennypa77/mass-upload@main/foto-upload/toko1/pin-button/PB-0000233.png,988152
Graphica Key,toko1,PIN BUTTON,PB-0000234,varian,E:\Project\Mass upload shopee\foto-upload\toko1\pin-button\PB-0000234.png,https://cdn.jsdelivr.net/gh/dennypa77/mass-upload@main/foto-upload/toko1/pin-button/PB-0000234.png,717556
Graphica Key,toko1,PIN BUTTON,PB-0000235,varian,E:\Project\Mass upload shopee\foto-upload\toko1\pin-button\PB-0000235.png,https://cdn.jsdelivr.net/gh/dennypa77/mass-upload@main/foto-upload/toko1/pin-button/PB-0000235.png,776380
Graphica Key,toko1,PIN BUTTON,PB-0000236,varian,E:\Project\Mass upload shopee\foto-upload\toko1\pin-button\PB-0000236.png,https://cdn.jsdelivr.net/gh/dennypa77/mass-upload@main/foto-upload/toko1/pin-button/PB-0000236.png,826571
Graphica Key,toko1,PIN BUTTON,PB-0000237,varian,E:\Project\Mass upload shopee\foto-upload\toko1\pin-button\PB-0000237.png,https://cdn.jsdelivr.net/gh/dennypa77/mass-upload@main/foto-upload/toko1/pin-button/PB-0000237.png,691922
Graphica Key,toko1,PIN BUTTON,PB-0000238,varian,E:\Project\Mass upload shopee\foto-upload\toko1\pin-button\PB-0000238.png,https://cdn.jsdelivr.net/gh/dennypa77/mass-upload@main/foto-upload/toko1/pin-button/PB-0000238.png,816671
Graphica Key,toko1,PIN BUTTON,PB-0000239,varian,E:\Project\Mass upload shopee\foto-upload\toko1\pin-button\PB-0000239.png,https://cdn.jsdelivr.net/gh/dennypa77/mass-upload@main/foto-upload/toko1/pin-button/PB-0000239.png,514515
Graphica Key,toko1,PIN BUTTON,PB-0000240,varian,E:\Project\Mass upload shopee\foto-upload\toko1\pin-button\PB-0000240.png,https://cdn.jsdelivr.net/gh/dennypa77/mass-upload@main/foto-upload/toko1/pin-button/PB-0000240.png,446731
Graphica Key,toko1,PIN BUTTON,PB-0000241,varian,E:\Project\Mass upload shopee\foto-upload\toko1\pin-button\PB-0000241.png,https://cdn.jsdelivr.net/gh/dennypa77/mass-upload@main/foto-upload/toko1/pin-button/PB-0000241.png,549463
Graphica Key,toko1,PIN BUTTON,PB-0000242,varian,E:\Project\Mass upload shopee\foto-upload\toko1\pin-button\PB-0000242.png,https://cdn.jsdelivr.net/gh/dennypa77/mass-upload@main/foto-upload/toko1/pin-button/PB-0000242.png,640795
Graphica Key,toko1,PIN BUTTON,PB-0000243,varian,E:\Project\Mass upload shopee\foto-upload\toko1\pin-button\PB-0000243.png,https://cdn.jsdelivr.net/gh/dennypa77/mass-upload@main/foto-upload/toko1/pin-button/PB-0000243.png,762762
Graphica Key,toko1,PIN BUTTON,PB-0000244,varian,E:\Project\Mass upload shopee\foto-upload\toko1\pin-button\PB-0000244.png,https://cdn.jsdelivr.net/gh/dennypa77/mass-upload@main/foto-upload/toko1/pin-button/PB-0000244.png,953104
Graphica Key,toko1,PIN BUTTON,PB-0000245,varian,E:\Project\Mass upload shopee\foto-upload\toko1\pin-button\PB-0000245.png,https://cdn.jsdelivr.net/gh/dennypa77/mass-upload@main/foto-upload/toko1/pin-button/PB-0000245.png,587198
Graphica Key,toko1,PIN BUTTON,PB-0000246,varian,E:\Project\Mass upload shopee\foto-upload\toko1\pin-button\PB-0000246.png,https://cdn.jsdelivr.net/gh/dennypa77/mass-upload@main/foto-upload/toko1/pin-button/PB-0000246.png,724413
Graphica Key,toko1,PIN BUTTON,PB-0000247,varian,E:\Project\Mass upload shopee\foto-upload\toko1\pin-button\PB-0000247.png,https://cdn.jsdelivr.net/gh/dennypa77/mass-upload@main/foto-upload/toko1/pin-button/PB-0000247.png,676923
Graphica Key,toko1,PIN BUTTON,PB-0000248,varian,E:\Project\Mass upload shopee\foto-upload\toko1\pin-button\PB-0000248.png,https://cdn.jsdelivr.net/gh/dennypa77/mass-upload@main/foto-upload/toko1/pin-button/PB-0000248.png,744212
Graphica Key,toko1,PIN BUTTON,PB-0000249,varian,E:\Project\Mass upload shopee\foto-upload\toko1\pin-button\PB-0000249.png,https://cdn.jsdelivr.net/gh/dennypa77/mass-upload@main/foto-upload/toko1/pin-button/PB-0000249.png,821629
Graphica Key,toko1,PIN BUTTON,PB-BLACKPINK-UTAMA1,utama,E:\Project\Mass upload shopee\foto-upload\toko1\pin-button\PB-BLACKPINK-utama1.png,https://cdn.jsdelivr.net/gh/dennypa77/mass-upload@main/foto-upload/toko1/pin-button/PB-BLACKPINK-utama1.png,1928049
Graphica Key,toko1,PIN BUTTON,PB-BLACKPINK-UTAMA2,utama,E:\Project\Mass upload shopee\foto-upload\toko1\pin-button\PB-BLACKPINK-utama2.png,https://cdn.jsdelivr.net/gh/dennypa77/mass-upload@main/foto-upload/toko1/pin-button/PB-BLACKPINK-utama2.png,624801
Graphica Key,toko1,PIN BUTTON,PB-BLACKPINK-UTAMA3,utama,E:\Project\Mass upload shopee\foto-upload\toko1\pin-button\PB-BLACKPINK-utama3.png,https://cdn.jsdelivr.net/gh/dennypa77/mass-upload@main/foto-upload/toko1/pin-button/PB-BLACKPINK-utama3.png,1665439
Graphica Key,toko1,PIN BUTTON,PB-BTS-UTAMA1,utama,E:\Project\Mass upload shopee\foto-upload\toko1\pin-button\PB-BTS-utama1.png,https://cdn.jsdelivr.net/gh/dennypa77/mass-upload@main/foto-upload/toko1/pin-button/PB-BTS-utama1.png,1755284
Graphica Key,toko1,PIN BUTTON,PB-BTS-UTAMA2,utama,E:\Project\Mass upload shopee\foto-upload\toko1\pin-button\PB-BTS-utama2.png,https://cdn.jsdelivr.net/gh/dennypa77/mass-upload@main/foto-upload/toko1/pin-button/PB-BTS-utama2.png,612282
Graphica Key,toko1,PIN BUTTON,PB-BTS-UTAMA3,utama,E:\Project\Mass upload shopee\foto-upload\toko1\pin-button\PB-BTS-utama3.png,https://cdn.jsdelivr.net/gh/dennypa77/mass-upload@main/foto-upload/toko1/pin-button/PB-BTS-utama3.png,1596751
Graphica Key,toko1,PIN BUTTON,PB-CORTIS-UTAMA1,utama,E:\Project\Mass upload shopee\foto-upload\toko1\pin-button\PB-CORTIS-utama1.png,https://cdn.jsdelivr.net/gh/dennypa77/mass-upload@main/foto-upload/toko1/pin-button/PB-CORTIS-utama1.png,2012762
Graphica Key,toko1,PIN BUTTON,PB-CORTIS-UTAMA2,utama,E:\Project\Mass upload shopee\foto-upload\toko1\pin-button\PB-CORTIS-utama2.png,https://cdn.jsdelivr.net/gh/dennypa77/mass-upload@main/foto-upload/toko1/pin-button/PB-CORTIS-utama2.png,1009210
Graphica Key,toko1,PIN BUTTON,PB-CORTIS-UTAMA3,utama,E:\Project\Mass upload shopee\foto-upload\toko1\pin-button\PB-CORTIS-utama3.png,https://cdn.jsdelivr.net/gh/dennypa77/mass-upload@main/foto-upload/toko1/pin-button/PB-CORTIS-utama3.png,1200239
Graphica Key,toko1,PIN BUTTON,PB-HEARTS2HEARTS-UTAMA1,utama,E:\Project\Mass upload shopee\foto-upload\toko1\pin-button\PB-HEARTS2HEARTS-utama1.png,https://cdn.jsdelivr.net/gh/dennypa77/mass-upload@main/foto-upload/toko1/pin-button/PB-HEARTS2HEARTS-utama1.png,1955423
Graphica Key,toko1,PIN BUTTON,PB-HEARTS2HEARTS-UTAMA2,utama,E:\Project\Mass upload shopee\foto-upload\toko1\pin-button\PB-HEARTS2HEARTS-utama2.png,https://cdn.jsdelivr.net/gh/dennypa77/mass-upload@main/foto-upload/toko1/pin-button/PB-HEARTS2HEARTS-utama2.png,568603
Graphica Key,toko1,PIN BUTTON,PB-HEARTS2HEARTS-UTAMA3,utama,E:\Project\Mass upload shopee\foto-upload\toko1\pin-button\PB-HEARTS2HEARTS-utama3.png,https://cdn.jsdelivr.net/gh/dennypa77/mass-upload@main/foto-upload/toko1/pin-button/PB-HEARTS2HEARTS-utama3.png,1214177
Kaitin.aja,toko2,JIBBITZ,JB-0000001,varian,E:\Project\Mass upload shopee\foto-upload\toko2\jibbitz\JB-0000001.png,https://cdn.jsdelivr.net/gh/dennypa77/mass-upload@main/foto-upload/toko2/jibbitz/JB-0000001.png,313662
Kaitin.aja,toko2,JIBBITZ,JB-0000002,varian,E:\Project\Mass upload shopee\foto-upload\toko2\jibbitz\JB-0000002.png,https://cdn.jsdelivr.net/gh/dennypa77/mass-upload@main/foto-upload/toko2/jibbitz/JB-0000002.png,279792
Kaitin.aja,toko2,JIBBITZ,JB-0000003,varian,E:\Project\Mass upload shopee\foto-upload\toko2\jibbitz\JB-0000003.png,https://cdn.jsdelivr.net/gh/dennypa77/mass-upload@main/foto-upload/toko2/jibbitz/JB-0000003.png,282767
Kaitin.aja,toko2,JIBBITZ,JB-0000004,varian,E:\Project\Mass upload shopee\foto-upload\toko2\jibbitz\JB-0000004.png,https://cdn.jsdelivr.net/gh/dennypa77/mass-upload@main/foto-upload/toko2/jibbitz/JB-0000004.png,269522
Kaitin.aja,toko2,JIBBITZ,JB-0000005,varian,E:\Project\Mass upload shopee\foto-upload\toko2\jibbitz\JB-0000005.png,https://cdn.jsdelivr.net/gh/dennypa77/mass-upload@main/foto-upload/toko2/jibbitz/JB-0000005.png,297102
Kaitin.aja,toko2,JIBBITZ,JB-0000006,varian,E:\Project\Mass upload shopee\foto-upload\toko2\jibbitz\JB-0000006.png,https://cdn.jsdelivr.net/gh/dennypa77/mass-upload@main/foto-upload/toko2/jibbitz/JB-0000006.png,233035
Kaitin.aja,toko2,JIBBITZ,JB-0000007,varian,E:\Project\Mass upload shopee\foto-upload\toko2\jibbitz\JB-0000007.png,https://cdn.jsdelivr.net/gh/dennypa77/mass-upload@main/foto-upload/toko2/jibbitz/JB-0000007.png,289040
Kaitin.aja,toko2,JIBBITZ,JB-0000008,varian,E:\Project\Mass upload shopee\foto-upload\toko2\jibbitz\JB-0000008.png,https://cdn.jsdelivr.net/gh/dennypa77/mass-upload@main/foto-upload/toko2/jibbitz/JB-0000008.png,282532
Kaitin.aja,toko2,JIBBITZ,JB-0000009,varian,E:\Project\Mass upload shopee\foto-upload\toko2\jibbitz\JB-0000009.png,https://cdn.jsdelivr.net/gh/dennypa77/mass-upload@main/foto-upload/toko2/jibbitz/JB-0000009.png,261932
Kaitin.aja,toko2,JIBBITZ,JB-0000010,varian,E:\Project\Mass upload shopee\foto-upload\toko2\jibbitz\JB-0000010.png,https://cdn.jsdelivr.net/gh/dennypa77/mass-upload@main/foto-upload/toko2/jibbitz/JB-0000010.png,280295
Kaitin.aja,toko2,JIBBITZ,JB-0000011,varian,E:\Project\Mass upload shopee\foto-upload\toko2\jibbitz\JB-0000011.png,https://cdn.jsdelivr.net/gh/dennypa77/mass-upload@main/foto-upload/toko2/jibbitz/JB-0000011.png,245618
Kaitin.aja,toko2,JIBBITZ,JB-0000012,varian,E:\Project\Mass upload shopee\foto-upload\toko2\jibbitz\JB-0000012.png,https://cdn.jsdelivr.net/gh/dennypa77/mass-upload@main/foto-upload/toko2/jibbitz/JB-0000012.png,221300
Kaitin.aja,toko2,JIBBITZ,JB-0000013,varian,E:\Project\Mass upload shopee\foto-upload\toko2\jibbitz\JB-0000013.png,https://cdn.jsdelivr.net/gh/dennypa77/mass-upload@main/foto-upload/toko2/jibbitz/JB-0000013.png,263019
Kaitin.aja,toko2,JIBBITZ,JB-0000014,varian,E:\Project\Mass upload shopee\foto-upload\toko2\jibbitz\JB-0000014.png,https://cdn.jsdelivr.net/gh/dennypa77/mass-upload@main/foto-upload/toko2/jibbitz/JB-0000014.png,211742
Kaitin.aja,toko2,JIBBITZ,JB-0000015,varian,E:\Project\Mass upload shopee\foto-upload\toko2\jibbitz\JB-0000015.png,https://cdn.jsdelivr.net/gh/dennypa77/mass-upload@main/foto-upload/toko2/jibbitz/JB-0000015.png,255545
Kaitin.aja,toko2,JIBBITZ,JB-0000016,varian,E:\Project\Mass upload shopee\foto-upload\toko2\jibbitz\JB-0000016.png,https://cdn.jsdelivr.net/gh/dennypa77/mass-upload@main/foto-upload/toko2/jibbitz/JB-0000016.png,263913
Kaitin.aja,toko2,JIBBITZ,JB-0000017,varian,E:\Project\Mass upload shopee\foto-upload\toko2\jibbitz\JB-0000017.png,https://cdn.jsdelivr.net/gh/dennypa77/mass-upload@main/foto-upload/toko2/jibbitz/JB-0000017.png,237197
Kaitin.aja,toko2,JIBBITZ,JB-0000018,varian,E:\Project\Mass upload shopee\foto-upload\toko2\jibbitz\JB-0000018.png,https://cdn.jsdelivr.net/gh/dennypa77/mass-upload@main/foto-upload/toko2/jibbitz/JB-0000018.png,262225
Kaitin.aja,toko2,JIBBITZ,JB-0000019,varian,E:\Project\Mass upload shopee\foto-upload\toko2\jibbitz\JB-0000019.png,https://cdn.jsdelivr.net/gh/dennypa77/mass-upload@main/foto-upload/toko2/jibbitz/JB-0000019.png,222492
Kaitin.aja,toko2,JIBBITZ,JB-0000020,varian,E:\Project\Mass upload shopee\foto-upload\toko2\jibbitz\JB-0000020.png,https://cdn.jsdelivr.net/gh/dennypa77/mass-upload@main/foto-upload/toko2/jibbitz/JB-0000020.png,264383
Kaitin.aja,toko2,JIBBITZ,JB-0000021,varian,E:\Project\Mass upload shopee\foto-upload\toko2\jibbitz\JB-0000021.png,https://cdn.jsdelivr.net/gh/dennypa77/mass-upload@main/foto-upload/toko2/jibbitz/JB-0000021.png,258574
Kaitin.aja,toko2,JIBBITZ,JB-0000022,varian,E:\Project\Mass upload shopee\foto-upload\toko2\jibbitz\JB-0000022.png,https://cdn.jsdelivr.net/gh/dennypa77/mass-upload@main/foto-upload/toko2/jibbitz/JB-0000022.png,307345
Kaitin.aja,toko2,JIBBITZ,JB-0000023,varian,E:\Project\Mass upload shopee\foto-upload\toko2\jibbitz\JB-0000023.png,https://cdn.jsdelivr.net/gh/dennypa77/mass-upload@main/foto-upload/toko2/jibbitz/JB-0000023.png,253395
Kaitin.aja,toko2,JIBBITZ,JB-0000024,varian,E:\Project\Mass upload shopee\foto-upload\toko2\jibbitz\JB-0000024.png,https://cdn.jsdelivr.net/gh/dennypa77/mass-upload@main/foto-upload/toko2/jibbitz/JB-0000024.png,292478
Kaitin.aja,toko2,JIBBITZ,JB-0000025,varian,E:\Project\Mass upload shopee\foto-upload\toko2\jibbitz\JB-0000025.png,https://cdn.jsdelivr.net/gh/dennypa77/mass-upload@main/foto-upload/toko2/jibbitz/JB-0000025.png,287678
Kaitin.aja,toko2,JIBBITZ,JB-0000026,varian,E:\Project\Mass upload shopee\foto-upload\toko2\jibbitz\JB-0000026.png,https://cdn.jsdelivr.net/gh/dennypa77/mass-upload@main/foto-upload/toko2/jibbitz/JB-0000026.png,238070
Kaitin.aja,toko2,JIBBITZ,JB-0000027,varian,E:\Project\Mass upload shopee\foto-upload\toko2\jibbitz\JB-0000027.png,https://cdn.jsdelivr.net/gh/dennypa77/mass-upload@main/foto-upload/toko2/jibbitz/JB-0000027.png,248663
Kaitin.aja,toko2,JIBBITZ,JB-0000028,varian,E:\Project\Mass upload shopee\foto-upload\toko2\jibbitz\JB-0000028.png,https://cdn.jsdelivr.net/gh/dennypa77/mass-upload@main/foto-upload/toko2/jibbitz/JB-0000028.png,274145
Kaitin.aja,toko2,JIBBITZ,JB-0000029,varian,E:\Project\Mass upload shopee\foto-upload\toko2\jibbitz\JB-0000029.png,https://cdn.jsdelivr.net/gh/dennypa77/mass-upload@main/foto-upload/toko2/jibbitz/JB-0000029.png,274330
Kaitin.aja,toko2,JIBBITZ,JB-0000030,varian,E:\Project\Mass upload shopee\foto-upload\toko2\jibbitz\JB-0000030.png,https://cdn.jsdelivr.net/gh/dennypa77/mass-upload@main/foto-upload/toko2/jibbitz/JB-0000030.png,277889
Kaitin.aja,toko2,JIBBITZ,JB-0000031,varian,E:\Project\Mass upload shopee\foto-upload\toko2\jibbitz\JB-0000031.png,https://cdn.jsdelivr.net/gh/dennypa77/mass-upload@main/foto-upload/toko2/jibbitz/JB-0000031.png,229634
Kaitin.aja,toko2,JIBBITZ,JB-0000032,varian,E:\Project\Mass upload shopee\foto-upload\toko2\jibbitz\JB-0000032.png,https://cdn.jsdelivr.net/gh/dennypa77/mass-upload@main/foto-upload/toko2/jibbitz/JB-0000032.png,266878
Kaitin.aja,toko2,JIBBITZ,JB-0000033,varian,E:\Project\Mass upload shopee\foto-upload\toko2\jibbitz\JB-0000033.png,https://cdn.jsdelivr.net/gh/dennypa77/mass-upload@main/foto-upload/toko2/jibbitz/JB-0000033.png,287153
Kaitin.aja,toko2,JIBBITZ,JB-0000034,varian,E:\Project\Mass upload shopee\foto-upload\toko2\jibbitz\JB-0000034.png,https://cdn.jsdelivr.net/gh/dennypa77/mass-upload@main/foto-upload/toko2/jibbitz/JB-0000034.png,199037
Kaitin.aja,toko2,JIBBITZ,JB-0000035,varian,E:\Project\Mass upload shopee\foto-upload\toko2\jibbitz\JB-0000035.png,https://cdn.jsdelivr.net/gh/dennypa77/mass-upload@main/foto-upload/toko2/jibbitz/JB-0000035.png,245803
Kaitin.aja,toko2,JIBBITZ,JB-0000036,varian,E:\Project\Mass upload shopee\foto-upload\toko2\jibbitz\JB-0000036.png,https://cdn.jsdelivr.net/gh/dennypa77/mass-upload@main/foto-upload/toko2/jibbitz/JB-0000036.png,235126
Kaitin.aja,toko2,JIBBITZ,JB-0000037,varian,E:\Project\Mass upload shopee\foto-upload\toko2\jibbitz\JB-0000037.png,https://cdn.jsdelivr.net/gh/dennypa77/mass-upload@main/foto-upload/toko2/jibbitz/JB-0000037.png,257242
Kaitin.aja,toko2,JIBBITZ,JB-0000038,varian,E:\Project\Mass upload shopee\foto-upload\toko2\jibbitz\JB-0000038.png,https://cdn.jsdelivr.net/gh/dennypa77/mass-upload@main/foto-upload/toko2/jibbitz/JB-0000038.png,230950
Kaitin.aja,toko2,JIBBITZ,JB-0000039,varian,E:\Project\Mass upload shopee\foto-upload\toko2\jibbitz\JB-0000039.png,https://cdn.jsdelivr.net/gh/dennypa77/mass-upload@main/foto-upload/toko2/jibbitz/JB-0000039.png,243681
Kaitin.aja,toko2,JIBBITZ,JB-0000040,varian,E:\Project\Mass upload shopee\foto-upload\toko2\jibbitz\JB-0000040.png,https://cdn.jsdelivr.net/gh/dennypa77/mass-upload@main/foto-upload/toko2/jibbitz/JB-0000040.png,231461
Kaitin.aja,toko2,JIBBITZ,JB-0000041,varian,E:\Project\Mass upload shopee\foto-upload\toko2\jibbitz\JB-0000041.png,https://cdn.jsdelivr.net/gh/dennypa77/mass-upload@main/foto-upload/toko2/jibbitz/JB-0000041.png,256982
Kaitin.aja,toko2,JIBBITZ,JB-0000042,varian,E:\Project\Mass upload shopee\foto-upload\toko2\jibbitz\JB-0000042.png,https://cdn.jsdelivr.net/gh/dennypa77/mass-upload@main/foto-upload/toko2/jibbitz/JB-0000042.png,260737
Kaitin.aja,toko2,JIBBITZ,JB-0000043,varian,E:\Project\Mass upload shopee\foto-upload\toko2\jibbitz\JB-0000043.png,https://cdn.jsdelivr.net/gh/dennypa77/mass-upload@main/foto-upload/toko2/jibbitz/JB-0000043.png,262323
Kaitin.aja,toko2,JIBBITZ,JB-0000044,varian,E:\Project\Mass upload shopee\foto-upload\toko2\jibbitz\JB-0000044.png,https://cdn.jsdelivr.net/gh/dennypa77/mass-upload@main/foto-upload/toko2/jibbitz/JB-0000044.png,264279
Kaitin.aja,toko2,JIBBITZ,JB-0000045,varian,E:\Project\Mass upload shopee\foto-upload\toko2\jibbitz\JB-0000045.png,https://cdn.jsdelivr.net/gh/dennypa77/mass-upload@main/foto-upload/toko2/jibbitz/JB-0000045.png,267456
Kaitin.aja,toko2,JIBBITZ,JB-0000046,varian,E:\Project\Mass upload shopee\foto-upload\toko2\jibbitz\JB-0000046.png,https://cdn.jsdelivr.net/gh/dennypa77/mass-upload@main/foto-upload/toko2/jibbitz/JB-0000046.png,222770
Kaitin.aja,toko2,JIBBITZ,JB-0000047,varian,E:\Project\Mass upload shopee\foto-upload\toko2\jibbitz\JB-0000047.png,https://cdn.jsdelivr.net/gh/dennypa77/mass-upload@main/foto-upload/toko2/jibbitz/JB-0000047.png,200853
Kaitin.aja,toko2,JIBBITZ,JB-0000048,varian,E:\Project\Mass upload shopee\foto-upload\toko2\jibbitz\JB-0000048.png,https://cdn.jsdelivr.net/gh/dennypa77/mass-upload@main/foto-upload/toko2/jibbitz/JB-0000048.png,236887
Kaitin.aja,toko2,JIBBITZ,JB-0000049,varian,E:\Project\Mass upload shopee\foto-upload\toko2\jibbitz\JB-0000049.png,https://cdn.jsdelivr.net/gh/dennypa77/mass-upload@main/foto-upload/toko2/jibbitz/JB-0000049.png,211763
Kaitin.aja,toko2,JIBBITZ,JB-0000050,varian,E:\Project\Mass upload shopee\foto-upload\toko2\jibbitz\JB-0000050.png,https://cdn.jsdelivr.net/gh/dennypa77/mass-upload@main/foto-upload/toko2/jibbitz/JB-0000050.png,214549
Kaitin.aja,toko2,JIBBITZ,JB-0000051,varian,E:\Project\Mass upload shopee\foto-upload\toko2\jibbitz\JB-0000051.png,https://cdn.jsdelivr.net/gh/dennypa77/mass-upload@main/foto-upload/toko2/jibbitz/JB-0000051.png,271311
Kaitin.aja,toko2,JIBBITZ,JB-0000052,varian,E:\Project\Mass upload shopee\foto-upload\toko2\jibbitz\JB-0000052.png,https://cdn.jsdelivr.net/gh/dennypa77/mass-upload@main/foto-upload/toko2/jibbitz/JB-0000052.png,287539
Kaitin.aja,toko2,JIBBITZ,JB-0000053,varian,E:\Project\Mass upload shopee\foto-upload\toko2\jibbitz\JB-0000053.png,https://cdn.jsdelivr.net/gh/dennypa77/mass-upload@main/foto-upload/toko2/jibbitz/JB-0000053.png,301323
Kaitin.aja,toko2,JIBBITZ,JB-0000054,varian,E:\Project\Mass upload shopee\foto-upload\toko2\jibbitz\JB-0000054.png,https://cdn.jsdelivr.net/gh/dennypa77/mass-upload@main/foto-upload/toko2/jibbitz/JB-0000054.png,270539
Kaitin.aja,toko2,JIBBITZ,JB-0000055,varian,E:\Project\Mass upload shopee\foto-upload\toko2\jibbitz\JB-0000055.png,https://cdn.jsdelivr.net/gh/dennypa77/mass-upload@main/foto-upload/toko2/jibbitz/JB-0000055.png,290384
Kaitin.aja,toko2,JIBBITZ,JB-0000056,varian,E:\Project\Mass upload shopee\foto-upload\toko2\jibbitz\JB-0000056.png,https://cdn.jsdelivr.net/gh/dennypa77/mass-upload@main/foto-upload/toko2/jibbitz/JB-0000056.png,290279
Kaitin.aja,toko2,JIBBITZ,JB-0000057,varian,E:\Project\Mass upload shopee\foto-upload\toko2\jibbitz\JB-0000057.png,https://cdn.jsdelivr.net/gh/dennypa77/mass-upload@main/foto-upload/toko2/jibbitz/JB-0000057.png,294713
Kaitin.aja,toko2,JIBBITZ,JB-0000058,varian,E:\Project\Mass upload shopee\foto-upload\toko2\jibbitz\JB-0000058.png,https://cdn.jsdelivr.net/gh/dennypa77/mass-upload@main/foto-upload/toko2/jibbitz/JB-0000058.png,229214
Kaitin.aja,toko2,JIBBITZ,JB-0000059,varian,E:\Project\Mass upload shopee\foto-upload\toko2\jibbitz\JB-0000059.png,https://cdn.jsdelivr.net/gh/dennypa77/mass-upload@main/foto-upload/toko2/jibbitz/JB-0000059.png,235843
Kaitin.aja,toko2,JIBBITZ,JB-0000060,varian,E:\Project\Mass upload shopee\foto-upload\toko2\jibbitz\JB-0000060.png,https://cdn.jsdelivr.net/gh/dennypa77/mass-upload@main/foto-upload/toko2/jibbitz/JB-0000060.png,235169
Kaitin.aja,toko2,JIBBITZ,JB-0000061,varian,E:\Project\Mass upload shopee\foto-upload\toko2\jibbitz\JB-0000061.png,https://cdn.jsdelivr.net/gh/dennypa77/mass-upload@main/foto-upload/toko2/jibbitz/JB-0000061.png,260385
Kaitin.aja,toko2,JIBBITZ,JB-0000062,varian,E:\Project\Mass upload shopee\foto-upload\toko2\jibbitz\JB-0000062.png,https://cdn.jsdelivr.net/gh/dennypa77/mass-upload@main/foto-upload/toko2/jibbitz/JB-0000062.png,240247
Kaitin.aja,toko2,JIBBITZ,JB-0000063,varian,E:\Project\Mass upload shopee\foto-upload\toko2\jibbitz\JB-0000063.png,https://cdn.jsdelivr.net/gh/dennypa77/mass-upload@main/foto-upload/toko2/jibbitz/JB-0000063.png,243943
Kaitin.aja,toko2,JIBBITZ,JB-0000064,varian,E:\Project\Mass upload shopee\foto-upload\toko2\jibbitz\JB-0000064.png,https://cdn.jsdelivr.net/gh/dennypa77/mass-upload@main/foto-upload/toko2/jibbitz/JB-0000064.png,249843
Kaitin.aja,toko2,JIBBITZ,JB-0000065,varian,E:\Project\Mass upload shopee\foto-upload\toko2\jibbitz\JB-0000065.png,https://cdn.jsdelivr.net/gh/dennypa77/mass-upload@main/foto-upload/toko2/jibbitz/JB-0000065.png,190981
Kaitin.aja,toko2,JIBBITZ,JB-0000066,varian,E:\Project\Mass upload shopee\foto-upload\toko2\jibbitz\JB-0000066.png,https://cdn.jsdelivr.net/gh/dennypa77/mass-upload@main/foto-upload/toko2/jibbitz/JB-0000066.png,202022
Kaitin.aja,toko2,JIBBITZ,JB-0000067,varian,E:\Project\Mass upload shopee\foto-upload\toko2\jibbitz\JB-0000067.png,https://cdn.jsdelivr.net/gh/dennypa77/mass-upload@main/foto-upload/toko2/jibbitz/JB-0000067.png,207176
Kaitin.aja,toko2,JIBBITZ,JB-0000068,varian,E:\Project\Mass upload shopee\foto-upload\toko2\jibbitz\JB-0000068.png,https://cdn.jsdelivr.net/gh/dennypa77/mass-upload@main/foto-upload/toko2/jibbitz/JB-0000068.png,198280
Kaitin.aja,toko2,JIBBITZ,JB-0000069,varian,E:\Project\Mass upload shopee\foto-upload\toko2\jibbitz\JB-0000069.png,https://cdn.jsdelivr.net/gh/dennypa77/mass-upload@main/foto-upload/toko2/jibbitz/JB-0000069.png,204885
Kaitin.aja,toko2,JIBBITZ,JB-0000070,varian,E:\Project\Mass upload shopee\foto-upload\toko2\jibbitz\JB-0000070.png,https://cdn.jsdelivr.net/gh/dennypa77/mass-upload@main/foto-upload/toko2/jibbitz/JB-0000070.png,208717
Kaitin.aja,toko2,JIBBITZ,JB-0000071,varian,E:\Project\Mass upload shopee\foto-upload\toko2\jibbitz\JB-0000071.png,https://cdn.jsdelivr.net/gh/dennypa77/mass-upload@main/foto-upload/toko2/jibbitz/JB-0000071.png,196914
Kaitin.aja,toko2,JIBBITZ,JB-0000072,varian,E:\Project\Mass upload shopee\foto-upload\toko2\jibbitz\JB-0000072.png,https://cdn.jsdelivr.net/gh/dennypa77/mass-upload@main/foto-upload/toko2/jibbitz/JB-0000072.png,191235
Kaitin.aja,toko2,JIBBITZ,JB-0000073,varian,E:\Project\Mass upload shopee\foto-upload\toko2\jibbitz\JB-0000073.png,https://cdn.jsdelivr.net/gh/dennypa77/mass-upload@main/foto-upload/toko2/jibbitz/JB-0000073.png,183418
Kaitin.aja,toko2,JIBBITZ,JB-0000074,varian,E:\Project\Mass upload shopee\foto-upload\toko2\jibbitz\JB-0000074.png,https://cdn.jsdelivr.net/gh/dennypa77/mass-upload@main/foto-upload/toko2/jibbitz/JB-0000074.png,184834
Kaitin.aja,toko2,JIBBITZ,JB-0000075,varian,E:\Project\Mass upload shopee\foto-upload\toko2\jibbitz\JB-0000075.png,https://cdn.jsdelivr.net/gh/dennypa77/mass-upload@main/foto-upload/toko2/jibbitz/JB-0000075.png,192572
Kaitin.aja,toko2,JIBBITZ,JB-0000076,varian,E:\Project\Mass upload shopee\foto-upload\toko2\jibbitz\JB-0000076.png,https://cdn.jsdelivr.net/gh/dennypa77/mass-upload@main/foto-upload/toko2/jibbitz/JB-0000076.png,184357
Kaitin.aja,toko2,JIBBITZ,JB-0000077,varian,E:\Project\Mass upload shopee\foto-upload\toko2\jibbitz\JB-0000077.png,https://cdn.jsdelivr.net/gh/dennypa77/mass-upload@main/foto-upload/toko2/jibbitz/JB-0000077.png,187552
Kaitin.aja,toko2,JIBBITZ,JB-0000078,varian,E:\Project\Mass upload shopee\foto-upload\toko2\jibbitz\JB-0000078.png,https://cdn.jsdelivr.net/gh/dennypa77/mass-upload@main/foto-upload/toko2/jibbitz/JB-0000078.png,191425
Kaitin.aja,toko2,JIBBITZ,JB-0000079,varian,E:\Project\Mass upload shopee\foto-upload\toko2\jibbitz\JB-0000079.png,https://cdn.jsdelivr.net/gh/dennypa77/mass-upload@main/foto-upload/toko2/jibbitz/JB-0000079.png,244587
Kaitin.aja,toko2,JIBBITZ,JB-0000080,varian,E:\Project\Mass upload shopee\foto-upload\toko2\jibbitz\JB-0000080.png,https://cdn.jsdelivr.net/gh/dennypa77/mass-upload@main/foto-upload/toko2/jibbitz/JB-0000080.png,261560
Kaitin.aja,toko2,JIBBITZ,JB-0000081,varian,E:\Project\Mass upload shopee\foto-upload\toko2\jibbitz\JB-0000081.png,https://cdn.jsdelivr.net/gh/dennypa77/mass-upload@main/foto-upload/toko2/jibbitz/JB-0000081.png,310636
Kaitin.aja,toko2,JIBBITZ,JB-0000082,varian,E:\Project\Mass upload shopee\foto-upload\toko2\jibbitz\JB-0000082.png,https://cdn.jsdelivr.net/gh/dennypa77/mass-upload@main/foto-upload/toko2/jibbitz/JB-0000082.png,278602
Kaitin.aja,toko2,JIBBITZ,JB-0000083,varian,E:\Project\Mass upload shopee\foto-upload\toko2\jibbitz\JB-0000083.png,https://cdn.jsdelivr.net/gh/dennypa77/mass-upload@main/foto-upload/toko2/jibbitz/JB-0000083.png,252497
Kaitin.aja,toko2,JIBBITZ,JB-0000084,varian,E:\Project\Mass upload shopee\foto-upload\toko2\jibbitz\JB-0000084.png,https://cdn.jsdelivr.net/gh/dennypa77/mass-upload@main/foto-upload/toko2/jibbitz/JB-0000084.png,262576
Kaitin.aja,toko2,JIBBITZ,JB-0000085,varian,E:\Project\Mass upload shopee\foto-upload\toko2\jibbitz\JB-0000085.png,https://cdn.jsdelivr.net/gh/dennypa77/mass-upload@main/foto-upload/toko2/jibbitz/JB-0000085.png,269433
Kaitin.aja,toko2,JIBBITZ,JB-0000086,varian,E:\Project\Mass upload shopee\foto-upload\toko2\jibbitz\JB-0000086.png,https://cdn.jsdelivr.net/gh/dennypa77/mass-upload@main/foto-upload/toko2/jibbitz/JB-0000086.png,286493
Kaitin.aja,toko2,JIBBITZ,JB-0000087,varian,E:\Project\Mass upload shopee\foto-upload\toko2\jibbitz\JB-0000087.png,https://cdn.jsdelivr.net/gh/dennypa77/mass-upload@main/foto-upload/toko2/jibbitz/JB-0000087.png,208103
Kaitin.aja,toko2,JIBBITZ,JB-0000088,varian,E:\Project\Mass upload shopee\foto-upload\toko2\jibbitz\JB-0000088.png,https://cdn.jsdelivr.net/gh/dennypa77/mass-upload@main/foto-upload/toko2/jibbitz/JB-0000088.png,241433
Kaitin.aja,toko2,JIBBITZ,JB-0000089,varian,E:\Project\Mass upload shopee\foto-upload\toko2\jibbitz\JB-0000089.png,https://cdn.jsdelivr.net/gh/dennypa77/mass-upload@main/foto-upload/toko2/jibbitz/JB-0000089.png,185519
Kaitin.aja,toko2,JIBBITZ,JB-0000090,varian,E:\Project\Mass upload shopee\foto-upload\toko2\jibbitz\JB-0000090.png,https://cdn.jsdelivr.net/gh/dennypa77/mass-upload@main/foto-upload/toko2/jibbitz/JB-0000090.png,234060
Kaitin.aja,toko2,JIBBITZ,JB-0000091,varian,E:\Project\Mass upload shopee\foto-upload\toko2\jibbitz\JB-0000091.png,https://cdn.jsdelivr.net/gh/dennypa77/mass-upload@main/foto-upload/toko2/jibbitz/JB-0000091.png,228306
Kaitin.aja,toko2,JIBBITZ,JB-0000092,varian,E:\Project\Mass upload shopee\foto-upload\toko2\jibbitz\JB-0000092.png,https://cdn.jsdelivr.net/gh/dennypa77/mass-upload@main/foto-upload/toko2/jibbitz/JB-0000092.png,235594
Kaitin.aja,toko2,JIBBITZ,JB-0000093,varian,E:\Project\Mass upload shopee\foto-upload\toko2\jibbitz\JB-0000093.png,https://cdn.jsdelivr.net/gh/dennypa77/mass-upload@main/foto-upload/toko2/jibbitz/JB-0000093.png,268282
Kaitin.aja,toko2,JIBBITZ,JB-0000094,varian,E:\Project\Mass upload shopee\foto-upload\toko2\jibbitz\JB-0000094.png,https://cdn.jsdelivr.net/gh/dennypa77/mass-upload@main/foto-upload/toko2/jibbitz/JB-0000094.png,279563
Kaitin.aja,toko2,JIBBITZ,JB-0000095,varian,E:\Project\Mass upload shopee\foto-upload\toko2\jibbitz\JB-0000095.png,https://cdn.jsdelivr.net/gh/dennypa77/mass-upload@main/foto-upload/toko2/jibbitz/JB-0000095.png,276705
Kaitin.aja,toko2,JIBBITZ,JB-0000096,varian,E:\Project\Mass upload shopee\foto-upload\toko2\jibbitz\JB-0000096.png,https://cdn.jsdelivr.net/gh/dennypa77/mass-upload@main/foto-upload/toko2/jibbitz/JB-0000096.png,248606
Kaitin.aja,toko2,JIBBITZ,JB-0000097,varian,E:\Project\Mass upload shopee\foto-upload\toko2\jibbitz\JB-0000097.png,https://cdn.jsdelivr.net/gh/dennypa77/mass-upload@main/foto-upload/toko2/jibbitz/JB-0000097.png,243835
Kaitin.aja,toko2,JIBBITZ,JB-0000098,varian,E:\Project\Mass upload shopee\foto-upload\toko2\jibbitz\JB-0000098.png,https://cdn.jsdelivr.net/gh/dennypa77/mass-upload@main/foto-upload/toko2/jibbitz/JB-0000098.png,262136
Kaitin.aja,toko2,JIBBITZ,JB-0000099,varian,E:\Project\Mass upload shopee\foto-upload\toko2\jibbitz\JB-0000099.png,https://cdn.jsdelivr.net/gh/dennypa77/mass-upload@main/foto-upload/toko2/jibbitz/JB-0000099.png,252280
Kaitin.aja,toko2,JIBBITZ,JB-0000100,varian,E:\Project\Mass upload shopee\foto-upload\toko2\jibbitz\JB-0000100.png,https://cdn.jsdelivr.net/gh/dennypa77/mass-upload@main/foto-upload/toko2/jibbitz/JB-0000100.png,272848
Kaitin.aja,toko2,JIBBITZ,JB-0000151,varian,E:\Project\Mass upload shopee\foto-upload\toko2\jibbitz\JB-0000151.png,https://cdn.jsdelivr.net/gh/dennypa77/mass-upload@main/foto-upload/toko2/jibbitz/JB-0000151.png,217844
Kaitin.aja,toko2,JIBBITZ,JB-0000152,varian,E:\Project\Mass upload shopee\foto-upload\toko2\jibbitz\JB-0000152.png,https://cdn.jsdelivr.net/gh/dennypa77/mass-upload@main/foto-upload/toko2/jibbitz/JB-0000152.png,253345
Kaitin.aja,toko2,JIBBITZ,JB-0000153,varian,E:\Project\Mass upload shopee\foto-upload\toko2\jibbitz\JB-0000153.png,https://cdn.jsdelivr.net/gh/dennypa77/mass-upload@main/foto-upload/toko2/jibbitz/JB-0000153.png,243530
Kaitin.aja,toko2,JIBBITZ,JB-0000154,varian,E:\Project\Mass upload shopee\foto-upload\toko2\jibbitz\JB-0000154.png,https://cdn.jsdelivr.net/gh/dennypa77/mass-upload@main/foto-upload/toko2/jibbitz/JB-0000154.png,246128
Kaitin.aja,toko2,JIBBITZ,JB-0000155,varian,E:\Project\Mass upload shopee\foto-upload\toko2\jibbitz\JB-0000155.png,https://cdn.jsdelivr.net/gh/dennypa77/mass-upload@main/foto-upload/toko2/jibbitz/JB-0000155.png,283076
Kaitin.aja,toko2,JIBBITZ,JB-0000156,varian,E:\Project\Mass upload shopee\foto-upload\toko2\jibbitz\JB-0000156.png,https://cdn.jsdelivr.net/gh/dennypa77/mass-upload@main/foto-upload/toko2/jibbitz/JB-0000156.png,256883
Kaitin.aja,toko2,JIBBITZ,JB-0000157,varian,E:\Project\Mass upload shopee\foto-upload\toko2\jibbitz\JB-0000157.png,https://cdn.jsdelivr.net/gh/dennypa77/mass-upload@main/foto-upload/toko2/jibbitz/JB-0000157.png,306999
Kaitin.aja,toko2,JIBBITZ,JB-0000158,varian,E:\Project\Mass upload shopee\foto-upload\toko2\jibbitz\JB-0000158.png,https://cdn.jsdelivr.net/gh/dennypa77/mass-upload@main/foto-upload/toko2/jibbitz/JB-0000158.png,274822
Kaitin.aja,toko2,JIBBITZ,JB-0000159,varian,E:\Project\Mass upload shopee\foto-upload\toko2\jibbitz\JB-0000159.png,https://cdn.jsdelivr.net/gh/dennypa77/mass-upload@main/foto-upload/toko2/jibbitz/JB-0000159.png,226522
Kaitin.aja,toko2,JIBBITZ,JB-0000160,varian,E:\Project\Mass upload shopee\foto-upload\toko2\jibbitz\JB-0000160.png,https://cdn.jsdelivr.net/gh/dennypa77/mass-upload@main/foto-upload/toko2/jibbitz/JB-0000160.png,263424
Kaitin.aja,toko2,JIBBITZ,JB-0000161,varian,E:\Project\Mass upload shopee\foto-upload\toko2\jibbitz\JB-0000161.png,https://cdn.jsdelivr.net/gh/dennypa77/mass-upload@main/foto-upload/toko2/jibbitz/JB-0000161.png,179173
Kaitin.aja,toko2,JIBBITZ,JB-0000162,varian,E:\Project\Mass upload shopee\foto-upload\toko2\jibbitz\JB-0000162.png,https://cdn.jsdelivr.net/gh/dennypa77/mass-upload@main/foto-upload/toko2/jibbitz/JB-0000162.png,269218
Kaitin.aja,toko2,JIBBITZ,JB-0000163,varian,E:\Project\Mass upload shopee\foto-upload\toko2\jibbitz\JB-0000163.png,https://cdn.jsdelivr.net/gh/dennypa77/mass-upload@main/foto-upload/toko2/jibbitz/JB-0000163.png,243063
Kaitin.aja,toko2,JIBBITZ,JB-0000164,varian,E:\Project\Mass upload shopee\foto-upload\toko2\jibbitz\JB-0000164.png,https://cdn.jsdelivr.net/gh/dennypa77/mass-upload@main/foto-upload/toko2/jibbitz/JB-0000164.png,301457
Kaitin.aja,toko2,JIBBITZ,JB-0000165,varian,E:\Project\Mass upload shopee\foto-upload\toko2\jibbitz\JB-0000165.png,https://cdn.jsdelivr.net/gh/dennypa77/mass-upload@main/foto-upload/toko2/jibbitz/JB-0000165.png,249238
Kaitin.aja,toko2,JIBBITZ,JB-0000166,varian,E:\Project\Mass upload shopee\foto-upload\toko2\jibbitz\JB-0000166.png,https://cdn.jsdelivr.net/gh/dennypa77/mass-upload@main/foto-upload/toko2/jibbitz/JB-0000166.png,284490
Kaitin.aja,toko2,JIBBITZ,JB-0000167,varian,E:\Project\Mass upload shopee\foto-upload\toko2\jibbitz\JB-0000167.png,https://cdn.jsdelivr.net/gh/dennypa77/mass-upload@main/foto-upload/toko2/jibbitz/JB-0000167.png,254745
Kaitin.aja,toko2,JIBBITZ,JB-0000168,varian,E:\Project\Mass upload shopee\foto-upload\toko2\jibbitz\JB-0000168.png,https://cdn.jsdelivr.net/gh/dennypa77/mass-upload@main/foto-upload/toko2/jibbitz/JB-0000168.png,278512
Kaitin.aja,toko2,JIBBITZ,JB-0000169,varian,E:\Project\Mass upload shopee\foto-upload\toko2\jibbitz\JB-0000169.png,https://cdn.jsdelivr.net/gh/dennypa77/mass-upload@main/foto-upload/toko2/jibbitz/JB-0000169.png,242912
Kaitin.aja,toko2,JIBBITZ,JB-0000170,varian,E:\Project\Mass upload shopee\foto-upload\toko2\jibbitz\JB-0000170.png,https://cdn.jsdelivr.net/gh/dennypa77/mass-upload@main/foto-upload/toko2/jibbitz/JB-0000170.png,227246
Kaitin.aja,toko2,JIBBITZ,JB-0000171,varian,E:\Project\Mass upload shopee\foto-upload\toko2\jibbitz\JB-0000171.png,https://cdn.jsdelivr.net/gh/dennypa77/mass-upload@main/foto-upload/toko2/jibbitz/JB-0000171.png,210640
Kaitin.aja,toko2,JIBBITZ,JB-0000172,varian,E:\Project\Mass upload shopee\foto-upload\toko2\jibbitz\JB-0000172.png,https://cdn.jsdelivr.net/gh/dennypa77/mass-upload@main/foto-upload/toko2/jibbitz/JB-0000172.png,211316
Kaitin.aja,toko2,JIBBITZ,JB-0000173,varian,E:\Project\Mass upload shopee\foto-upload\toko2\jibbitz\JB-0000173.png,https://cdn.jsdelivr.net/gh/dennypa77/mass-upload@main/foto-upload/toko2/jibbitz/JB-0000173.png,246358
Kaitin.aja,toko2,JIBBITZ,JB-0000174,varian,E:\Project\Mass upload shopee\foto-upload\toko2\jibbitz\JB-0000174.png,https://cdn.jsdelivr.net/gh/dennypa77/mass-upload@main/foto-upload/toko2/jibbitz/JB-0000174.png,233497
Kaitin.aja,toko2,JIBBITZ,JB-0000175,varian,E:\Project\Mass upload shopee\foto-upload\toko2\jibbitz\JB-0000175.png,https://cdn.jsdelivr.net/gh/dennypa77/mass-upload@main/foto-upload/toko2/jibbitz/JB-0000175.png,258153
Kaitin.aja,toko2,JIBBITZ,JB-0000176,varian,E:\Project\Mass upload shopee\foto-upload\toko2\jibbitz\JB-0000176.png,https://cdn.jsdelivr.net/gh/dennypa77/mass-upload@main/foto-upload/toko2/jibbitz/JB-0000176.png,255928
Kaitin.aja,toko2,JIBBITZ,JB-0000177,varian,E:\Project\Mass upload shopee\foto-upload\toko2\jibbitz\JB-0000177.png,https://cdn.jsdelivr.net/gh/dennypa77/mass-upload@main/foto-upload/toko2/jibbitz/JB-0000177.png,247450
Kaitin.aja,toko2,JIBBITZ,JB-0000178,varian,E:\Project\Mass upload shopee\foto-upload\toko2\jibbitz\JB-0000178.png,https://cdn.jsdelivr.net/gh/dennypa77/mass-upload@main/foto-upload/toko2/jibbitz/JB-0000178.png,241304
Kaitin.aja,toko2,JIBBITZ,JB-0000179,varian,E:\Project\Mass upload shopee\foto-upload\toko2\jibbitz\JB-0000179.png,https://cdn.jsdelivr.net/gh/dennypa77/mass-upload@main/foto-upload/toko2/jibbitz/JB-0000179.png,292974
Kaitin.aja,toko2,JIBBITZ,JB-0000180,varian,E:\Project\Mass upload shopee\foto-upload\toko2\jibbitz\JB-0000180.png,https://cdn.jsdelivr.net/gh/dennypa77/mass-upload@main/foto-upload/toko2/jibbitz/JB-0000180.png,284689
Kaitin.aja,toko2,JIBBITZ,JB-0000181,varian,E:\Project\Mass upload shopee\foto-upload\toko2\jibbitz\JB-0000181.png,https://cdn.jsdelivr.net/gh/dennypa77/mass-upload@main/foto-upload/toko2/jibbitz/JB-0000181.png,202523
Kaitin.aja,toko2,JIBBITZ,JB-0000182,varian,E:\Project\Mass upload shopee\foto-upload\toko2\jibbitz\JB-0000182.png,https://cdn.jsdelivr.net/gh/dennypa77/mass-upload@main/foto-upload/toko2/jibbitz/JB-0000182.png,280283
Kaitin.aja,toko2,JIBBITZ,JB-0000183,varian,E:\Project\Mass upload shopee\foto-upload\toko2\jibbitz\JB-0000183.png,https://cdn.jsdelivr.net/gh/dennypa77/mass-upload@main/foto-upload/toko2/jibbitz/JB-0000183.png,252158
Kaitin.aja,toko2,JIBBITZ,JB-0000184,varian,E:\Project\Mass upload shopee\foto-upload\toko2\jibbitz\JB-0000184.png,https://cdn.jsdelivr.net/gh/dennypa77/mass-upload@main/foto-upload/toko2/jibbitz/JB-0000184.png,237671
Kaitin.aja,toko2,JIBBITZ,JB-0000185,varian,E:\Project\Mass upload shopee\foto-upload\toko2\jibbitz\JB-0000185.png,https://cdn.jsdelivr.net/gh/dennypa77/mass-upload@main/foto-upload/toko2/jibbitz/JB-0000185.png,230481
Kaitin.aja,toko2,JIBBITZ,JB-0000186,varian,E:\Project\Mass upload shopee\foto-upload\toko2\jibbitz\JB-0000186.png,https://cdn.jsdelivr.net/gh/dennypa77/mass-upload@main/foto-upload/toko2/jibbitz/JB-0000186.png,232430
Kaitin.aja,toko2,JIBBITZ,JB-0000187,varian,E:\Project\Mass upload shopee\foto-upload\toko2\jibbitz\JB-0000187.png,https://cdn.jsdelivr.net/gh/dennypa77/mass-upload@main/foto-upload/toko2/jibbitz/JB-0000187.png,232347
Kaitin.aja,toko2,JIBBITZ,JB-0000188,varian,E:\Project\Mass upload shopee\foto-upload\toko2\jibbitz\JB-0000188.png,https://cdn.jsdelivr.net/gh/dennypa77/mass-upload@main/foto-upload/toko2/jibbitz/JB-0000188.png,306549
Kaitin.aja,toko2,JIBBITZ,JB-0000189,varian,E:\Project\Mass upload shopee\foto-upload\toko2\jibbitz\JB-0000189.png,https://cdn.jsdelivr.net/gh/dennypa77/mass-upload@main/foto-upload/toko2/jibbitz/JB-0000189.png,217367
Kaitin.aja,toko2,JIBBITZ,JB-0000190,varian,E:\Project\Mass upload shopee\foto-upload\toko2\jibbitz\JB-0000190.png,https://cdn.jsdelivr.net/gh/dennypa77/mass-upload@main/foto-upload/toko2/jibbitz/JB-0000190.png,272411
Kaitin.aja,toko2,JIBBITZ,JB-0000191,varian,E:\Project\Mass upload shopee\foto-upload\toko2\jibbitz\JB-0000191.png,https://cdn.jsdelivr.net/gh/dennypa77/mass-upload@main/foto-upload/toko2/jibbitz/JB-0000191.png,167516
Kaitin.aja,toko2,JIBBITZ,JB-0000192,varian,E:\Project\Mass upload shopee\foto-upload\toko2\jibbitz\JB-0000192.png,https://cdn.jsdelivr.net/gh/dennypa77/mass-upload@main/foto-upload/toko2/jibbitz/JB-0000192.png,273381
Kaitin.aja,toko2,JIBBITZ,JB-0000193,varian,E:\Project\Mass upload shopee\foto-upload\toko2\jibbitz\JB-0000193.png,https://cdn.jsdelivr.net/gh/dennypa77/mass-upload@main/foto-upload/toko2/jibbitz/JB-0000193.png,314924
Kaitin.aja,toko2,JIBBITZ,JB-0000194,varian,E:\Project\Mass upload shopee\foto-upload\toko2\jibbitz\JB-0000194.png,https://cdn.jsdelivr.net/gh/dennypa77/mass-upload@main/foto-upload/toko2/jibbitz/JB-0000194.png,290438
Kaitin.aja,toko2,JIBBITZ,JB-0000195,varian,E:\Project\Mass upload shopee\foto-upload\toko2\jibbitz\JB-0000195.png,https://cdn.jsdelivr.net/gh/dennypa77/mass-upload@main/foto-upload/toko2/jibbitz/JB-0000195.png,334743
Kaitin.aja,toko2,JIBBITZ,JB-0000196,varian,E:\Project\Mass upload shopee\foto-upload\toko2\jibbitz\JB-0000196.png,https://cdn.jsdelivr.net/gh/dennypa77/mass-upload@main/foto-upload/toko2/jibbitz/JB-0000196.png,296130
Kaitin.aja,toko2,JIBBITZ,JB-0000197,varian,E:\Project\Mass upload shopee\foto-upload\toko2\jibbitz\JB-0000197.png,https://cdn.jsdelivr.net/gh/dennypa77/mass-upload@main/foto-upload/toko2/jibbitz/JB-0000197.png,209772
Kaitin.aja,toko2,JIBBITZ,JB-0000198,varian,E:\Project\Mass upload shopee\foto-upload\toko2\jibbitz\JB-0000198.png,https://cdn.jsdelivr.net/gh/dennypa77/mass-upload@main/foto-upload/toko2/jibbitz/JB-0000198.png,265951
Kaitin.aja,toko2,JIBBITZ,JB-0000199,varian,E:\Project\Mass upload shopee\foto-upload\toko2\jibbitz\JB-0000199.png,https://cdn.jsdelivr.net/gh/dennypa77/mass-upload@main/foto-upload/toko2/jibbitz/JB-0000199.png,254744
Kaitin.aja,toko2,JIBBITZ,JB-0000200,varian,E:\Project\Mass upload shopee\foto-upload\toko2\jibbitz\JB-0000200.png,https://cdn.jsdelivr.net/gh/dennypa77/mass-upload@main/foto-upload/toko2/jibbitz/JB-0000200.png,238984
Kaitin.aja,toko2,JIBBITZ,JB-0000201,varian,E:\Project\Mass upload shopee\foto-upload\toko2\jibbitz\JB-0000201.png,https://cdn.jsdelivr.net/gh/dennypa77/mass-upload@main/foto-upload/toko2/jibbitz/JB-0000201.png,725778
Kaitin.aja,toko2,JIBBITZ,JB-0000202,varian,E:\Project\Mass upload shopee\foto-upload\toko2\jibbitz\JB-0000202.png,https://cdn.jsdelivr.net/gh/dennypa77/mass-upload@main/foto-upload/toko2/jibbitz/JB-0000202.png,711744
Kaitin.aja,toko2,JIBBITZ,JB-0000203,varian,E:\Project\Mass upload shopee\foto-upload\toko2\jibbitz\JB-0000203.png,https://cdn.jsdelivr.net/gh/dennypa77/mass-upload@main/foto-upload/toko2/jibbitz/JB-0000203.png,675503
Kaitin.aja,toko2,JIBBITZ,JB-0000204,varian,E:\Project\Mass upload shopee\foto-upload\toko2\jibbitz\JB-0000204.png,https://cdn.jsdelivr.net/gh/dennypa77/mass-upload@main/foto-upload/toko2/jibbitz/JB-0000204.png,724995
Kaitin.aja,toko2,JIBBITZ,JB-0000205,varian,E:\Project\Mass upload shopee\foto-upload\toko2\jibbitz\JB-0000205.png,https://cdn.jsdelivr.net/gh/dennypa77/mass-upload@main/foto-upload/toko2/jibbitz/JB-0000205.png,718465
Kaitin.aja,toko2,JIBBITZ,JB-0000206,varian,E:\Project\Mass upload shopee\foto-upload\toko2\jibbitz\JB-0000206.png,https://cdn.jsdelivr.net/gh/dennypa77/mass-upload@main/foto-upload/toko2/jibbitz/JB-0000206.png,688950
Kaitin.aja,toko2,JIBBITZ,JB-0000207,varian,E:\Project\Mass upload shopee\foto-upload\toko2\jibbitz\JB-0000207.png,https://cdn.jsdelivr.net/gh/dennypa77/mass-upload@main/foto-upload/toko2/jibbitz/JB-0000207.png,682642
Kaitin.aja,toko2,JIBBITZ,JB-0000208,varian,E:\Project\Mass upload shopee\foto-upload\toko2\jibbitz\JB-0000208.png,https://cdn.jsdelivr.net/gh/dennypa77/mass-upload@main/foto-upload/toko2/jibbitz/JB-0000208.png,766279
Kaitin.aja,toko2,JIBBITZ,JB-0000209,varian,E:\Project\Mass upload shopee\foto-upload\toko2\jibbitz\JB-0000209.png,https://cdn.jsdelivr.net/gh/dennypa77/mass-upload@main/foto-upload/toko2/jibbitz/JB-0000209.png,719567
Kaitin.aja,toko2,JIBBITZ,JB-0000210,varian,E:\Project\Mass upload shopee\foto-upload\toko2\jibbitz\JB-0000210.png,https://cdn.jsdelivr.net/gh/dennypa77/mass-upload@main/foto-upload/toko2/jibbitz/JB-0000210.png,769707
Kaitin.aja,toko2,JIBBITZ,JB-0000211,varian,E:\Project\Mass upload shopee\foto-upload\toko2\jibbitz\JB-0000211.png,https://cdn.jsdelivr.net/gh/dennypa77/mass-upload@main/foto-upload/toko2/jibbitz/JB-0000211.png,681859
Kaitin.aja,toko2,JIBBITZ,JB-0000212,varian,E:\Project\Mass upload shopee\foto-upload\toko2\jibbitz\JB-0000212.png,https://cdn.jsdelivr.net/gh/dennypa77/mass-upload@main/foto-upload/toko2/jibbitz/JB-0000212.png,784482
Kaitin.aja,toko2,JIBBITZ,JB-0000213,varian,E:\Project\Mass upload shopee\foto-upload\toko2\jibbitz\JB-0000213.png,https://cdn.jsdelivr.net/gh/dennypa77/mass-upload@main/foto-upload/toko2/jibbitz/JB-0000213.png,651892
Kaitin.aja,toko2,JIBBITZ,JB-0000214,varian,E:\Project\Mass upload shopee\foto-upload\toko2\jibbitz\JB-0000214.png,https://cdn.jsdelivr.net/gh/dennypa77/mass-upload@main/foto-upload/toko2/jibbitz/JB-0000214.png,592915
Kaitin.aja,toko2,JIBBITZ,JB-0000215,varian,E:\Project\Mass upload shopee\foto-upload\toko2\jibbitz\JB-0000215.png,https://cdn.jsdelivr.net/gh/dennypa77/mass-upload@main/foto-upload/toko2/jibbitz/JB-0000215.png,831999
Kaitin.aja,toko2,JIBBITZ,JB-0000216,varian,E:\Project\Mass upload shopee\foto-upload\toko2\jibbitz\JB-0000216.png,https://cdn.jsdelivr.net/gh/dennypa77/mass-upload@main/foto-upload/toko2/jibbitz/JB-0000216.png,590740
Kaitin.aja,toko2,JIBBITZ,JB-0000217,varian,E:\Project\Mass upload shopee\foto-upload\toko2\jibbitz\JB-0000217.png,https://cdn.jsdelivr.net/gh/dennypa77/mass-upload@main/foto-upload/toko2/jibbitz/JB-0000217.png,668744
Kaitin.aja,toko2,JIBBITZ,JB-0000218,varian,E:\Project\Mass upload shopee\foto-upload\toko2\jibbitz\JB-0000218.png,https://cdn.jsdelivr.net/gh/dennypa77/mass-upload@main/foto-upload/toko2/jibbitz/JB-0000218.png,641107
Kaitin.aja,toko2,JIBBITZ,JB-0000219,varian,E:\Project\Mass upload shopee\foto-upload\toko2\jibbitz\JB-0000219.png,https://cdn.jsdelivr.net/gh/dennypa77/mass-upload@main/foto-upload/toko2/jibbitz/JB-0000219.png,642423
Kaitin.aja,toko2,JIBBITZ,JB-0000220,varian,E:\Project\Mass upload shopee\foto-upload\toko2\jibbitz\JB-0000220.png,https://cdn.jsdelivr.net/gh/dennypa77/mass-upload@main/foto-upload/toko2/jibbitz/JB-0000220.png,711160
Kaitin.aja,toko2,JIBBITZ,JB-0000221,varian,E:\Project\Mass upload shopee\foto-upload\toko2\jibbitz\JB-0000221.png,https://cdn.jsdelivr.net/gh/dennypa77/mass-upload@main/foto-upload/toko2/jibbitz/JB-0000221.png,516458
Kaitin.aja,toko2,JIBBITZ,JB-0000222,varian,E:\Project\Mass upload shopee\foto-upload\toko2\jibbitz\JB-0000222.png,https://cdn.jsdelivr.net/gh/dennypa77/mass-upload@main/foto-upload/toko2/jibbitz/JB-0000222.png,677477
Kaitin.aja,toko2,JIBBITZ,JB-0000223,varian,E:\Project\Mass upload shopee\foto-upload\toko2\jibbitz\JB-0000223.png,https://cdn.jsdelivr.net/gh/dennypa77/mass-upload@main/foto-upload/toko2/jibbitz/JB-0000223.png,761205
Kaitin.aja,toko2,JIBBITZ,JB-0000224,varian,E:\Project\Mass upload shopee\foto-upload\toko2\jibbitz\JB-0000224.png,https://cdn.jsdelivr.net/gh/dennypa77/mass-upload@main/foto-upload/toko2/jibbitz/JB-0000224.png,693695
Kaitin.aja,toko2,JIBBITZ,JB-0000225,varian,E:\Project\Mass upload shopee\foto-upload\toko2\jibbitz\JB-0000225.png,https://cdn.jsdelivr.net/gh/dennypa77/mass-upload@main/foto-upload/toko2/jibbitz/JB-0000225.png,685536
Kaitin.aja,toko2,JIBBITZ,JB-0000226,varian,E:\Project\Mass upload shopee\foto-upload\toko2\jibbitz\JB-0000226.png,https://cdn.jsdelivr.net/gh/dennypa77/mass-upload@main/foto-upload/toko2/jibbitz/JB-0000226.png,589982
Kaitin.aja,toko2,JIBBITZ,JB-0000227,varian,E:\Project\Mass upload shopee\foto-upload\toko2\jibbitz\JB-0000227.png,https://cdn.jsdelivr.net/gh/dennypa77/mass-upload@main/foto-upload/toko2/jibbitz/JB-0000227.png,616845
Kaitin.aja,toko2,JIBBITZ,JB-0000228,varian,E:\Project\Mass upload shopee\foto-upload\toko2\jibbitz\JB-0000228.png,https://cdn.jsdelivr.net/gh/dennypa77/mass-upload@main/foto-upload/toko2/jibbitz/JB-0000228.png,551467
Kaitin.aja,toko2,JIBBITZ,JB-0000229,varian,E:\Project\Mass upload shopee\foto-upload\toko2\jibbitz\JB-0000229.png,https://cdn.jsdelivr.net/gh/dennypa77/mass-upload@main/foto-upload/toko2/jibbitz/JB-0000229.png,814921
Kaitin.aja,toko2,JIBBITZ,JB-0000230,varian,E:\Project\Mass upload shopee\foto-upload\toko2\jibbitz\JB-0000230.png,https://cdn.jsdelivr.net/gh/dennypa77/mass-upload@main/foto-upload/toko2/jibbitz/JB-0000230.png,660803
Kaitin.aja,toko2,JIBBITZ,JB-0000231,varian,E:\Project\Mass upload shopee\foto-upload\toko2\jibbitz\JB-0000231.png,https://cdn.jsdelivr.net/gh/dennypa77/mass-upload@main/foto-upload/toko2/jibbitz/JB-0000231.png,548611
Kaitin.aja,toko2,JIBBITZ,JB-0000232,varian,E:\Project\Mass upload shopee\foto-upload\toko2\jibbitz\JB-0000232.png,https://cdn.jsdelivr.net/gh/dennypa77/mass-upload@main/foto-upload/toko2/jibbitz/JB-0000232.png,622363
Kaitin.aja,toko2,JIBBITZ,JB-0000233,varian,E:\Project\Mass upload shopee\foto-upload\toko2\jibbitz\JB-0000233.png,https://cdn.jsdelivr.net/gh/dennypa77/mass-upload@main/foto-upload/toko2/jibbitz/JB-0000233.png,631430
Kaitin.aja,toko2,JIBBITZ,JB-0000234,varian,E:\Project\Mass upload shopee\foto-upload\toko2\jibbitz\JB-0000234.png,https://cdn.jsdelivr.net/gh/dennypa77/mass-upload@main/foto-upload/toko2/jibbitz/JB-0000234.png,649597
Kaitin.aja,toko2,JIBBITZ,JB-0000235,varian,E:\Project\Mass upload shopee\foto-upload\toko2\jibbitz\JB-0000235.png,https://cdn.jsdelivr.net/gh/dennypa77/mass-upload@main/foto-upload/toko2/jibbitz/JB-0000235.png,635948
Kaitin.aja,toko2,JIBBITZ,JB-0000236,varian,E:\Project\Mass upload shopee\foto-upload\toko2\jibbitz\JB-0000236.png,https://cdn.jsdelivr.net/gh/dennypa77/mass-upload@main/foto-upload/toko2/jibbitz/JB-0000236.png,554031
Kaitin.aja,toko2,JIBBITZ,JB-0000237,varian,E:\Project\Mass upload shopee\foto-upload\toko2\jibbitz\JB-0000237.png,https://cdn.jsdelivr.net/gh/dennypa77/mass-upload@main/foto-upload/toko2/jibbitz/JB-0000237.png,569691
Kaitin.aja,toko2,JIBBITZ,JB-0000238,varian,E:\Project\Mass upload shopee\foto-upload\toko2\jibbitz\JB-0000238.png,https://cdn.jsdelivr.net/gh/dennypa77/mass-upload@main/foto-upload/toko2/jibbitz/JB-0000238.png,569666
Kaitin.aja,toko2,JIBBITZ,JB-0000239,varian,E:\Project\Mass upload shopee\foto-upload\toko2\jibbitz\JB-0000239.png,https://cdn.jsdelivr.net/gh/dennypa77/mass-upload@main/foto-upload/toko2/jibbitz/JB-0000239.png,640444
Kaitin.aja,toko2,JIBBITZ,JB-0000240,varian,E:\Project\Mass upload shopee\foto-upload\toko2\jibbitz\JB-0000240.png,https://cdn.jsdelivr.net/gh/dennypa77/mass-upload@main/foto-upload/toko2/jibbitz/JB-0000240.png,663861
Kaitin.aja,toko2,JIBBITZ,JB-0000241,varian,E:\Project\Mass upload shopee\foto-upload\toko2\jibbitz\JB-0000241.png,https://cdn.jsdelivr.net/gh/dennypa77/mass-upload@main/foto-upload/toko2/jibbitz/JB-0000241.png,651887
Kaitin.aja,toko2,JIBBITZ,JB-0000242,varian,E:\Project\Mass upload shopee\foto-upload\toko2\jibbitz\JB-0000242.png,https://cdn.jsdelivr.net/gh/dennypa77/mass-upload@main/foto-upload/toko2/jibbitz/JB-0000242.png,689828
Kaitin.aja,toko2,JIBBITZ,JB-0000243,varian,E:\Project\Mass upload shopee\foto-upload\toko2\jibbitz\JB-0000243.png,https://cdn.jsdelivr.net/gh/dennypa77/mass-upload@main/foto-upload/toko2/jibbitz/JB-0000243.png,671933
Kaitin.aja,toko2,JIBBITZ,JB-0000244,varian,E:\Project\Mass upload shopee\foto-upload\toko2\jibbitz\JB-0000244.png,https://cdn.jsdelivr.net/gh/dennypa77/mass-upload@main/foto-upload/toko2/jibbitz/JB-0000244.png,799526
Kaitin.aja,toko2,JIBBITZ,JB-0000245,varian,E:\Project\Mass upload shopee\foto-upload\toko2\jibbitz\JB-0000245.png,https://cdn.jsdelivr.net/gh/dennypa77/mass-upload@main/foto-upload/toko2/jibbitz/JB-0000245.png,600856
Kaitin.aja,toko2,JIBBITZ,JB-0000246,varian,E:\Project\Mass upload shopee\foto-upload\toko2\jibbitz\JB-0000246.png,https://cdn.jsdelivr.net/gh/dennypa77/mass-upload@main/foto-upload/toko2/jibbitz/JB-0000246.png,734471
Kaitin.aja,toko2,JIBBITZ,JB-0000247,varian,E:\Project\Mass upload shopee\foto-upload\toko2\jibbitz\JB-0000247.png,https://cdn.jsdelivr.net/gh/dennypa77/mass-upload@main/foto-upload/toko2/jibbitz/JB-0000247.png,688353
Kaitin.aja,toko2,JIBBITZ,JB-0000248,varian,E:\Project\Mass upload shopee\foto-upload\toko2\jibbitz\JB-0000248.png,https://cdn.jsdelivr.net/gh/dennypa77/mass-upload@main/foto-upload/toko2/jibbitz/JB-0000248.png,706370
Kaitin.aja,toko2,JIBBITZ,JB-0000249,varian,E:\Project\Mass upload shopee\foto-upload\toko2\jibbitz\JB-0000249.png,https://cdn.jsdelivr.net/gh/dennypa77/mass-upload@main/foto-upload/toko2/jibbitz/JB-0000249.png,544417
Kaitin.aja,toko2,JIBBITZ,JB-0000250,varian,E:\Project\Mass upload shopee\foto-upload\toko2\jibbitz\JB-0000250.png,https://cdn.jsdelivr.net/gh/dennypa77/mass-upload@main/foto-upload/toko2/jibbitz/JB-0000250.png,544844
Kaitin.aja,toko2,JIBBITZ,JB-BLACKPINK-UTAMA1,utama,E:\Project\Mass upload shopee\foto-upload\toko2\jibbitz\JB-BLACKPINK-utama1.png,https://cdn.jsdelivr.net/gh/dennypa77/mass-upload@main/foto-upload/toko2/jibbitz/JB-BLACKPINK-utama1.png,1812437
Kaitin.aja,toko2,JIBBITZ,JB-BLACKPINK-UTAMA2,utama,E:\Project\Mass upload shopee\foto-upload\toko2\jibbitz\JB-BLACKPINK-utama2.png,https://cdn.jsdelivr.net/gh/dennypa77/mass-upload@main/foto-upload/toko2/jibbitz/JB-BLACKPINK-utama2.png,864703
Kaitin.aja,toko2,JIBBITZ,JB-BLACKPINK-UTAMA3,utama,E:\Project\Mass upload shopee\foto-upload\toko2\jibbitz\JB-BLACKPINK-utama3.png,https://cdn.jsdelivr.net/gh/dennypa77/mass-upload@main/foto-upload/toko2/jibbitz/JB-BLACKPINK-utama3.png,1423736
Kaitin.aja,toko2,JIBBITZ,JB-BTS-UTAMA1,utama,E:\Project\Mass upload shopee\foto-upload\toko2\jibbitz\JB-BTS-utama1.png,https://cdn.jsdelivr.net/gh/dennypa77/mass-upload@main/foto-upload/toko2/jibbitz/JB-BTS-utama1.png,1593022
Kaitin.aja,toko2,JIBBITZ,JB-BTS-UTAMA2,utama,E:\Project\Mass upload shopee\foto-upload\toko2\jibbitz\JB-BTS-utama2.png,https://cdn.jsdelivr.net/gh/dennypa77/mass-upload@main/foto-upload/toko2/jibbitz/JB-BTS-utama2.png,861307
Kaitin.aja,toko2,JIBBITZ,JB-BTS-UTAMA3,utama,E:\Project\Mass upload shopee\foto-upload\toko2\jibbitz\JB-BTS-utama3.png,https://cdn.jsdelivr.net/gh/dennypa77/mass-upload@main/foto-upload/toko2/jibbitz/JB-BTS-utama3.png,1418299
Kaitin.aja,toko2,JIBBITZ,JB-CORTIS-UTAMA1,utama,E:\Project\Mass upload shopee\foto-upload\toko2\jibbitz\JB-CORTIS-utama1.png,https://cdn.jsdelivr.net/gh/dennypa77/mass-upload@main/foto-upload/toko2/jibbitz/JB-CORTIS-utama1.png,1701759
Kaitin.aja,toko2,JIBBITZ,JB-CORTIS-UTAMA2,utama,E:\Project\Mass upload shopee\foto-upload\toko2\jibbitz\JB-CORTIS-utama2.png,https://cdn.jsdelivr.net/gh/dennypa77/mass-upload@main/foto-upload/toko2/jibbitz/JB-CORTIS-utama2.png,1338503
Kaitin.aja,toko2,JIBBITZ,JB-CORTIS-UTAMA3,utama,E:\Project\Mass upload shopee\foto-upload\toko2\jibbitz\JB-CORTIS-utama3.png,https://cdn.jsdelivr.net/gh/dennypa77/mass-upload@main/foto-upload/toko2/jibbitz/JB-CORTIS-utama3.png,1578351
Kaitin.aja,toko2,JIBBITZ,JB-HEARTS2HEARTS-UTAMA1,utama,E:\Project\Mass upload shopee\foto-upload\toko2\jibbitz\JB-HEARTS2HEARTS-utama1.png,https://cdn.jsdelivr.net/gh/dennypa77/mass-upload@main/foto-upload/toko2/jibbitz/JB-HEARTS2HEARTS-utama1.png,1784537
Kaitin.aja,toko2,JIBBITZ,JB-HEARTS2HEARTS-UTAMA2,utama,E:\Project\Mass upload shopee\foto-upload\toko2\jibbitz\JB-HEARTS2HEARTS-utama2.png,https://cdn.jsdelivr.net/gh/dennypa77/mass-upload@main/foto-upload/toko2/jibbitz/JB-HEARTS2HEARTS-utama2.png,1319398
Kaitin.aja,toko2,JIBBITZ,JB-HEARTS2HEARTS-UTAMA3,utama,E:\Project\Mass upload shopee\foto-upload\toko2\jibbitz\JB-HEARTS2HEARTS-utama3.png,https://cdn.jsdelivr.net/gh/dennypa77/mass-upload@main/foto-upload/toko2/jibbitz/JB-HEARTS2HEARTS-utama3.png,1562757
Kaitin.aja,toko2,PIN AKRILIK,PA-0000001,varian,E:\Project\Mass upload shopee\foto-upload\toko2\pin-akrilik\PA-0000001.png,https://cdn.jsdelivr.net/gh/dennypa77/mass-upload@main/foto-upload/toko2/pin-akrilik/PA-0000001.png,285447
Kaitin.aja,toko2,PIN AKRILIK,PA-0000002,varian,E:\Project\Mass upload shopee\foto-upload\toko2\pin-akrilik\PA-0000002.png,https://cdn.jsdelivr.net/gh/dennypa77/mass-upload@main/foto-upload/toko2/pin-akrilik/PA-0000002.png,252505
Kaitin.aja,toko2,PIN AKRILIK,PA-0000003,varian,E:\Project\Mass upload shopee\foto-upload\toko2\pin-akrilik\PA-0000003.png,https://cdn.jsdelivr.net/gh/dennypa77/mass-upload@main/foto-upload/toko2/pin-akrilik/PA-0000003.png,254227
Kaitin.aja,toko2,PIN AKRILIK,PA-0000004,varian,E:\Project\Mass upload shopee\foto-upload\toko2\pin-akrilik\PA-0000004.png,https://cdn.jsdelivr.net/gh/dennypa77/mass-upload@main/foto-upload/toko2/pin-akrilik/PA-0000004.png,242696
Kaitin.aja,toko2,PIN AKRILIK,PA-0000005,varian,E:\Project\Mass upload shopee\foto-upload\toko2\pin-akrilik\PA-0000005.png,https://cdn.jsdelivr.net/gh/dennypa77/mass-upload@main/foto-upload/toko2/pin-akrilik/PA-0000005.png,268612
Kaitin.aja,toko2,PIN AKRILIK,PA-0000006,varian,E:\Project\Mass upload shopee\foto-upload\toko2\pin-akrilik\PA-0000006.png,https://cdn.jsdelivr.net/gh/dennypa77/mass-upload@main/foto-upload/toko2/pin-akrilik/PA-0000006.png,200138
Kaitin.aja,toko2,PIN AKRILIK,PA-0000007,varian,E:\Project\Mass upload shopee\foto-upload\toko2\pin-akrilik\PA-0000007.png,https://cdn.jsdelivr.net/gh/dennypa77/mass-upload@main/foto-upload/toko2/pin-akrilik/PA-0000007.png,258196
Kaitin.aja,toko2,PIN AKRILIK,PA-0000008,varian,E:\Project\Mass upload shopee\foto-upload\toko2\pin-akrilik\PA-0000008.png,https://cdn.jsdelivr.net/gh/dennypa77/mass-upload@main/foto-upload/toko2/pin-akrilik/PA-0000008.png,254296
Kaitin.aja,toko2,PIN AKRILIK,PA-0000009,varian,E:\Project\Mass upload shopee\foto-upload\toko2\pin-akrilik\PA-0000009.png,https://cdn.jsdelivr.net/gh/dennypa77/mass-upload@main/foto-upload/toko2/pin-akrilik/PA-0000009.png,232351
Kaitin.aja,toko2,PIN AKRILIK,PA-0000010,varian,E:\Project\Mass upload shopee\foto-upload\toko2\pin-akrilik\PA-0000010.png,https://cdn.jsdelivr.net/gh/dennypa77/mass-upload@main/foto-upload/toko2/pin-akrilik/PA-0000010.png,249742
Kaitin.aja,toko2,PIN AKRILIK,PA-0000011,varian,E:\Project\Mass upload shopee\foto-upload\toko2\pin-akrilik\PA-0000011.png,https://cdn.jsdelivr.net/gh/dennypa77/mass-upload@main/foto-upload/toko2/pin-akrilik/PA-0000011.png,214627
Kaitin.aja,toko2,PIN AKRILIK,PA-0000012,varian,E:\Project\Mass upload shopee\foto-upload\toko2\pin-akrilik\PA-0000012.png,https://cdn.jsdelivr.net/gh/dennypa77/mass-upload@main/foto-upload/toko2/pin-akrilik/PA-0000012.png,189393
Kaitin.aja,toko2,PIN AKRILIK,PA-0000013,varian,E:\Project\Mass upload shopee\foto-upload\toko2\pin-akrilik\PA-0000013.png,https://cdn.jsdelivr.net/gh/dennypa77/mass-upload@main/foto-upload/toko2/pin-akrilik/PA-0000013.png,233835
Kaitin.aja,toko2,PIN AKRILIK,PA-0000014,varian,E:\Project\Mass upload shopee\foto-upload\toko2\pin-akrilik\PA-0000014.png,https://cdn.jsdelivr.net/gh/dennypa77/mass-upload@main/foto-upload/toko2/pin-akrilik/PA-0000014.png,180311
Kaitin.aja,toko2,PIN AKRILIK,PA-0000015,varian,E:\Project\Mass upload shopee\foto-upload\toko2\pin-akrilik\PA-0000015.png,https://cdn.jsdelivr.net/gh/dennypa77/mass-upload@main/foto-upload/toko2/pin-akrilik/PA-0000015.png,223557
Kaitin.aja,toko2,PIN AKRILIK,PA-0000016,varian,E:\Project\Mass upload shopee\foto-upload\toko2\pin-akrilik\PA-0000016.png,https://cdn.jsdelivr.net/gh/dennypa77/mass-upload@main/foto-upload/toko2/pin-akrilik/PA-0000016.png,233102
Kaitin.aja,toko2,PIN AKRILIK,PA-0000017,varian,E:\Project\Mass upload shopee\foto-upload\toko2\pin-akrilik\PA-0000017.png,https://cdn.jsdelivr.net/gh/dennypa77/mass-upload@main/foto-upload/toko2/pin-akrilik/PA-0000017.png,205291
Kaitin.aja,toko2,PIN AKRILIK,PA-0000018,varian,E:\Project\Mass upload shopee\foto-upload\toko2\pin-akrilik\PA-0000018.png,https://cdn.jsdelivr.net/gh/dennypa77/mass-upload@main/foto-upload/toko2/pin-akrilik/PA-0000018.png,231058
Kaitin.aja,toko2,PIN AKRILIK,PA-0000019,varian,E:\Project\Mass upload shopee\foto-upload\toko2\pin-akrilik\PA-0000019.png,https://cdn.jsdelivr.net/gh/dennypa77/mass-upload@main/foto-upload/toko2/pin-akrilik/PA-0000019.png,192996
Kaitin.aja,toko2,PIN AKRILIK,PA-0000020,varian,E:\Project\Mass upload shopee\foto-upload\toko2\pin-akrilik\PA-0000020.png,https://cdn.jsdelivr.net/gh/dennypa77/mass-upload@main/foto-upload/toko2/pin-akrilik/PA-0000020.png,233604
Kaitin.aja,toko2,PIN AKRILIK,PA-0000021,varian,E:\Project\Mass upload shopee\foto-upload\toko2\pin-akrilik\PA-0000021.png,https://cdn.jsdelivr.net/gh/dennypa77/mass-upload@main/foto-upload/toko2/pin-akrilik/PA-0000021.png,228116
Kaitin.aja,toko2,PIN AKRILIK,PA-0000022,varian,E:\Project\Mass upload shopee\foto-upload\toko2\pin-akrilik\PA-0000022.png,https://cdn.jsdelivr.net/gh/dennypa77/mass-upload@main/foto-upload/toko2/pin-akrilik/PA-0000022.png,277319
Kaitin.aja,toko2,PIN AKRILIK,PA-0000023,varian,E:\Project\Mass upload shopee\foto-upload\toko2\pin-akrilik\PA-0000023.png,https://cdn.jsdelivr.net/gh/dennypa77/mass-upload@main/foto-upload/toko2/pin-akrilik/PA-0000023.png,224350
Kaitin.aja,toko2,PIN AKRILIK,PA-0000024,varian,E:\Project\Mass upload shopee\foto-upload\toko2\pin-akrilik\PA-0000024.png,https://cdn.jsdelivr.net/gh/dennypa77/mass-upload@main/foto-upload/toko2/pin-akrilik/PA-0000024.png,240128
Kaitin.aja,toko2,PIN AKRILIK,PA-0000025,varian,E:\Project\Mass upload shopee\foto-upload\toko2\pin-akrilik\PA-0000025.png,https://cdn.jsdelivr.net/gh/dennypa77/mass-upload@main/foto-upload/toko2/pin-akrilik/PA-0000025.png,258156
Kaitin.aja,toko2,PIN AKRILIK,PA-0000026,varian,E:\Project\Mass upload shopee\foto-upload\toko2\pin-akrilik\PA-0000026.png,https://cdn.jsdelivr.net/gh/dennypa77/mass-upload@main/foto-upload/toko2/pin-akrilik/PA-0000026.png,206613
Kaitin.aja,toko2,PIN AKRILIK,PA-0000027,varian,E:\Project\Mass upload shopee\foto-upload\toko2\pin-akrilik\PA-0000027.png,https://cdn.jsdelivr.net/gh/dennypa77/mass-upload@main/foto-upload/toko2/pin-akrilik/PA-0000027.png,220282
Kaitin.aja,toko2,PIN AKRILIK,PA-0000028,varian,E:\Project\Mass upload shopee\foto-upload\toko2\pin-akrilik\PA-0000028.png,https://cdn.jsdelivr.net/gh/dennypa77/mass-upload@main/foto-upload/toko2/pin-akrilik/PA-0000028.png,243096
Kaitin.aja,toko2,PIN AKRILIK,PA-0000029,varian,E:\Project\Mass upload shopee\foto-upload\toko2\pin-akrilik\PA-0000029.png,https://cdn.jsdelivr.net/gh/dennypa77/mass-upload@main/foto-upload/toko2/pin-akrilik/PA-0000029.png,246342
Kaitin.aja,toko2,PIN AKRILIK,PA-0000030,varian,E:\Project\Mass upload shopee\foto-upload\toko2\pin-akrilik\PA-0000030.png,https://cdn.jsdelivr.net/gh/dennypa77/mass-upload@main/foto-upload/toko2/pin-akrilik/PA-0000030.png,224682
Kaitin.aja,toko2,PIN AKRILIK,PA-0000031,varian,E:\Project\Mass upload shopee\foto-upload\toko2\pin-akrilik\PA-0000031.png,https://cdn.jsdelivr.net/gh/dennypa77/mass-upload@main/foto-upload/toko2/pin-akrilik/PA-0000031.png,199134
Kaitin.aja,toko2,PIN AKRILIK,PA-0000032,varian,E:\Project\Mass upload shopee\foto-upload\toko2\pin-akrilik\PA-0000032.png,https://cdn.jsdelivr.net/gh/dennypa77/mass-upload@main/foto-upload/toko2/pin-akrilik/PA-0000032.png,237654
Kaitin.aja,toko2,PIN AKRILIK,PA-0000033,varian,E:\Project\Mass upload shopee\foto-upload\toko2\pin-akrilik\PA-0000033.png,https://cdn.jsdelivr.net/gh/dennypa77/mass-upload@main/foto-upload/toko2/pin-akrilik/PA-0000033.png,258081
Kaitin.aja,toko2,PIN AKRILIK,PA-0000034,varian,E:\Project\Mass upload shopee\foto-upload\toko2\pin-akrilik\PA-0000034.png,https://cdn.jsdelivr.net/gh/dennypa77/mass-upload@main/foto-upload/toko2/pin-akrilik/PA-0000034.png,166521
Kaitin.aja,toko2,PIN AKRILIK,PA-0000035,varian,E:\Project\Mass upload shopee\foto-upload\toko2\pin-akrilik\PA-0000035.png,https://cdn.jsdelivr.net/gh/dennypa77/mass-upload@main/foto-upload/toko2/pin-akrilik/PA-0000035.png,213610
Kaitin.aja,toko2,PIN AKRILIK,PA-0000036,varian,E:\Project\Mass upload shopee\foto-upload\toko2\pin-akrilik\PA-0000036.png,https://cdn.jsdelivr.net/gh/dennypa77/mass-upload@main/foto-upload/toko2/pin-akrilik/PA-0000036.png,205103
Kaitin.aja,toko2,PIN AKRILIK,PA-0000037,varian,E:\Project\Mass upload shopee\foto-upload\toko2\pin-akrilik\PA-0000037.png,https://cdn.jsdelivr.net/gh/dennypa77/mass-upload@main/foto-upload/toko2/pin-akrilik/PA-0000037.png,226458
Kaitin.aja,toko2,PIN AKRILIK,PA-0000038,varian,E:\Project\Mass upload shopee\foto-upload\toko2\pin-akrilik\PA-0000038.png,https://cdn.jsdelivr.net/gh/dennypa77/mass-upload@main/foto-upload/toko2/pin-akrilik/PA-0000038.png,201019
Kaitin.aja,toko2,PIN AKRILIK,PA-0000039,varian,E:\Project\Mass upload shopee\foto-upload\toko2\pin-akrilik\PA-0000039.png,https://cdn.jsdelivr.net/gh/dennypa77/mass-upload@main/foto-upload/toko2/pin-akrilik/PA-0000039.png,212196
Kaitin.aja,toko2,PIN AKRILIK,PA-0000040,varian,E:\Project\Mass upload shopee\foto-upload\toko2\pin-akrilik\PA-0000040.png,https://cdn.jsdelivr.net/gh/dennypa77/mass-upload@main/foto-upload/toko2/pin-akrilik/PA-0000040.png,201253
Kaitin.aja,toko2,PIN AKRILIK,PA-0000041,varian,E:\Project\Mass upload shopee\foto-upload\toko2\pin-akrilik\PA-0000041.png,https://cdn.jsdelivr.net/gh/dennypa77/mass-upload@main/foto-upload/toko2/pin-akrilik/PA-0000041.png,225668
Kaitin.aja,toko2,PIN AKRILIK,PA-0000042,varian,E:\Project\Mass upload shopee\foto-upload\toko2\pin-akrilik\PA-0000042.png,https://cdn.jsdelivr.net/gh/dennypa77/mass-upload@main/foto-upload/toko2/pin-akrilik/PA-0000042.png,230791
Kaitin.aja,toko2,PIN AKRILIK,PA-0000043,varian,E:\Project\Mass upload shopee\foto-upload\toko2\pin-akrilik\PA-0000043.png,https://cdn.jsdelivr.net/gh/dennypa77/mass-upload@main/foto-upload/toko2/pin-akrilik/PA-0000043.png,232541
Kaitin.aja,toko2,PIN AKRILIK,PA-0000044,varian,E:\Project\Mass upload shopee\foto-upload\toko2\pin-akrilik\PA-0000044.png,https://cdn.jsdelivr.net/gh/dennypa77/mass-upload@main/foto-upload/toko2/pin-akrilik/PA-0000044.png,234141
Kaitin.aja,toko2,PIN AKRILIK,PA-0000045,varian,E:\Project\Mass upload shopee\foto-upload\toko2\pin-akrilik\PA-0000045.png,https://cdn.jsdelivr.net/gh/dennypa77/mass-upload@main/foto-upload/toko2/pin-akrilik/PA-0000045.png,236912
Kaitin.aja,toko2,PIN AKRILIK,PA-0000046,varian,E:\Project\Mass upload shopee\foto-upload\toko2\pin-akrilik\PA-0000046.png,https://cdn.jsdelivr.net/gh/dennypa77/mass-upload@main/foto-upload/toko2/pin-akrilik/PA-0000046.png,191891
Kaitin.aja,toko2,PIN AKRILIK,PA-0000047,varian,E:\Project\Mass upload shopee\foto-upload\toko2\pin-akrilik\PA-0000047.png,https://cdn.jsdelivr.net/gh/dennypa77/mass-upload@main/foto-upload/toko2/pin-akrilik/PA-0000047.png,169608
Kaitin.aja,toko2,PIN AKRILIK,PA-0000048,varian,E:\Project\Mass upload shopee\foto-upload\toko2\pin-akrilik\PA-0000048.png,https://cdn.jsdelivr.net/gh/dennypa77/mass-upload@main/foto-upload/toko2/pin-akrilik/PA-0000048.png,206417
Kaitin.aja,toko2,PIN AKRILIK,PA-0000049,varian,E:\Project\Mass upload shopee\foto-upload\toko2\pin-akrilik\PA-0000049.png,https://cdn.jsdelivr.net/gh/dennypa77/mass-upload@main/foto-upload/toko2/pin-akrilik/PA-0000049.png,180485
Kaitin.aja,toko2,PIN AKRILIK,PA-0000050,varian,E:\Project\Mass upload shopee\foto-upload\toko2\pin-akrilik\PA-0000050.png,https://cdn.jsdelivr.net/gh/dennypa77/mass-upload@main/foto-upload/toko2/pin-akrilik/PA-0000050.png,184315
Kaitin.aja,toko2,PIN AKRILIK,PA-0000051,varian,E:\Project\Mass upload shopee\foto-upload\toko2\pin-akrilik\PA-0000051.png,https://cdn.jsdelivr.net/gh/dennypa77/mass-upload@main/foto-upload/toko2/pin-akrilik/PA-0000051.png,241327
Kaitin.aja,toko2,PIN AKRILIK,PA-0000052,varian,E:\Project\Mass upload shopee\foto-upload\toko2\pin-akrilik\PA-0000052.png,https://cdn.jsdelivr.net/gh/dennypa77/mass-upload@main/foto-upload/toko2/pin-akrilik/PA-0000052.png,257508
Kaitin.aja,toko2,PIN AKRILIK,PA-0000053,varian,E:\Project\Mass upload shopee\foto-upload\toko2\pin-akrilik\PA-0000053.png,https://cdn.jsdelivr.net/gh/dennypa77/mass-upload@main/foto-upload/toko2/pin-akrilik/PA-0000053.png,271718
Kaitin.aja,toko2,PIN AKRILIK,PA-0000054,varian,E:\Project\Mass upload shopee\foto-upload\toko2\pin-akrilik\PA-0000054.png,https://cdn.jsdelivr.net/gh/dennypa77/mass-upload@main/foto-upload/toko2/pin-akrilik/PA-0000054.png,241825
Kaitin.aja,toko2,PIN AKRILIK,PA-0000055,varian,E:\Project\Mass upload shopee\foto-upload\toko2\pin-akrilik\PA-0000055.png,https://cdn.jsdelivr.net/gh/dennypa77/mass-upload@main/foto-upload/toko2/pin-akrilik/PA-0000055.png,260949
Kaitin.aja,toko2,PIN AKRILIK,PA-0000056,varian,E:\Project\Mass upload shopee\foto-upload\toko2\pin-akrilik\PA-0000056.png,https://cdn.jsdelivr.net/gh/dennypa77/mass-upload@main/foto-upload/toko2/pin-akrilik/PA-0000056.png,260608
Kaitin.aja,toko2,PIN AKRILIK,PA-0000057,varian,E:\Project\Mass upload shopee\foto-upload\toko2\pin-akrilik\PA-0000057.png,https://cdn.jsdelivr.net/gh/dennypa77/mass-upload@main/foto-upload/toko2/pin-akrilik/PA-0000057.png,265708
Kaitin.aja,toko2,PIN AKRILIK,PA-0000058,varian,E:\Project\Mass upload shopee\foto-upload\toko2\pin-akrilik\PA-0000058.png,https://cdn.jsdelivr.net/gh/dennypa77/mass-upload@main/foto-upload/toko2/pin-akrilik/PA-0000058.png,199451
Kaitin.aja,toko2,PIN AKRILIK,PA-0000059,varian,E:\Project\Mass upload shopee\foto-upload\toko2\pin-akrilik\PA-0000059.png,https://cdn.jsdelivr.net/gh/dennypa77/mass-upload@main/foto-upload/toko2/pin-akrilik/PA-0000059.png,207035
Kaitin.aja,toko2,PIN AKRILIK,PA-0000060,varian,E:\Project\Mass upload shopee\foto-upload\toko2\pin-akrilik\PA-0000060.png,https://cdn.jsdelivr.net/gh/dennypa77/mass-upload@main/foto-upload/toko2/pin-akrilik/PA-0000060.png,206220
Kaitin.aja,toko2,PIN AKRILIK,PA-0000061,varian,E:\Project\Mass upload shopee\foto-upload\toko2\pin-akrilik\PA-0000061.png,https://cdn.jsdelivr.net/gh/dennypa77/mass-upload@main/foto-upload/toko2/pin-akrilik/PA-0000061.png,230723
Kaitin.aja,toko2,PIN AKRILIK,PA-0000062,varian,E:\Project\Mass upload shopee\foto-upload\toko2\pin-akrilik\PA-0000062.png,https://cdn.jsdelivr.net/gh/dennypa77/mass-upload@main/foto-upload/toko2/pin-akrilik/PA-0000062.png,210911
Kaitin.aja,toko2,PIN AKRILIK,PA-0000063,varian,E:\Project\Mass upload shopee\foto-upload\toko2\pin-akrilik\PA-0000063.png,https://cdn.jsdelivr.net/gh/dennypa77/mass-upload@main/foto-upload/toko2/pin-akrilik/PA-0000063.png,213279
Kaitin.aja,toko2,PIN AKRILIK,PA-0000064,varian,E:\Project\Mass upload shopee\foto-upload\toko2\pin-akrilik\PA-0000064.png,https://cdn.jsdelivr.net/gh/dennypa77/mass-upload@main/foto-upload/toko2/pin-akrilik/PA-0000064.png,219893
Kaitin.aja,toko2,PIN AKRILIK,PA-0000065,varian,E:\Project\Mass upload shopee\foto-upload\toko2\pin-akrilik\PA-0000065.png,https://cdn.jsdelivr.net/gh/dennypa77/mass-upload@main/foto-upload/toko2/pin-akrilik/PA-0000065.png,161386
Kaitin.aja,toko2,PIN AKRILIK,PA-0000066,varian,E:\Project\Mass upload shopee\foto-upload\toko2\pin-akrilik\PA-0000066.png,https://cdn.jsdelivr.net/gh/dennypa77/mass-upload@main/foto-upload/toko2/pin-akrilik/PA-0000066.png,171698
Kaitin.aja,toko2,PIN AKRILIK,PA-0000067,varian,E:\Project\Mass upload shopee\foto-upload\toko2\pin-akrilik\PA-0000067.png,https://cdn.jsdelivr.net/gh/dennypa77/mass-upload@main/foto-upload/toko2/pin-akrilik/PA-0000067.png,176630
Kaitin.aja,toko2,PIN AKRILIK,PA-0000068,varian,E:\Project\Mass upload shopee\foto-upload\toko2\pin-akrilik\PA-0000068.png,https://cdn.jsdelivr.net/gh/dennypa77/mass-upload@main/foto-upload/toko2/pin-akrilik/PA-0000068.png,167570
Kaitin.aja,toko2,PIN AKRILIK,PA-0000069,varian,E:\Project\Mass upload shopee\foto-upload\toko2\pin-akrilik\PA-0000069.png,https://cdn.jsdelivr.net/gh/dennypa77/mass-upload@main/foto-upload/toko2/pin-akrilik/PA-0000069.png,175375
Kaitin.aja,toko2,PIN AKRILIK,PA-0000070,varian,E:\Project\Mass upload shopee\foto-upload\toko2\pin-akrilik\PA-0000070.png,https://cdn.jsdelivr.net/gh/dennypa77/mass-upload@main/foto-upload/toko2/pin-akrilik/PA-0000070.png,178752
Kaitin.aja,toko2,PIN AKRILIK,PA-0000071,varian,E:\Project\Mass upload shopee\foto-upload\toko2\pin-akrilik\PA-0000071.png,https://cdn.jsdelivr.net/gh/dennypa77/mass-upload@main/foto-upload/toko2/pin-akrilik/PA-0000071.png,166976
Kaitin.aja,toko2,PIN AKRILIK,PA-0000072,varian,E:\Project\Mass upload shopee\foto-upload\toko2\pin-akrilik\PA-0000072.png,https://cdn.jsdelivr.net/gh/dennypa77/mass-upload@main/foto-upload/toko2/pin-akrilik/PA-0000072.png,160795
Kaitin.aja,toko2,PIN AKRILIK,PA-0000073,varian,E:\Project\Mass upload shopee\foto-upload\toko2\pin-akrilik\PA-0000073.png,https://cdn.jsdelivr.net/gh/dennypa77/mass-upload@main/foto-upload/toko2/pin-akrilik/PA-0000073.png,152805
Kaitin.aja,toko2,PIN AKRILIK,PA-0000074,varian,E:\Project\Mass upload shopee\foto-upload\toko2\pin-akrilik\PA-0000074.png,https://cdn.jsdelivr.net/gh/dennypa77/mass-upload@main/foto-upload/toko2/pin-akrilik/PA-0000074.png,154316
Kaitin.aja,toko2,PIN AKRILIK,PA-0000075,varian,E:\Project\Mass upload shopee\foto-upload\toko2\pin-akrilik\PA-0000075.png,https://cdn.jsdelivr.net/gh/dennypa77/mass-upload@main/foto-upload/toko2/pin-akrilik/PA-0000075.png,162986
Kaitin.aja,toko2,PIN AKRILIK,PA-0000076,varian,E:\Project\Mass upload shopee\foto-upload\toko2\pin-akrilik\PA-0000076.png,https://cdn.jsdelivr.net/gh/dennypa77/mass-upload@main/foto-upload/toko2/pin-akrilik/PA-0000076.png,153152
Kaitin.aja,toko2,PIN AKRILIK,PA-0000077,varian,E:\Project\Mass upload shopee\foto-upload\toko2\pin-akrilik\PA-0000077.png,https://cdn.jsdelivr.net/gh/dennypa77/mass-upload@main/foto-upload/toko2/pin-akrilik/PA-0000077.png,156720
Kaitin.aja,toko2,PIN AKRILIK,PA-0000078,varian,E:\Project\Mass upload shopee\foto-upload\toko2\pin-akrilik\PA-0000078.png,https://cdn.jsdelivr.net/gh/dennypa77/mass-upload@main/foto-upload/toko2/pin-akrilik/PA-0000078.png,161460
Kaitin.aja,toko2,PIN AKRILIK,PA-0000079,varian,E:\Project\Mass upload shopee\foto-upload\toko2\pin-akrilik\PA-0000079.png,https://cdn.jsdelivr.net/gh/dennypa77/mass-upload@main/foto-upload/toko2/pin-akrilik/PA-0000079.png,214933
Kaitin.aja,toko2,PIN AKRILIK,PA-0000080,varian,E:\Project\Mass upload shopee\foto-upload\toko2\pin-akrilik\PA-0000080.png,https://cdn.jsdelivr.net/gh/dennypa77/mass-upload@main/foto-upload/toko2/pin-akrilik/PA-0000080.png,231147
Kaitin.aja,toko2,PIN AKRILIK,PA-0000081,varian,E:\Project\Mass upload shopee\foto-upload\toko2\pin-akrilik\PA-0000081.png,https://cdn.jsdelivr.net/gh/dennypa77/mass-upload@main/foto-upload/toko2/pin-akrilik/PA-0000081.png,280264
Kaitin.aja,toko2,PIN AKRILIK,PA-0000082,varian,E:\Project\Mass upload shopee\foto-upload\toko2\pin-akrilik\PA-0000082.png,https://cdn.jsdelivr.net/gh/dennypa77/mass-upload@main/foto-upload/toko2/pin-akrilik/PA-0000082.png,247363
Kaitin.aja,toko2,PIN AKRILIK,PA-0000083,varian,E:\Project\Mass upload shopee\foto-upload\toko2\pin-akrilik\PA-0000083.png,https://cdn.jsdelivr.net/gh/dennypa77/mass-upload@main/foto-upload/toko2/pin-akrilik/PA-0000083.png,222186
Kaitin.aja,toko2,PIN AKRILIK,PA-0000084,varian,E:\Project\Mass upload shopee\foto-upload\toko2\pin-akrilik\PA-0000084.png,https://cdn.jsdelivr.net/gh/dennypa77/mass-upload@main/foto-upload/toko2/pin-akrilik/PA-0000084.png,232343
Kaitin.aja,toko2,PIN AKRILIK,PA-0000085,varian,E:\Project\Mass upload shopee\foto-upload\toko2\pin-akrilik\PA-0000085.png,https://cdn.jsdelivr.net/gh/dennypa77/mass-upload@main/foto-upload/toko2/pin-akrilik/PA-0000085.png,239680
Kaitin.aja,toko2,PIN AKRILIK,PA-0000086,varian,E:\Project\Mass upload shopee\foto-upload\toko2\pin-akrilik\PA-0000086.png,https://cdn.jsdelivr.net/gh/dennypa77/mass-upload@main/foto-upload/toko2/pin-akrilik/PA-0000086.png,254535
Kaitin.aja,toko2,PIN AKRILIK,PA-0000087,varian,E:\Project\Mass upload shopee\foto-upload\toko2\pin-akrilik\PA-0000087.png,https://cdn.jsdelivr.net/gh/dennypa77/mass-upload@main/foto-upload/toko2/pin-akrilik/PA-0000087.png,177121
Kaitin.aja,toko2,PIN AKRILIK,PA-0000088,varian,E:\Project\Mass upload shopee\foto-upload\toko2\pin-akrilik\PA-0000088.png,https://cdn.jsdelivr.net/gh/dennypa77/mass-upload@main/foto-upload/toko2/pin-akrilik/PA-0000088.png,211248
Kaitin.aja,toko2,PIN AKRILIK,PA-0000089,varian,E:\Project\Mass upload shopee\foto-upload\toko2\pin-akrilik\PA-0000089.png,https://cdn.jsdelivr.net/gh/dennypa77/mass-upload@main/foto-upload/toko2/pin-akrilik/PA-0000089.png,155285
Kaitin.aja,toko2,PIN AKRILIK,PA-0000090,varian,E:\Project\Mass upload shopee\foto-upload\toko2\pin-akrilik\PA-0000090.png,https://cdn.jsdelivr.net/gh/dennypa77/mass-upload@main/foto-upload/toko2/pin-akrilik/PA-0000090.png,202752
Kaitin.aja,toko2,PIN AKRILIK,PA-0000091,varian,E:\Project\Mass upload shopee\foto-upload\toko2\pin-akrilik\PA-0000091.png,https://cdn.jsdelivr.net/gh/dennypa77/mass-upload@main/foto-upload/toko2/pin-akrilik/PA-0000091.png,197160
Kaitin.aja,toko2,PIN AKRILIK,PA-0000092,varian,E:\Project\Mass upload shopee\foto-upload\toko2\pin-akrilik\PA-0000092.png,https://cdn.jsdelivr.net/gh/dennypa77/mass-upload@main/foto-upload/toko2/pin-akrilik/PA-0000092.png,204451
Kaitin.aja,toko2,PIN AKRILIK,PA-0000093,varian,E:\Project\Mass upload shopee\foto-upload\toko2\pin-akrilik\PA-0000093.png,https://cdn.jsdelivr.net/gh/dennypa77/mass-upload@main/foto-upload/toko2/pin-akrilik/PA-0000093.png,237728
Kaitin.aja,toko2,PIN AKRILIK,PA-0000094,varian,E:\Project\Mass upload shopee\foto-upload\toko2\pin-akrilik\PA-0000094.png,https://cdn.jsdelivr.net/gh/dennypa77/mass-upload@main/foto-upload/toko2/pin-akrilik/PA-0000094.png,212648
Kaitin.aja,toko2,PIN AKRILIK,PA-0000095,varian,E:\Project\Mass upload shopee\foto-upload\toko2\pin-akrilik\PA-0000095.png,https://cdn.jsdelivr.net/gh/dennypa77/mass-upload@main/foto-upload/toko2/pin-akrilik/PA-0000095.png,244604
Kaitin.aja,toko2,PIN AKRILIK,PA-0000096,varian,E:\Project\Mass upload shopee\foto-upload\toko2\pin-akrilik\PA-0000096.png,https://cdn.jsdelivr.net/gh/dennypa77/mass-upload@main/foto-upload/toko2/pin-akrilik/PA-0000096.png,190498
Kaitin.aja,toko2,PIN AKRILIK,PA-0000097,varian,E:\Project\Mass upload shopee\foto-upload\toko2\pin-akrilik\PA-0000097.png,https://cdn.jsdelivr.net/gh/dennypa77/mass-upload@main/foto-upload/toko2/pin-akrilik/PA-0000097.png,183737
Kaitin.aja,toko2,PIN AKRILIK,PA-0000098,varian,E:\Project\Mass upload shopee\foto-upload\toko2\pin-akrilik\PA-0000098.png,https://cdn.jsdelivr.net/gh/dennypa77/mass-upload@main/foto-upload/toko2/pin-akrilik/PA-0000098.png,196498
Kaitin.aja,toko2,PIN AKRILIK,PA-0000099,varian,E:\Project\Mass upload shopee\foto-upload\toko2\pin-akrilik\PA-0000099.png,https://cdn.jsdelivr.net/gh/dennypa77/mass-upload@main/foto-upload/toko2/pin-akrilik/PA-0000099.png,221045
Kaitin.aja,toko2,PIN AKRILIK,PA-0000100,varian,E:\Project\Mass upload shopee\foto-upload\toko2\pin-akrilik\PA-0000100.png,https://cdn.jsdelivr.net/gh/dennypa77/mass-upload@main/foto-upload/toko2/pin-akrilik/PA-0000100.png,241705
Kaitin.aja,toko2,PIN AKRILIK,PA-0000151,varian,E:\Project\Mass upload shopee\foto-upload\toko2\pin-akrilik\PA-0000151.png,https://cdn.jsdelivr.net/gh/dennypa77/mass-upload@main/foto-upload/toko2/pin-akrilik/PA-0000151.png,68508
Kaitin.aja,toko2,PIN AKRILIK,PA-0000152,varian,E:\Project\Mass upload shopee\foto-upload\toko2\pin-akrilik\PA-0000152.png,https://cdn.jsdelivr.net/gh/dennypa77/mass-upload@main/foto-upload/toko2/pin-akrilik/PA-0000152.png,79018
Kaitin.aja,toko2,PIN AKRILIK,PA-0000153,varian,E:\Project\Mass upload shopee\foto-upload\toko2\pin-akrilik\PA-0000153.png,https://cdn.jsdelivr.net/gh/dennypa77/mass-upload@main/foto-upload/toko2/pin-akrilik/PA-0000153.png,77231
Kaitin.aja,toko2,PIN AKRILIK,PA-0000154,varian,E:\Project\Mass upload shopee\foto-upload\toko2\pin-akrilik\PA-0000154.png,https://cdn.jsdelivr.net/gh/dennypa77/mass-upload@main/foto-upload/toko2/pin-akrilik/PA-0000154.png,75538
Kaitin.aja,toko2,PIN AKRILIK,PA-0000155,varian,E:\Project\Mass upload shopee\foto-upload\toko2\pin-akrilik\PA-0000155.png,https://cdn.jsdelivr.net/gh/dennypa77/mass-upload@main/foto-upload/toko2/pin-akrilik/PA-0000155.png,88726
Kaitin.aja,toko2,PIN AKRILIK,PA-0000156,varian,E:\Project\Mass upload shopee\foto-upload\toko2\pin-akrilik\PA-0000156.png,https://cdn.jsdelivr.net/gh/dennypa77/mass-upload@main/foto-upload/toko2/pin-akrilik/PA-0000156.png,80759
Kaitin.aja,toko2,PIN AKRILIK,PA-0000157,varian,E:\Project\Mass upload shopee\foto-upload\toko2\pin-akrilik\PA-0000157.png,https://cdn.jsdelivr.net/gh/dennypa77/mass-upload@main/foto-upload/toko2/pin-akrilik/PA-0000157.png,94389
Kaitin.aja,toko2,PIN AKRILIK,PA-0000158,varian,E:\Project\Mass upload shopee\foto-upload\toko2\pin-akrilik\PA-0000158.png,https://cdn.jsdelivr.net/gh/dennypa77/mass-upload@main/foto-upload/toko2/pin-akrilik/PA-0000158.png,86167
Kaitin.aja,toko2,PIN AKRILIK,PA-0000159,varian,E:\Project\Mass upload shopee\foto-upload\toko2\pin-akrilik\PA-0000159.png,https://cdn.jsdelivr.net/gh/dennypa77/mass-upload@main/foto-upload/toko2/pin-akrilik/PA-0000159.png,71652
Kaitin.aja,toko2,PIN AKRILIK,PA-0000160,varian,E:\Project\Mass upload shopee\foto-upload\toko2\pin-akrilik\PA-0000160.png,https://cdn.jsdelivr.net/gh/dennypa77/mass-upload@main/foto-upload/toko2/pin-akrilik/PA-0000160.png,81732
Kaitin.aja,toko2,PIN AKRILIK,PA-0000161,varian,E:\Project\Mass upload shopee\foto-upload\toko2\pin-akrilik\PA-0000161.png,https://cdn.jsdelivr.net/gh/dennypa77/mass-upload@main/foto-upload/toko2/pin-akrilik/PA-0000161.png,53477
Kaitin.aja,toko2,PIN AKRILIK,PA-0000162,varian,E:\Project\Mass upload shopee\foto-upload\toko2\pin-akrilik\PA-0000162.png,https://cdn.jsdelivr.net/gh/dennypa77/mass-upload@main/foto-upload/toko2/pin-akrilik/PA-0000162.png,85951
Kaitin.aja,toko2,PIN AKRILIK,PA-0000163,varian,E:\Project\Mass upload shopee\foto-upload\toko2\pin-akrilik\PA-0000163.png,https://cdn.jsdelivr.net/gh/dennypa77/mass-upload@main/foto-upload/toko2/pin-akrilik/PA-0000163.png,75987
Kaitin.aja,toko2,PIN AKRILIK,PA-0000164,varian,E:\Project\Mass upload shopee\foto-upload\toko2\pin-akrilik\PA-0000164.png,https://cdn.jsdelivr.net/gh/dennypa77/mass-upload@main/foto-upload/toko2/pin-akrilik/PA-0000164.png,93452
Kaitin.aja,toko2,PIN AKRILIK,PA-0000165,varian,E:\Project\Mass upload shopee\foto-upload\toko2\pin-akrilik\PA-0000165.png,https://cdn.jsdelivr.net/gh/dennypa77/mass-upload@main/foto-upload/toko2/pin-akrilik/PA-0000165.png,78873
Kaitin.aja,toko2,PIN AKRILIK,PA-0000166,varian,E:\Project\Mass upload shopee\foto-upload\toko2\pin-akrilik\PA-0000166.png,https://cdn.jsdelivr.net/gh/dennypa77/mass-upload@main/foto-upload/toko2/pin-akrilik/PA-0000166.png,91068
Kaitin.aja,toko2,PIN AKRILIK,PA-0000167,varian,E:\Project\Mass upload shopee\foto-upload\toko2\pin-akrilik\PA-0000167.png,https://cdn.jsdelivr.net/gh/dennypa77/mass-upload@main/foto-upload/toko2/pin-akrilik/PA-0000167.png,80465
Kaitin.aja,toko2,PIN AKRILIK,PA-0000168,varian,E:\Project\Mass upload shopee\foto-upload\toko2\pin-akrilik\PA-0000168.png,https://cdn.jsdelivr.net/gh/dennypa77/mass-upload@main/foto-upload/toko2/pin-akrilik/PA-0000168.png,90086
Kaitin.aja,toko2,PIN AKRILIK,PA-0000169,varian,E:\Project\Mass upload shopee\foto-upload\toko2\pin-akrilik\PA-0000169.png,https://cdn.jsdelivr.net/gh/dennypa77/mass-upload@main/foto-upload/toko2/pin-akrilik/PA-0000169.png,75854
Kaitin.aja,toko2,PIN AKRILIK,PA-0000170,varian,E:\Project\Mass upload shopee\foto-upload\toko2\pin-akrilik\PA-0000170.png,https://cdn.jsdelivr.net/gh/dennypa77/mass-upload@main/foto-upload/toko2/pin-akrilik/PA-0000170.png,74002
Kaitin.aja,toko2,PIN AKRILIK,PA-0000171,varian,E:\Project\Mass upload shopee\foto-upload\toko2\pin-akrilik\PA-0000171.png,https://cdn.jsdelivr.net/gh/dennypa77/mass-upload@main/foto-upload/toko2/pin-akrilik/PA-0000171.png,66252
Kaitin.aja,toko2,PIN AKRILIK,PA-0000172,varian,E:\Project\Mass upload shopee\foto-upload\toko2\pin-akrilik\PA-0000172.png,https://cdn.jsdelivr.net/gh/dennypa77/mass-upload@main/foto-upload/toko2/pin-akrilik/PA-0000172.png,70805
Kaitin.aja,toko2,PIN AKRILIK,PA-0000173,varian,E:\Project\Mass upload shopee\foto-upload\toko2\pin-akrilik\PA-0000173.png,https://cdn.jsdelivr.net/gh/dennypa77/mass-upload@main/foto-upload/toko2/pin-akrilik/PA-0000173.png,78434
Kaitin.aja,toko2,PIN AKRILIK,PA-0000174,varian,E:\Project\Mass upload shopee\foto-upload\toko2\pin-akrilik\PA-0000174.png,https://cdn.jsdelivr.net/gh/dennypa77/mass-upload@main/foto-upload/toko2/pin-akrilik/PA-0000174.png,74705
Kaitin.aja,toko2,PIN AKRILIK,PA-0000175,varian,E:\Project\Mass upload shopee\foto-upload\toko2\pin-akrilik\PA-0000175.png,https://cdn.jsdelivr.net/gh/dennypa77/mass-upload@main/foto-upload/toko2/pin-akrilik/PA-0000175.png,82000
Kaitin.aja,toko2,PIN AKRILIK,PA-0000176,varian,E:\Project\Mass upload shopee\foto-upload\toko2\pin-akrilik\PA-0000176.png,https://cdn.jsdelivr.net/gh/dennypa77/mass-upload@main/foto-upload/toko2/pin-akrilik/PA-0000176.png,81005
Kaitin.aja,toko2,PIN AKRILIK,PA-0000177,varian,E:\Project\Mass upload shopee\foto-upload\toko2\pin-akrilik\PA-0000177.png,https://cdn.jsdelivr.net/gh/dennypa77/mass-upload@main/foto-upload/toko2/pin-akrilik/PA-0000177.png,76731
Kaitin.aja,toko2,PIN AKRILIK,PA-0000178,varian,E:\Project\Mass upload shopee\foto-upload\toko2\pin-akrilik\PA-0000178.png,https://cdn.jsdelivr.net/gh/dennypa77/mass-upload@main/foto-upload/toko2/pin-akrilik/PA-0000178.png,75674
Kaitin.aja,toko2,PIN AKRILIK,PA-0000179,varian,E:\Project\Mass upload shopee\foto-upload\toko2\pin-akrilik\PA-0000179.png,https://cdn.jsdelivr.net/gh/dennypa77/mass-upload@main/foto-upload/toko2/pin-akrilik/PA-0000179.png,92082
Kaitin.aja,toko2,PIN AKRILIK,PA-0000180,varian,E:\Project\Mass upload shopee\foto-upload\toko2\pin-akrilik\PA-0000180.png,https://cdn.jsdelivr.net/gh/dennypa77/mass-upload@main/foto-upload/toko2/pin-akrilik/PA-0000180.png,88485
Kaitin.aja,toko2,PIN AKRILIK,PA-0000181,varian,E:\Project\Mass upload shopee\foto-upload\toko2\pin-akrilik\PA-0000181.png,https://cdn.jsdelivr.net/gh/dennypa77/mass-upload@main/foto-upload/toko2/pin-akrilik/PA-0000181.png,62494
Kaitin.aja,toko2,PIN AKRILIK,PA-0000182,varian,E:\Project\Mass upload shopee\foto-upload\toko2\pin-akrilik\PA-0000182.png,https://cdn.jsdelivr.net/gh/dennypa77/mass-upload@main/foto-upload/toko2/pin-akrilik/PA-0000182.png,87398
Kaitin.aja,toko2,PIN AKRILIK,PA-0000183,varian,E:\Project\Mass upload shopee\foto-upload\toko2\pin-akrilik\PA-0000183.png,https://cdn.jsdelivr.net/gh/dennypa77/mass-upload@main/foto-upload/toko2/pin-akrilik/PA-0000183.png,80715
Kaitin.aja,toko2,PIN AKRILIK,PA-0000184,varian,E:\Project\Mass upload shopee\foto-upload\toko2\pin-akrilik\PA-0000184.png,https://cdn.jsdelivr.net/gh/dennypa77/mass-upload@main/foto-upload/toko2/pin-akrilik/PA-0000184.png,72662
Kaitin.aja,toko2,PIN AKRILIK,PA-0000185,varian,E:\Project\Mass upload shopee\foto-upload\toko2\pin-akrilik\PA-0000185.png,https://cdn.jsdelivr.net/gh/dennypa77/mass-upload@main/foto-upload/toko2/pin-akrilik/PA-0000185.png,69980
Kaitin.aja,toko2,PIN AKRILIK,PA-0000186,varian,E:\Project\Mass upload shopee\foto-upload\toko2\pin-akrilik\PA-0000186.png,https://cdn.jsdelivr.net/gh/dennypa77/mass-upload@main/foto-upload/toko2/pin-akrilik/PA-0000186.png,74047
Kaitin.aja,toko2,PIN AKRILIK,PA-0000187,varian,E:\Project\Mass upload shopee\foto-upload\toko2\pin-akrilik\PA-0000187.png,https://cdn.jsdelivr.net/gh/dennypa77/mass-upload@main/foto-upload/toko2/pin-akrilik/PA-0000187.png,73655
Kaitin.aja,toko2,PIN AKRILIK,PA-0000188,varian,E:\Project\Mass upload shopee\foto-upload\toko2\pin-akrilik\PA-0000188.png,https://cdn.jsdelivr.net/gh/dennypa77/mass-upload@main/foto-upload/toko2/pin-akrilik/PA-0000188.png,94252
Kaitin.aja,toko2,PIN AKRILIK,PA-0000189,varian,E:\Project\Mass upload shopee\foto-upload\toko2\pin-akrilik\PA-0000189.png,https://cdn.jsdelivr.net/gh/dennypa77/mass-upload@main/foto-upload/toko2/pin-akrilik/PA-0000189.png,67224
Kaitin.aja,toko2,PIN AKRILIK,PA-0000190,varian,E:\Project\Mass upload shopee\foto-upload\toko2\pin-akrilik\PA-0000190.png,https://cdn.jsdelivr.net/gh/dennypa77/mass-upload@main/foto-upload/toko2/pin-akrilik/PA-0000190.png,86671
Kaitin.aja,toko2,PIN AKRILIK,PA-0000191,varian,E:\Project\Mass upload shopee\foto-upload\toko2\pin-akrilik\PA-0000191.png,https://cdn.jsdelivr.net/gh/dennypa77/mass-upload@main/foto-upload/toko2/pin-akrilik/PA-0000191.png,53023
Kaitin.aja,toko2,PIN AKRILIK,PA-0000192,varian,E:\Project\Mass upload shopee\foto-upload\toko2\pin-akrilik\PA-0000192.png,https://cdn.jsdelivr.net/gh/dennypa77/mass-upload@main/foto-upload/toko2/pin-akrilik/PA-0000192.png,86847
Kaitin.aja,toko2,PIN AKRILIK,PA-0000193,varian,E:\Project\Mass upload shopee\foto-upload\toko2\pin-akrilik\PA-0000193.png,https://cdn.jsdelivr.net/gh/dennypa77/mass-upload@main/foto-upload/toko2/pin-akrilik/PA-0000193.png,98906
Kaitin.aja,toko2,PIN AKRILIK,PA-0000194,varian,E:\Project\Mass upload shopee\foto-upload\toko2\pin-akrilik\PA-0000194.png,https://cdn.jsdelivr.net/gh/dennypa77/mass-upload@main/foto-upload/toko2/pin-akrilik/PA-0000194.png,90852
Kaitin.aja,toko2,PIN AKRILIK,PA-0000195,varian,E:\Project\Mass upload shopee\foto-upload\toko2\pin-akrilik\PA-0000195.png,https://cdn.jsdelivr.net/gh/dennypa77/mass-upload@main/foto-upload/toko2/pin-akrilik/PA-0000195.png,101187
Kaitin.aja,toko2,PIN AKRILIK,PA-0000196,varian,E:\Project\Mass upload shopee\foto-upload\toko2\pin-akrilik\PA-0000196.png,https://cdn.jsdelivr.net/gh/dennypa77/mass-upload@main/foto-upload/toko2/pin-akrilik/PA-0000196.png,91812
Kaitin.aja,toko2,PIN AKRILIK,PA-0000197,varian,E:\Project\Mass upload shopee\foto-upload\toko2\pin-akrilik\PA-0000197.png,https://cdn.jsdelivr.net/gh/dennypa77/mass-upload@main/foto-upload/toko2/pin-akrilik/PA-0000197.png,66253
Kaitin.aja,toko2,PIN AKRILIK,PA-0000198,varian,E:\Project\Mass upload shopee\foto-upload\toko2\pin-akrilik\PA-0000198.png,https://cdn.jsdelivr.net/gh/dennypa77/mass-upload@main/foto-upload/toko2/pin-akrilik/PA-0000198.png,83071
Kaitin.aja,toko2,PIN AKRILIK,PA-0000199,varian,E:\Project\Mass upload shopee\foto-upload\toko2\pin-akrilik\PA-0000199.png,https://cdn.jsdelivr.net/gh/dennypa77/mass-upload@main/foto-upload/toko2/pin-akrilik/PA-0000199.png,81379
Kaitin.aja,toko2,PIN AKRILIK,PA-0000200,varian,E:\Project\Mass upload shopee\foto-upload\toko2\pin-akrilik\PA-0000200.png,https://cdn.jsdelivr.net/gh/dennypa77/mass-upload@main/foto-upload/toko2/pin-akrilik/PA-0000200.png,75773
Kaitin.aja,toko2,PIN AKRILIK,PA-0000201,varian,E:\Project\Mass upload shopee\foto-upload\toko2\pin-akrilik\PA-0000201.png,https://cdn.jsdelivr.net/gh/dennypa77/mass-upload@main/foto-upload/toko2/pin-akrilik/PA-0000201.png,591364
Kaitin.aja,toko2,PIN AKRILIK,PA-0000202,varian,E:\Project\Mass upload shopee\foto-upload\toko2\pin-akrilik\PA-0000202.png,https://cdn.jsdelivr.net/gh/dennypa77/mass-upload@main/foto-upload/toko2/pin-akrilik/PA-0000202.png,573490
Kaitin.aja,toko2,PIN AKRILIK,PA-0000203,varian,E:\Project\Mass upload shopee\foto-upload\toko2\pin-akrilik\PA-0000203.png,https://cdn.jsdelivr.net/gh/dennypa77/mass-upload@main/foto-upload/toko2/pin-akrilik/PA-0000203.png,542047
Kaitin.aja,toko2,PIN AKRILIK,PA-0000204,varian,E:\Project\Mass upload shopee\foto-upload\toko2\pin-akrilik\PA-0000204.png,https://cdn.jsdelivr.net/gh/dennypa77/mass-upload@main/foto-upload/toko2/pin-akrilik/PA-0000204.png,591106
Kaitin.aja,toko2,PIN AKRILIK,PA-0000205,varian,E:\Project\Mass upload shopee\foto-upload\toko2\pin-akrilik\PA-0000205.png,https://cdn.jsdelivr.net/gh/dennypa77/mass-upload@main/foto-upload/toko2/pin-akrilik/PA-0000205.png,587772
Kaitin.aja,toko2,PIN AKRILIK,PA-0000206,varian,E:\Project\Mass upload shopee\foto-upload\toko2\pin-akrilik\PA-0000206.png,https://cdn.jsdelivr.net/gh/dennypa77/mass-upload@main/foto-upload/toko2/pin-akrilik/PA-0000206.png,555462
Kaitin.aja,toko2,PIN AKRILIK,PA-0000207,varian,E:\Project\Mass upload shopee\foto-upload\toko2\pin-akrilik\PA-0000207.png,https://cdn.jsdelivr.net/gh/dennypa77/mass-upload@main/foto-upload/toko2/pin-akrilik/PA-0000207.png,548497
Kaitin.aja,toko2,PIN AKRILIK,PA-0000208,varian,E:\Project\Mass upload shopee\foto-upload\toko2\pin-akrilik\PA-0000208.png,https://cdn.jsdelivr.net/gh/dennypa77/mass-upload@main/foto-upload/toko2/pin-akrilik/PA-0000208.png,630020
Kaitin.aja,toko2,PIN AKRILIK,PA-0000209,varian,E:\Project\Mass upload shopee\foto-upload\toko2\pin-akrilik\PA-0000209.png,https://cdn.jsdelivr.net/gh/dennypa77/mass-upload@main/foto-upload/toko2/pin-akrilik/PA-0000209.png,587605
Kaitin.aja,toko2,PIN AKRILIK,PA-0000210,varian,E:\Project\Mass upload shopee\foto-upload\toko2\pin-akrilik\PA-0000210.png,https://cdn.jsdelivr.net/gh/dennypa77/mass-upload@main/foto-upload/toko2/pin-akrilik/PA-0000210.png,636562
Kaitin.aja,toko2,PIN AKRILIK,PA-0000211,varian,E:\Project\Mass upload shopee\foto-upload\toko2\pin-akrilik\PA-0000211.png,https://cdn.jsdelivr.net/gh/dennypa77/mass-upload@main/foto-upload/toko2/pin-akrilik/PA-0000211.png,542978
Kaitin.aja,toko2,PIN AKRILIK,PA-0000212,varian,E:\Project\Mass upload shopee\foto-upload\toko2\pin-akrilik\PA-0000212.png,https://cdn.jsdelivr.net/gh/dennypa77/mass-upload@main/foto-upload/toko2/pin-akrilik/PA-0000212.png,646563
Kaitin.aja,toko2,PIN AKRILIK,PA-0000213,varian,E:\Project\Mass upload shopee\foto-upload\toko2\pin-akrilik\PA-0000213.png,https://cdn.jsdelivr.net/gh/dennypa77/mass-upload@main/foto-upload/toko2/pin-akrilik/PA-0000213.png,514641
Kaitin.aja,toko2,PIN AKRILIK,PA-0000214,varian,E:\Project\Mass upload shopee\foto-upload\toko2\pin-akrilik\PA-0000214.png,https://cdn.jsdelivr.net/gh/dennypa77/mass-upload@main/foto-upload/toko2/pin-akrilik/PA-0000214.png,458238
Kaitin.aja,toko2,PIN AKRILIK,PA-0000215,varian,E:\Project\Mass upload shopee\foto-upload\toko2\pin-akrilik\PA-0000215.png,https://cdn.jsdelivr.net/gh/dennypa77/mass-upload@main/foto-upload/toko2/pin-akrilik/PA-0000215.png,699065
Kaitin.aja,toko2,PIN AKRILIK,PA-0000216,varian,E:\Project\Mass upload shopee\foto-upload\toko2\pin-akrilik\PA-0000216.png,https://cdn.jsdelivr.net/gh/dennypa77/mass-upload@main/foto-upload/toko2/pin-akrilik/PA-0000216.png,452947
Kaitin.aja,toko2,PIN AKRILIK,PA-0000217,varian,E:\Project\Mass upload shopee\foto-upload\toko2\pin-akrilik\PA-0000217.png,https://cdn.jsdelivr.net/gh/dennypa77/mass-upload@main/foto-upload/toko2/pin-akrilik/PA-0000217.png,533401
Kaitin.aja,toko2,PIN AKRILIK,PA-0000218,varian,E:\Project\Mass upload shopee\foto-upload\toko2\pin-akrilik\PA-0000218.png,https://cdn.jsdelivr.net/gh/dennypa77/mass-upload@main/foto-upload/toko2/pin-akrilik/PA-0000218.png,506332
Kaitin.aja,toko2,PIN AKRILIK,PA-0000219,varian,E:\Project\Mass upload shopee\foto-upload\toko2\pin-akrilik\PA-0000219.png,https://cdn.jsdelivr.net/gh/dennypa77/mass-upload@main/foto-upload/toko2/pin-akrilik/PA-0000219.png,513759
Kaitin.aja,toko2,PIN AKRILIK,PA-0000220,varian,E:\Project\Mass upload shopee\foto-upload\toko2\pin-akrilik\PA-0000220.png,https://cdn.jsdelivr.net/gh/dennypa77/mass-upload@main/foto-upload/toko2/pin-akrilik/PA-0000220.png,575003
Kaitin.aja,toko2,PIN AKRILIK,PA-0000221,varian,E:\Project\Mass upload shopee\foto-upload\toko2\pin-akrilik\PA-0000221.png,https://cdn.jsdelivr.net/gh/dennypa77/mass-upload@main/foto-upload/toko2/pin-akrilik/PA-0000221.png,383345
Kaitin.aja,toko2,PIN AKRILIK,PA-0000222,varian,E:\Project\Mass upload shopee\foto-upload\toko2\pin-akrilik\PA-0000222.png,https://cdn.jsdelivr.net/gh/dennypa77/mass-upload@main/foto-upload/toko2/pin-akrilik/PA-0000222.png,542603
Kaitin.aja,toko2,PIN AKRILIK,PA-0000223,varian,E:\Project\Mass upload shopee\foto-upload\toko2\pin-akrilik\PA-0000223.png,https://cdn.jsdelivr.net/gh/dennypa77/mass-upload@main/foto-upload/toko2/pin-akrilik/PA-0000223.png,630853
Kaitin.aja,toko2,PIN AKRILIK,PA-0000224,varian,E:\Project\Mass upload shopee\foto-upload\toko2\pin-akrilik\PA-0000224.png,https://cdn.jsdelivr.net/gh/dennypa77/mass-upload@main/foto-upload/toko2/pin-akrilik/PA-0000224.png,561960
Kaitin.aja,toko2,PIN AKRILIK,PA-0000225,varian,E:\Project\Mass upload shopee\foto-upload\toko2\pin-akrilik\PA-0000225.png,https://cdn.jsdelivr.net/gh/dennypa77/mass-upload@main/foto-upload/toko2/pin-akrilik/PA-0000225.png,553487
Kaitin.aja,toko2,PIN AKRILIK,PA-0000226,varian,E:\Project\Mass upload shopee\foto-upload\toko2\pin-akrilik\PA-0000226.png,https://cdn.jsdelivr.net/gh/dennypa77/mass-upload@main/foto-upload/toko2/pin-akrilik/PA-0000226.png,456933
Kaitin.aja,toko2,PIN AKRILIK,PA-0000227,varian,E:\Project\Mass upload shopee\foto-upload\toko2\pin-akrilik\PA-0000227.png,https://cdn.jsdelivr.net/gh/dennypa77/mass-upload@main/foto-upload/toko2/pin-akrilik/PA-0000227.png,484927
Kaitin.aja,toko2,PIN AKRILIK,PA-0000228,varian,E:\Project\Mass upload shopee\foto-upload\toko2\pin-akrilik\PA-0000228.png,https://cdn.jsdelivr.net/gh/dennypa77/mass-upload@main/foto-upload/toko2/pin-akrilik/PA-0000228.png,415690
Kaitin.aja,toko2,PIN AKRILIK,PA-0000229,varian,E:\Project\Mass upload shopee\foto-upload\toko2\pin-akrilik\PA-0000229.png,https://cdn.jsdelivr.net/gh/dennypa77/mass-upload@main/foto-upload/toko2/pin-akrilik/PA-0000229.png,681890
Kaitin.aja,toko2,PIN AKRILIK,PA-0000230,varian,E:\Project\Mass upload shopee\foto-upload\toko2\pin-akrilik\PA-0000230.png,https://cdn.jsdelivr.net/gh/dennypa77/mass-upload@main/foto-upload/toko2/pin-akrilik/PA-0000230.png,526589
Kaitin.aja,toko2,PIN AKRILIK,PA-0000231,varian,E:\Project\Mass upload shopee\foto-upload\toko2\pin-akrilik\PA-0000231.png,https://cdn.jsdelivr.net/gh/dennypa77/mass-upload@main/foto-upload/toko2/pin-akrilik/PA-0000231.png,413876
Kaitin.aja,toko2,PIN AKRILIK,PA-0000232,varian,E:\Project\Mass upload shopee\foto-upload\toko2\pin-akrilik\PA-0000232.png,https://cdn.jsdelivr.net/gh/dennypa77/mass-upload@main/foto-upload/toko2/pin-akrilik/PA-0000232.png,489346
Kaitin.aja,toko2,PIN AKRILIK,PA-0000233,varian,E:\Project\Mass upload shopee\foto-upload\toko2\pin-akrilik\PA-0000233.png,https://cdn.jsdelivr.net/gh/dennypa77/mass-upload@main/foto-upload/toko2/pin-akrilik/PA-0000233.png,497535
Kaitin.aja,toko2,PIN AKRILIK,PA-0000234,varian,E:\Project\Mass upload shopee\foto-upload\toko2\pin-akrilik\PA-0000234.png,https://cdn.jsdelivr.net/gh/dennypa77/mass-upload@main/foto-upload/toko2/pin-akrilik/PA-0000234.png,520945
Kaitin.aja,toko2,PIN AKRILIK,PA-0000235,varian,E:\Project\Mass upload shopee\foto-upload\toko2\pin-akrilik\PA-0000235.png,https://cdn.jsdelivr.net/gh/dennypa77/mass-upload@main/foto-upload/toko2/pin-akrilik/PA-0000235.png,503832
Kaitin.aja,toko2,PIN AKRILIK,PA-0000236,varian,E:\Project\Mass upload shopee\foto-upload\toko2\pin-akrilik\PA-0000236.png,https://cdn.jsdelivr.net/gh/dennypa77/mass-upload@main/foto-upload/toko2/pin-akrilik/PA-0000236.png,423903
Kaitin.aja,toko2,PIN AKRILIK,PA-0000237,varian,E:\Project\Mass upload shopee\foto-upload\toko2\pin-akrilik\PA-0000237.png,https://cdn.jsdelivr.net/gh/dennypa77/mass-upload@main/foto-upload/toko2/pin-akrilik/PA-0000237.png,435717
Kaitin.aja,toko2,PIN AKRILIK,PA-0000238,varian,E:\Project\Mass upload shopee\foto-upload\toko2\pin-akrilik\PA-0000238.png,https://cdn.jsdelivr.net/gh/dennypa77/mass-upload@main/foto-upload/toko2/pin-akrilik/PA-0000238.png,434805
Kaitin.aja,toko2,PIN AKRILIK,PA-0000239,varian,E:\Project\Mass upload shopee\foto-upload\toko2\pin-akrilik\PA-0000239.png,https://cdn.jsdelivr.net/gh/dennypa77/mass-upload@main/foto-upload/toko2/pin-akrilik/PA-0000239.png,506828
Kaitin.aja,toko2,PIN AKRILIK,PA-0000240,varian,E:\Project\Mass upload shopee\foto-upload\toko2\pin-akrilik\PA-0000240.png,https://cdn.jsdelivr.net/gh/dennypa77/mass-upload@main/foto-upload/toko2/pin-akrilik/PA-0000240.png,525934
Kaitin.aja,toko2,PIN AKRILIK,PA-0000241,varian,E:\Project\Mass upload shopee\foto-upload\toko2\pin-akrilik\PA-0000241.png,https://cdn.jsdelivr.net/gh/dennypa77/mass-upload@main/foto-upload/toko2/pin-akrilik/PA-0000241.png,533998
Kaitin.aja,toko2,PIN AKRILIK,PA-0000242,varian,E:\Project\Mass upload shopee\foto-upload\toko2\pin-akrilik\PA-0000242.png,https://cdn.jsdelivr.net/gh/dennypa77/mass-upload@main/foto-upload/toko2/pin-akrilik/PA-0000242.png,551305
Kaitin.aja,toko2,PIN AKRILIK,PA-0000243,varian,E:\Project\Mass upload shopee\foto-upload\toko2\pin-akrilik\PA-0000243.png,https://cdn.jsdelivr.net/gh/dennypa77/mass-upload@main/foto-upload/toko2/pin-akrilik/PA-0000243.png,526881
Kaitin.aja,toko2,PIN AKRILIK,PA-0000244,varian,E:\Project\Mass upload shopee\foto-upload\toko2\pin-akrilik\PA-0000244.png,https://cdn.jsdelivr.net/gh/dennypa77/mass-upload@main/foto-upload/toko2/pin-akrilik/PA-0000244.png,539675
Kaitin.aja,toko2,PIN AKRILIK,PA-0000245,varian,E:\Project\Mass upload shopee\foto-upload\toko2\pin-akrilik\PA-0000245.png,https://cdn.jsdelivr.net/gh/dennypa77/mass-upload@main/foto-upload/toko2/pin-akrilik/PA-0000245.png,498383
Kaitin.aja,toko2,PIN AKRILIK,PA-0000246,varian,E:\Project\Mass upload shopee\foto-upload\toko2\pin-akrilik\PA-0000246.png,https://cdn.jsdelivr.net/gh/dennypa77/mass-upload@main/foto-upload/toko2/pin-akrilik/PA-0000246.png,534719
Kaitin.aja,toko2,PIN AKRILIK,PA-0000247,varian,E:\Project\Mass upload shopee\foto-upload\toko2\pin-akrilik\PA-0000247.png,https://cdn.jsdelivr.net/gh/dennypa77/mass-upload@main/foto-upload/toko2/pin-akrilik/PA-0000247.png,536723
Kaitin.aja,toko2,PIN AKRILIK,PA-0000248,varian,E:\Project\Mass upload shopee\foto-upload\toko2\pin-akrilik\PA-0000248.png,https://cdn.jsdelivr.net/gh/dennypa77/mass-upload@main/foto-upload/toko2/pin-akrilik/PA-0000248.png,574624
Kaitin.aja,toko2,PIN AKRILIK,PA-0000249,varian,E:\Project\Mass upload shopee\foto-upload\toko2\pin-akrilik\PA-0000249.png,https://cdn.jsdelivr.net/gh/dennypa77/mass-upload@main/foto-upload/toko2/pin-akrilik/PA-0000249.png,408267
Kaitin.aja,toko2,PIN AKRILIK,PA-0000250,varian,E:\Project\Mass upload shopee\foto-upload\toko2\pin-akrilik\PA-0000250.png,https://cdn.jsdelivr.net/gh/dennypa77/mass-upload@main/foto-upload/toko2/pin-akrilik/PA-0000250.png,408917
Kaitin.aja,toko2,PIN AKRILIK,PA-BLACKPINK-UTAMA1,utama,E:\Project\Mass upload shopee\foto-upload\toko2\pin-akrilik\PA-BLACKPINK-utama1.png,https://cdn.jsdelivr.net/gh/dennypa77/mass-upload@main/foto-upload/toko2/pin-akrilik/PA-BLACKPINK-utama1.png,1762252
Kaitin.aja,toko2,PIN AKRILIK,PA-BLACKPINK-UTAMA2,utama,E:\Project\Mass upload shopee\foto-upload\toko2\pin-akrilik\PA-BLACKPINK-utama2.png,https://cdn.jsdelivr.net/gh/dennypa77/mass-upload@main/foto-upload/toko2/pin-akrilik/PA-BLACKPINK-utama2.png,506838
Kaitin.aja,toko2,PIN AKRILIK,PA-BLACKPINK-UTAMA3,utama,E:\Project\Mass upload shopee\foto-upload\toko2\pin-akrilik\PA-BLACKPINK-utama3.png,https://cdn.jsdelivr.net/gh/dennypa77/mass-upload@main/foto-upload/toko2/pin-akrilik/PA-BLACKPINK-utama3.png,1631016
Kaitin.aja,toko2,PIN AKRILIK,PA-BTS-UTAMA1,utama,E:\Project\Mass upload shopee\foto-upload\toko2\pin-akrilik\PA-BTS-utama1.png,https://cdn.jsdelivr.net/gh/dennypa77/mass-upload@main/foto-upload/toko2/pin-akrilik/PA-BTS-utama1.png,1544767
Kaitin.aja,toko2,PIN AKRILIK,PA-BTS-UTAMA2,utama,E:\Project\Mass upload shopee\foto-upload\toko2\pin-akrilik\PA-BTS-utama2.png,https://cdn.jsdelivr.net/gh/dennypa77/mass-upload@main/foto-upload/toko2/pin-akrilik/PA-BTS-utama2.png,394992
Kaitin.aja,toko2,PIN AKRILIK,PA-BTS-UTAMA3,utama,E:\Project\Mass upload shopee\foto-upload\toko2\pin-akrilik\PA-BTS-utama3.png,https://cdn.jsdelivr.net/gh/dennypa77/mass-upload@main/foto-upload/toko2/pin-akrilik/PA-BTS-utama3.png,1613161
Kaitin.aja,toko2,PIN AKRILIK,PA-CORTIS-UTAMA1,utama,E:\Project\Mass upload shopee\foto-upload\toko2\pin-akrilik\PA-CORTIS-utama1.png,https://cdn.jsdelivr.net/gh/dennypa77/mass-upload@main/foto-upload/toko2/pin-akrilik/PA-CORTIS-utama1.png,1644897
Kaitin.aja,toko2,PIN AKRILIK,PA-CORTIS-UTAMA2,utama,E:\Project\Mass upload shopee\foto-upload\toko2\pin-akrilik\PA-CORTIS-utama2.png,https://cdn.jsdelivr.net/gh/dennypa77/mass-upload@main/foto-upload/toko2/pin-akrilik/PA-CORTIS-utama2.png,741545
Kaitin.aja,toko2,PIN AKRILIK,PA-CORTIS-UTAMA3,utama,E:\Project\Mass upload shopee\foto-upload\toko2\pin-akrilik\PA-CORTIS-utama3.png,https://cdn.jsdelivr.net/gh/dennypa77/mass-upload@main/foto-upload/toko2/pin-akrilik/PA-CORTIS-utama3.png,1862772
Kaitin.aja,toko2,PIN AKRILIK,PA-HEARTS2HEARTS-UTAMA1,utama,E:\Project\Mass upload shopee\foto-upload\toko2\pin-akrilik\PA-HEARTS2HEARTS-utama1.png,https://cdn.jsdelivr.net/gh/dennypa77/mass-upload@main/foto-upload/toko2/pin-akrilik/PA-HEARTS2HEARTS-utama1.png,1683518
Kaitin.aja,toko2,PIN AKRILIK,PA-HEARTS2HEARTS-UTAMA2,utama,E:\Project\Mass upload shopee\foto-upload\toko2\pin-akrilik\PA-HEARTS2HEARTS-utama2.png,https://cdn.jsdelivr.net/gh/dennypa77/mass-upload@main/foto-upload/toko2/pin-akrilik/PA-HEARTS2HEARTS-utama2.png,907941
Kaitin.aja,toko2,PIN AKRILIK,PA-HEARTS2HEARTS-UTAMA3,utama,E:\Project\Mass upload shopee\foto-upload\toko2\pin-akrilik\PA-HEARTS2HEARTS-utama3.png,https://cdn.jsdelivr.net/gh/dennypa77/mass-upload@main/foto-upload/toko2/pin-akrilik/PA-HEARTS2HEARTS-utama3.png,1166064
Kaitin.aja,toko2,PIN BUTTON,PB-0000001,varian,E:\Project\Mass upload shopee\foto-upload\toko2\pin-button\PB-0000001.png,https://cdn.jsdelivr.net/gh/dennypa77/mass-upload@main/foto-upload/toko2/pin-button/PB-0000001.png,359333
Kaitin.aja,toko2,PIN BUTTON,PB-0000002,varian,E:\Project\Mass upload shopee\foto-upload\toko2\pin-button\PB-0000002.png,https://cdn.jsdelivr.net/gh/dennypa77/mass-upload@main/foto-upload/toko2/pin-button/PB-0000002.png,338795
Kaitin.aja,toko2,PIN BUTTON,PB-0000003,varian,E:\Project\Mass upload shopee\foto-upload\toko2\pin-button\PB-0000003.png,https://cdn.jsdelivr.net/gh/dennypa77/mass-upload@main/foto-upload/toko2/pin-button/PB-0000003.png,320990
Kaitin.aja,toko2,PIN BUTTON,PB-0000004,varian,E:\Project\Mass upload shopee\foto-upload\toko2\pin-button\PB-0000004.png,https://cdn.jsdelivr.net/gh/dennypa77/mass-upload@main/foto-upload/toko2/pin-button/PB-0000004.png,304667
Kaitin.aja,toko2,PIN BUTTON,PB-0000005,varian,E:\Project\Mass upload shopee\foto-upload\toko2\pin-button\PB-0000005.png,https://cdn.jsdelivr.net/gh/dennypa77/mass-upload@main/foto-upload/toko2/pin-button/PB-0000005.png,353659
Kaitin.aja,toko2,PIN BUTTON,PB-0000006,varian,E:\Project\Mass upload shopee\foto-upload\toko2\pin-button\PB-0000006.png,https://cdn.jsdelivr.net/gh/dennypa77/mass-upload@main/foto-upload/toko2/pin-button/PB-0000006.png,400854
Kaitin.aja,toko2,PIN BUTTON,PB-0000007,varian,E:\Project\Mass upload shopee\foto-upload\toko2\pin-button\PB-0000007.png,https://cdn.jsdelivr.net/gh/dennypa77/mass-upload@main/foto-upload/toko2/pin-button/PB-0000007.png,339915
Kaitin.aja,toko2,PIN BUTTON,PB-0000008,varian,E:\Project\Mass upload shopee\foto-upload\toko2\pin-button\PB-0000008.png,https://cdn.jsdelivr.net/gh/dennypa77/mass-upload@main/foto-upload/toko2/pin-button/PB-0000008.png,342972
Kaitin.aja,toko2,PIN BUTTON,PB-0000009,varian,E:\Project\Mass upload shopee\foto-upload\toko2\pin-button\PB-0000009.png,https://cdn.jsdelivr.net/gh/dennypa77/mass-upload@main/foto-upload/toko2/pin-button/PB-0000009.png,359741
Kaitin.aja,toko2,PIN BUTTON,PB-0000010,varian,E:\Project\Mass upload shopee\foto-upload\toko2\pin-button\PB-0000010.png,https://cdn.jsdelivr.net/gh/dennypa77/mass-upload@main/foto-upload/toko2/pin-button/PB-0000010.png,338659
Kaitin.aja,toko2,PIN BUTTON,PB-0000011,varian,E:\Project\Mass upload shopee\foto-upload\toko2\pin-button\PB-0000011.png,https://cdn.jsdelivr.net/gh/dennypa77/mass-upload@main/foto-upload/toko2/pin-button/PB-0000011.png,339360
Kaitin.aja,toko2,PIN BUTTON,PB-0000012,varian,E:\Project\Mass upload shopee\foto-upload\toko2\pin-button\PB-0000012.png,https://cdn.jsdelivr.net/gh/dennypa77/mass-upload@main/foto-upload/toko2/pin-button/PB-0000012.png,330909
Kaitin.aja,toko2,PIN BUTTON,PB-0000013,varian,E:\Project\Mass upload shopee\foto-upload\toko2\pin-button\PB-0000013.png,https://cdn.jsdelivr.net/gh/dennypa77/mass-upload@main/foto-upload/toko2/pin-button/PB-0000013.png,280570
Kaitin.aja,toko2,PIN BUTTON,PB-0000014,varian,E:\Project\Mass upload shopee\foto-upload\toko2\pin-button\PB-0000014.png,https://cdn.jsdelivr.net/gh/dennypa77/mass-upload@main/foto-upload/toko2/pin-button/PB-0000014.png,274026
Kaitin.aja,toko2,PIN BUTTON,PB-0000015,varian,E:\Project\Mass upload shopee\foto-upload\toko2\pin-button\PB-0000015.png,https://cdn.jsdelivr.net/gh/dennypa77/mass-upload@main/foto-upload/toko2/pin-button/PB-0000015.png,357584
Kaitin.aja,toko2,PIN BUTTON,PB-0000016,varian,E:\Project\Mass upload shopee\foto-upload\toko2\pin-button\PB-0000016.png,https://cdn.jsdelivr.net/gh/dennypa77/mass-upload@main/foto-upload/toko2/pin-button/PB-0000016.png,329787
Kaitin.aja,toko2,PIN BUTTON,PB-0000017,varian,E:\Project\Mass upload shopee\foto-upload\toko2\pin-button\PB-0000017.png,https://cdn.jsdelivr.net/gh/dennypa77/mass-upload@main/foto-upload/toko2/pin-button/PB-0000017.png,293821
Kaitin.aja,toko2,PIN BUTTON,PB-0000018,varian,E:\Project\Mass upload shopee\foto-upload\toko2\pin-button\PB-0000018.png,https://cdn.jsdelivr.net/gh/dennypa77/mass-upload@main/foto-upload/toko2/pin-button/PB-0000018.png,334325
Kaitin.aja,toko2,PIN BUTTON,PB-0000019,varian,E:\Project\Mass upload shopee\foto-upload\toko2\pin-button\PB-0000019.png,https://cdn.jsdelivr.net/gh/dennypa77/mass-upload@main/foto-upload/toko2/pin-button/PB-0000019.png,332655
Kaitin.aja,toko2,PIN BUTTON,PB-0000020,varian,E:\Project\Mass upload shopee\foto-upload\toko2\pin-button\PB-0000020.png,https://cdn.jsdelivr.net/gh/dennypa77/mass-upload@main/foto-upload/toko2/pin-button/PB-0000020.png,343312
Kaitin.aja,toko2,PIN BUTTON,PB-0000021,varian,E:\Project\Mass upload shopee\foto-upload\toko2\pin-button\PB-0000021.png,https://cdn.jsdelivr.net/gh/dennypa77/mass-upload@main/foto-upload/toko2/pin-button/PB-0000021.png,370268
Kaitin.aja,toko2,PIN BUTTON,PB-0000022,varian,E:\Project\Mass upload shopee\foto-upload\toko2\pin-button\PB-0000022.png,https://cdn.jsdelivr.net/gh/dennypa77/mass-upload@main/foto-upload/toko2/pin-button/PB-0000022.png,379825
Kaitin.aja,toko2,PIN BUTTON,PB-0000023,varian,E:\Project\Mass upload shopee\foto-upload\toko2\pin-button\PB-0000023.png,https://cdn.jsdelivr.net/gh/dennypa77/mass-upload@main/foto-upload/toko2/pin-button/PB-0000023.png,311030
Kaitin.aja,toko2,PIN BUTTON,PB-0000024,varian,E:\Project\Mass upload shopee\foto-upload\toko2\pin-button\PB-0000024.png,https://cdn.jsdelivr.net/gh/dennypa77/mass-upload@main/foto-upload/toko2/pin-button/PB-0000024.png,336147
Kaitin.aja,toko2,PIN BUTTON,PB-0000025,varian,E:\Project\Mass upload shopee\foto-upload\toko2\pin-button\PB-0000025.png,https://cdn.jsdelivr.net/gh/dennypa77/mass-upload@main/foto-upload/toko2/pin-button/PB-0000025.png,352983
Kaitin.aja,toko2,PIN BUTTON,PB-0000026,varian,E:\Project\Mass upload shopee\foto-upload\toko2\pin-button\PB-0000026.png,https://cdn.jsdelivr.net/gh/dennypa77/mass-upload@main/foto-upload/toko2/pin-button/PB-0000026.png,353677
Kaitin.aja,toko2,PIN BUTTON,PB-0000027,varian,E:\Project\Mass upload shopee\foto-upload\toko2\pin-button\PB-0000027.png,https://cdn.jsdelivr.net/gh/dennypa77/mass-upload@main/foto-upload/toko2/pin-button/PB-0000027.png,328298
Kaitin.aja,toko2,PIN BUTTON,PB-0000028,varian,E:\Project\Mass upload shopee\foto-upload\toko2\pin-button\PB-0000028.png,https://cdn.jsdelivr.net/gh/dennypa77/mass-upload@main/foto-upload/toko2/pin-button/PB-0000028.png,342245
Kaitin.aja,toko2,PIN BUTTON,PB-0000029,varian,E:\Project\Mass upload shopee\foto-upload\toko2\pin-button\PB-0000029.png,https://cdn.jsdelivr.net/gh/dennypa77/mass-upload@main/foto-upload/toko2/pin-button/PB-0000029.png,324706
Kaitin.aja,toko2,PIN BUTTON,PB-0000030,varian,E:\Project\Mass upload shopee\foto-upload\toko2\pin-button\PB-0000030.png,https://cdn.jsdelivr.net/gh/dennypa77/mass-upload@main/foto-upload/toko2/pin-button/PB-0000030.png,333301
Kaitin.aja,toko2,PIN BUTTON,PB-0000031,varian,E:\Project\Mass upload shopee\foto-upload\toko2\pin-button\PB-0000031.png,https://cdn.jsdelivr.net/gh/dennypa77/mass-upload@main/foto-upload/toko2/pin-button/PB-0000031.png,338300
Kaitin.aja,toko2,PIN BUTTON,PB-0000032,varian,E:\Project\Mass upload shopee\foto-upload\toko2\pin-button\PB-0000032.png,https://cdn.jsdelivr.net/gh/dennypa77/mass-upload@main/foto-upload/toko2/pin-button/PB-0000032.png,381958
Kaitin.aja,toko2,PIN BUTTON,PB-0000033,varian,E:\Project\Mass upload shopee\foto-upload\toko2\pin-button\PB-0000033.png,https://cdn.jsdelivr.net/gh/dennypa77/mass-upload@main/foto-upload/toko2/pin-button/PB-0000033.png,270219
Kaitin.aja,toko2,PIN BUTTON,PB-0000034,varian,E:\Project\Mass upload shopee\foto-upload\toko2\pin-button\PB-0000034.png,https://cdn.jsdelivr.net/gh/dennypa77/mass-upload@main/foto-upload/toko2/pin-button/PB-0000034.png,385266
Kaitin.aja,toko2,PIN BUTTON,PB-0000035,varian,E:\Project\Mass upload shopee\foto-upload\toko2\pin-button\PB-0000035.png,https://cdn.jsdelivr.net/gh/dennypa77/mass-upload@main/foto-upload/toko2/pin-button/PB-0000035.png,386267
Kaitin.aja,toko2,PIN BUTTON,PB-0000036,varian,E:\Project\Mass upload shopee\foto-upload\toko2\pin-button\PB-0000036.png,https://cdn.jsdelivr.net/gh/dennypa77/mass-upload@main/foto-upload/toko2/pin-button/PB-0000036.png,352611
Kaitin.aja,toko2,PIN BUTTON,PB-0000037,varian,E:\Project\Mass upload shopee\foto-upload\toko2\pin-button\PB-0000037.png,https://cdn.jsdelivr.net/gh/dennypa77/mass-upload@main/foto-upload/toko2/pin-button/PB-0000037.png,353464
Kaitin.aja,toko2,PIN BUTTON,PB-0000038,varian,E:\Project\Mass upload shopee\foto-upload\toko2\pin-button\PB-0000038.png,https://cdn.jsdelivr.net/gh/dennypa77/mass-upload@main/foto-upload/toko2/pin-button/PB-0000038.png,341028
Kaitin.aja,toko2,PIN BUTTON,PB-0000039,varian,E:\Project\Mass upload shopee\foto-upload\toko2\pin-button\PB-0000039.png,https://cdn.jsdelivr.net/gh/dennypa77/mass-upload@main/foto-upload/toko2/pin-button/PB-0000039.png,359833
Kaitin.aja,toko2,PIN BUTTON,PB-0000040,varian,E:\Project\Mass upload shopee\foto-upload\toko2\pin-button\PB-0000040.png,https://cdn.jsdelivr.net/gh/dennypa77/mass-upload@main/foto-upload/toko2/pin-button/PB-0000040.png,323542
Kaitin.aja,toko2,PIN BUTTON,PB-0000041,varian,E:\Project\Mass upload shopee\foto-upload\toko2\pin-button\PB-0000041.png,https://cdn.jsdelivr.net/gh/dennypa77/mass-upload@main/foto-upload/toko2/pin-button/PB-0000041.png,371565
Kaitin.aja,toko2,PIN BUTTON,PB-0000042,varian,E:\Project\Mass upload shopee\foto-upload\toko2\pin-button\PB-0000042.png,https://cdn.jsdelivr.net/gh/dennypa77/mass-upload@main/foto-upload/toko2/pin-button/PB-0000042.png,403516
Kaitin.aja,toko2,PIN BUTTON,PB-0000043,varian,E:\Project\Mass upload shopee\foto-upload\toko2\pin-button\PB-0000043.png,https://cdn.jsdelivr.net/gh/dennypa77/mass-upload@main/foto-upload/toko2/pin-button/PB-0000043.png,388131
Kaitin.aja,toko2,PIN BUTTON,PB-0000044,varian,E:\Project\Mass upload shopee\foto-upload\toko2\pin-button\PB-0000044.png,https://cdn.jsdelivr.net/gh/dennypa77/mass-upload@main/foto-upload/toko2/pin-button/PB-0000044.png,300656
Kaitin.aja,toko2,PIN BUTTON,PB-0000045,varian,E:\Project\Mass upload shopee\foto-upload\toko2\pin-button\PB-0000045.png,https://cdn.jsdelivr.net/gh/dennypa77/mass-upload@main/foto-upload/toko2/pin-button/PB-0000045.png,353854
Kaitin.aja,toko2,PIN BUTTON,PB-0000046,varian,E:\Project\Mass upload shopee\foto-upload\toko2\pin-button\PB-0000046.png,https://cdn.jsdelivr.net/gh/dennypa77/mass-upload@main/foto-upload/toko2/pin-button/PB-0000046.png,343620
Kaitin.aja,toko2,PIN BUTTON,PB-0000047,varian,E:\Project\Mass upload shopee\foto-upload\toko2\pin-button\PB-0000047.png,https://cdn.jsdelivr.net/gh/dennypa77/mass-upload@main/foto-upload/toko2/pin-button/PB-0000047.png,305997
Kaitin.aja,toko2,PIN BUTTON,PB-0000048,varian,E:\Project\Mass upload shopee\foto-upload\toko2\pin-button\PB-0000048.png,https://cdn.jsdelivr.net/gh/dennypa77/mass-upload@main/foto-upload/toko2/pin-button/PB-0000048.png,375283
Kaitin.aja,toko2,PIN BUTTON,PB-0000049,varian,E:\Project\Mass upload shopee\foto-upload\toko2\pin-button\PB-0000049.png,https://cdn.jsdelivr.net/gh/dennypa77/mass-upload@main/foto-upload/toko2/pin-button/PB-0000049.png,368456
Kaitin.aja,toko2,PIN BUTTON,PB-0000050,varian,E:\Project\Mass upload shopee\foto-upload\toko2\pin-button\PB-0000050.png,https://cdn.jsdelivr.net/gh/dennypa77/mass-upload@main/foto-upload/toko2/pin-button/PB-0000050.png,375105
Kaitin.aja,toko2,PIN BUTTON,PB-0000051,varian,E:\Project\Mass upload shopee\foto-upload\toko2\pin-button\PB-0000051.png,https://cdn.jsdelivr.net/gh/dennypa77/mass-upload@main/foto-upload/toko2/pin-button/PB-0000051.png,376242
Kaitin.aja,toko2,PIN BUTTON,PB-0000052,varian,E:\Project\Mass upload shopee\foto-upload\toko2\pin-button\PB-0000052.png,https://cdn.jsdelivr.net/gh/dennypa77/mass-upload@main/foto-upload/toko2/pin-button/PB-0000052.png,311425
Kaitin.aja,toko2,PIN BUTTON,PB-0000053,varian,E:\Project\Mass upload shopee\foto-upload\toko2\pin-button\PB-0000053.png,https://cdn.jsdelivr.net/gh/dennypa77/mass-upload@main/foto-upload/toko2/pin-button/PB-0000053.png,319967
Kaitin.aja,toko2,PIN BUTTON,PB-0000054,varian,E:\Project\Mass upload shopee\foto-upload\toko2\pin-button\PB-0000054.png,https://cdn.jsdelivr.net/gh/dennypa77/mass-upload@main/foto-upload/toko2/pin-button/PB-0000054.png,304625
Kaitin.aja,toko2,PIN BUTTON,PB-0000055,varian,E:\Project\Mass upload shopee\foto-upload\toko2\pin-button\PB-0000055.png,https://cdn.jsdelivr.net/gh/dennypa77/mass-upload@main/foto-upload/toko2/pin-button/PB-0000055.png,319939
Kaitin.aja,toko2,PIN BUTTON,PB-0000056,varian,E:\Project\Mass upload shopee\foto-upload\toko2\pin-button\PB-0000056.png,https://cdn.jsdelivr.net/gh/dennypa77/mass-upload@main/foto-upload/toko2/pin-button/PB-0000056.png,305139
Kaitin.aja,toko2,PIN BUTTON,PB-0000057,varian,E:\Project\Mass upload shopee\foto-upload\toko2\pin-button\PB-0000057.png,https://cdn.jsdelivr.net/gh/dennypa77/mass-upload@main/foto-upload/toko2/pin-button/PB-0000057.png,310780
Kaitin.aja,toko2,PIN BUTTON,PB-0000058,varian,E:\Project\Mass upload shopee\foto-upload\toko2\pin-button\PB-0000058.png,https://cdn.jsdelivr.net/gh/dennypa77/mass-upload@main/foto-upload/toko2/pin-button/PB-0000058.png,301393
Kaitin.aja,toko2,PIN BUTTON,PB-0000059,varian,E:\Project\Mass upload shopee\foto-upload\toko2\pin-button\PB-0000059.png,https://cdn.jsdelivr.net/gh/dennypa77/mass-upload@main/foto-upload/toko2/pin-button/PB-0000059.png,296002
Kaitin.aja,toko2,PIN BUTTON,PB-0000060,varian,E:\Project\Mass upload shopee\foto-upload\toko2\pin-button\PB-0000060.png,https://cdn.jsdelivr.net/gh/dennypa77/mass-upload@main/foto-upload/toko2/pin-button/PB-0000060.png,367875
Kaitin.aja,toko2,PIN BUTTON,PB-0000061,varian,E:\Project\Mass upload shopee\foto-upload\toko2\pin-button\PB-0000061.png,https://cdn.jsdelivr.net/gh/dennypa77/mass-upload@main/foto-upload/toko2/pin-button/PB-0000061.png,300558
Kaitin.aja,toko2,PIN BUTTON,PB-0000062,varian,E:\Project\Mass upload shopee\foto-upload\toko2\pin-button\PB-0000062.png,https://cdn.jsdelivr.net/gh/dennypa77/mass-upload@main/foto-upload/toko2/pin-button/PB-0000062.png,370724
Kaitin.aja,toko2,PIN BUTTON,PB-0000063,varian,E:\Project\Mass upload shopee\foto-upload\toko2\pin-button\PB-0000063.png,https://cdn.jsdelivr.net/gh/dennypa77/mass-upload@main/foto-upload/toko2/pin-button/PB-0000063.png,345502
Kaitin.aja,toko2,PIN BUTTON,PB-0000064,varian,E:\Project\Mass upload shopee\foto-upload\toko2\pin-button\PB-0000064.png,https://cdn.jsdelivr.net/gh/dennypa77/mass-upload@main/foto-upload/toko2/pin-button/PB-0000064.png,321479
Kaitin.aja,toko2,PIN BUTTON,PB-0000065,varian,E:\Project\Mass upload shopee\foto-upload\toko2\pin-button\PB-0000065.png,https://cdn.jsdelivr.net/gh/dennypa77/mass-upload@main/foto-upload/toko2/pin-button/PB-0000065.png,338297
Kaitin.aja,toko2,PIN BUTTON,PB-0000066,varian,E:\Project\Mass upload shopee\foto-upload\toko2\pin-button\PB-0000066.png,https://cdn.jsdelivr.net/gh/dennypa77/mass-upload@main/foto-upload/toko2/pin-button/PB-0000066.png,314436
Kaitin.aja,toko2,PIN BUTTON,PB-0000067,varian,E:\Project\Mass upload shopee\foto-upload\toko2\pin-button\PB-0000067.png,https://cdn.jsdelivr.net/gh/dennypa77/mass-upload@main/foto-upload/toko2/pin-button/PB-0000067.png,316515
Kaitin.aja,toko2,PIN BUTTON,PB-0000068,varian,E:\Project\Mass upload shopee\foto-upload\toko2\pin-button\PB-0000068.png,https://cdn.jsdelivr.net/gh/dennypa77/mass-upload@main/foto-upload/toko2/pin-button/PB-0000068.png,311695
Kaitin.aja,toko2,PIN BUTTON,PB-0000069,varian,E:\Project\Mass upload shopee\foto-upload\toko2\pin-button\PB-0000069.png,https://cdn.jsdelivr.net/gh/dennypa77/mass-upload@main/foto-upload/toko2/pin-button/PB-0000069.png,323710
Kaitin.aja,toko2,PIN BUTTON,PB-0000070,varian,E:\Project\Mass upload shopee\foto-upload\toko2\pin-button\PB-0000070.png,https://cdn.jsdelivr.net/gh/dennypa77/mass-upload@main/foto-upload/toko2/pin-button/PB-0000070.png,345655
Kaitin.aja,toko2,PIN BUTTON,PB-0000071,varian,E:\Project\Mass upload shopee\foto-upload\toko2\pin-button\PB-0000071.png,https://cdn.jsdelivr.net/gh/dennypa77/mass-upload@main/foto-upload/toko2/pin-button/PB-0000071.png,252665
Kaitin.aja,toko2,PIN BUTTON,PB-0000072,varian,E:\Project\Mass upload shopee\foto-upload\toko2\pin-button\PB-0000072.png,https://cdn.jsdelivr.net/gh/dennypa77/mass-upload@main/foto-upload/toko2/pin-button/PB-0000072.png,301798
Kaitin.aja,toko2,PIN BUTTON,PB-0000073,varian,E:\Project\Mass upload shopee\foto-upload\toko2\pin-button\PB-0000073.png,https://cdn.jsdelivr.net/gh/dennypa77/mass-upload@main/foto-upload/toko2/pin-button/PB-0000073.png,264441
Kaitin.aja,toko2,PIN BUTTON,PB-0000074,varian,E:\Project\Mass upload shopee\foto-upload\toko2\pin-button\PB-0000074.png,https://cdn.jsdelivr.net/gh/dennypa77/mass-upload@main/foto-upload/toko2/pin-button/PB-0000074.png,228679
Kaitin.aja,toko2,PIN BUTTON,PB-0000075,varian,E:\Project\Mass upload shopee\foto-upload\toko2\pin-button\PB-0000075.png,https://cdn.jsdelivr.net/gh/dennypa77/mass-upload@main/foto-upload/toko2/pin-button/PB-0000075.png,291053
Kaitin.aja,toko2,PIN BUTTON,PB-0000076,varian,E:\Project\Mass upload shopee\foto-upload\toko2\pin-button\PB-0000076.png,https://cdn.jsdelivr.net/gh/dennypa77/mass-upload@main/foto-upload/toko2/pin-button/PB-0000076.png,257895
Kaitin.aja,toko2,PIN BUTTON,PB-0000077,varian,E:\Project\Mass upload shopee\foto-upload\toko2\pin-button\PB-0000077.png,https://cdn.jsdelivr.net/gh/dennypa77/mass-upload@main/foto-upload/toko2/pin-button/PB-0000077.png,293424
Kaitin.aja,toko2,PIN BUTTON,PB-0000078,varian,E:\Project\Mass upload shopee\foto-upload\toko2\pin-button\PB-0000078.png,https://cdn.jsdelivr.net/gh/dennypa77/mass-upload@main/foto-upload/toko2/pin-button/PB-0000078.png,337120
Kaitin.aja,toko2,PIN BUTTON,PB-0000079,varian,E:\Project\Mass upload shopee\foto-upload\toko2\pin-button\PB-0000079.png,https://cdn.jsdelivr.net/gh/dennypa77/mass-upload@main/foto-upload/toko2/pin-button/PB-0000079.png,324549
Kaitin.aja,toko2,PIN BUTTON,PB-0000080,varian,E:\Project\Mass upload shopee\foto-upload\toko2\pin-button\PB-0000080.png,https://cdn.jsdelivr.net/gh/dennypa77/mass-upload@main/foto-upload/toko2/pin-button/PB-0000080.png,300904
Kaitin.aja,toko2,PIN BUTTON,PB-0000081,varian,E:\Project\Mass upload shopee\foto-upload\toko2\pin-button\PB-0000081.png,https://cdn.jsdelivr.net/gh/dennypa77/mass-upload@main/foto-upload/toko2/pin-button/PB-0000081.png,239830
Kaitin.aja,toko2,PIN BUTTON,PB-0000082,varian,E:\Project\Mass upload shopee\foto-upload\toko2\pin-button\PB-0000082.png,https://cdn.jsdelivr.net/gh/dennypa77/mass-upload@main/foto-upload/toko2/pin-button/PB-0000082.png,345478
Kaitin.aja,toko2,PIN BUTTON,PB-0000083,varian,E:\Project\Mass upload shopee\foto-upload\toko2\pin-button\PB-0000083.png,https://cdn.jsdelivr.net/gh/dennypa77/mass-upload@main/foto-upload/toko2/pin-button/PB-0000083.png,320541
Kaitin.aja,toko2,PIN BUTTON,PB-0000084,varian,E:\Project\Mass upload shopee\foto-upload\toko2\pin-button\PB-0000084.png,https://cdn.jsdelivr.net/gh/dennypa77/mass-upload@main/foto-upload/toko2/pin-button/PB-0000084.png,266206
Kaitin.aja,toko2,PIN BUTTON,PB-0000085,varian,E:\Project\Mass upload shopee\foto-upload\toko2\pin-button\PB-0000085.png,https://cdn.jsdelivr.net/gh/dennypa77/mass-upload@main/foto-upload/toko2/pin-button/PB-0000085.png,270455
Kaitin.aja,toko2,PIN BUTTON,PB-0000086,varian,E:\Project\Mass upload shopee\foto-upload\toko2\pin-button\PB-0000086.png,https://cdn.jsdelivr.net/gh/dennypa77/mass-upload@main/foto-upload/toko2/pin-button/PB-0000086.png,267077
Kaitin.aja,toko2,PIN BUTTON,PB-0000087,varian,E:\Project\Mass upload shopee\foto-upload\toko2\pin-button\PB-0000087.png,https://cdn.jsdelivr.net/gh/dennypa77/mass-upload@main/foto-upload/toko2/pin-button/PB-0000087.png,245147
Kaitin.aja,toko2,PIN BUTTON,PB-0000088,varian,E:\Project\Mass upload shopee\foto-upload\toko2\pin-button\PB-0000088.png,https://cdn.jsdelivr.net/gh/dennypa77/mass-upload@main/foto-upload/toko2/pin-button/PB-0000088.png,325439
Kaitin.aja,toko2,PIN BUTTON,PB-0000089,varian,E:\Project\Mass upload shopee\foto-upload\toko2\pin-button\PB-0000089.png,https://cdn.jsdelivr.net/gh/dennypa77/mass-upload@main/foto-upload/toko2/pin-button/PB-0000089.png,301705
Kaitin.aja,toko2,PIN BUTTON,PB-0000090,varian,E:\Project\Mass upload shopee\foto-upload\toko2\pin-button\PB-0000090.png,https://cdn.jsdelivr.net/gh/dennypa77/mass-upload@main/foto-upload/toko2/pin-button/PB-0000090.png,252079
Kaitin.aja,toko2,PIN BUTTON,PB-0000091,varian,E:\Project\Mass upload shopee\foto-upload\toko2\pin-button\PB-0000091.png,https://cdn.jsdelivr.net/gh/dennypa77/mass-upload@main/foto-upload/toko2/pin-button/PB-0000091.png,272741
Kaitin.aja,toko2,PIN BUTTON,PB-0000092,varian,E:\Project\Mass upload shopee\foto-upload\toko2\pin-button\PB-0000092.png,https://cdn.jsdelivr.net/gh/dennypa77/mass-upload@main/foto-upload/toko2/pin-button/PB-0000092.png,315082
Kaitin.aja,toko2,PIN BUTTON,PB-0000093,varian,E:\Project\Mass upload shopee\foto-upload\toko2\pin-button\PB-0000093.png,https://cdn.jsdelivr.net/gh/dennypa77/mass-upload@main/foto-upload/toko2/pin-button/PB-0000093.png,325933
Kaitin.aja,toko2,PIN BUTTON,PB-0000094,varian,E:\Project\Mass upload shopee\foto-upload\toko2\pin-button\PB-0000094.png,https://cdn.jsdelivr.net/gh/dennypa77/mass-upload@main/foto-upload/toko2/pin-button/PB-0000094.png,371185
Kaitin.aja,toko2,PIN BUTTON,PB-0000095,varian,E:\Project\Mass upload shopee\foto-upload\toko2\pin-button\PB-0000095.png,https://cdn.jsdelivr.net/gh/dennypa77/mass-upload@main/foto-upload/toko2/pin-button/PB-0000095.png,339090
Kaitin.aja,toko2,PIN BUTTON,PB-0000096,varian,E:\Project\Mass upload shopee\foto-upload\toko2\pin-button\PB-0000096.png,https://cdn.jsdelivr.net/gh/dennypa77/mass-upload@main/foto-upload/toko2/pin-button/PB-0000096.png,290593
Kaitin.aja,toko2,PIN BUTTON,PB-0000097,varian,E:\Project\Mass upload shopee\foto-upload\toko2\pin-button\PB-0000097.png,https://cdn.jsdelivr.net/gh/dennypa77/mass-upload@main/foto-upload/toko2/pin-button/PB-0000097.png,291221
Kaitin.aja,toko2,PIN BUTTON,PB-0000098,varian,E:\Project\Mass upload shopee\foto-upload\toko2\pin-button\PB-0000098.png,https://cdn.jsdelivr.net/gh/dennypa77/mass-upload@main/foto-upload/toko2/pin-button/PB-0000098.png,315218
Kaitin.aja,toko2,PIN BUTTON,PB-0000099,varian,E:\Project\Mass upload shopee\foto-upload\toko2\pin-button\PB-0000099.png,https://cdn.jsdelivr.net/gh/dennypa77/mass-upload@main/foto-upload/toko2/pin-button/PB-0000099.png,276464
Kaitin.aja,toko2,PIN BUTTON,PB-0000100,varian,E:\Project\Mass upload shopee\foto-upload\toko2\pin-button\PB-0000100.png,https://cdn.jsdelivr.net/gh/dennypa77/mass-upload@main/foto-upload/toko2/pin-button/PB-0000100.png,334402
Kaitin.aja,toko2,PIN BUTTON,PB-0000151,varian,E:\Project\Mass upload shopee\foto-upload\toko2\pin-button\PB-0000151.png,https://cdn.jsdelivr.net/gh/dennypa77/mass-upload@main/foto-upload/toko2/pin-button/PB-0000151.png,399227
Kaitin.aja,toko2,PIN BUTTON,PB-0000152,varian,E:\Project\Mass upload shopee\foto-upload\toko2\pin-button\PB-0000152.png,https://cdn.jsdelivr.net/gh/dennypa77/mass-upload@main/foto-upload/toko2/pin-button/PB-0000152.png,365101
Kaitin.aja,toko2,PIN BUTTON,PB-0000153,varian,E:\Project\Mass upload shopee\foto-upload\toko2\pin-button\PB-0000153.png,https://cdn.jsdelivr.net/gh/dennypa77/mass-upload@main/foto-upload/toko2/pin-button/PB-0000153.png,345699
Kaitin.aja,toko2,PIN BUTTON,PB-0000154,varian,E:\Project\Mass upload shopee\foto-upload\toko2\pin-button\PB-0000154.png,https://cdn.jsdelivr.net/gh/dennypa77/mass-upload@main/foto-upload/toko2/pin-button/PB-0000154.png,349139
Kaitin.aja,toko2,PIN BUTTON,PB-0000155,varian,E:\Project\Mass upload shopee\foto-upload\toko2\pin-button\PB-0000155.png,https://cdn.jsdelivr.net/gh/dennypa77/mass-upload@main/foto-upload/toko2/pin-button/PB-0000155.png,354950
Kaitin.aja,toko2,PIN BUTTON,PB-0000156,varian,E:\Project\Mass upload shopee\foto-upload\toko2\pin-button\PB-0000156.png,https://cdn.jsdelivr.net/gh/dennypa77/mass-upload@main/foto-upload/toko2/pin-button/PB-0000156.png,345809
Kaitin.aja,toko2,PIN BUTTON,PB-0000157,varian,E:\Project\Mass upload shopee\foto-upload\toko2\pin-button\PB-0000157.png,https://cdn.jsdelivr.net/gh/dennypa77/mass-upload@main/foto-upload/toko2/pin-button/PB-0000157.png,294029
Kaitin.aja,toko2,PIN BUTTON,PB-0000158,varian,E:\Project\Mass upload shopee\foto-upload\toko2\pin-button\PB-0000158.png,https://cdn.jsdelivr.net/gh/dennypa77/mass-upload@main/foto-upload/toko2/pin-button/PB-0000158.png,330345
Kaitin.aja,toko2,PIN BUTTON,PB-0000159,varian,E:\Project\Mass upload shopee\foto-upload\toko2\pin-button\PB-0000159.png,https://cdn.jsdelivr.net/gh/dennypa77/mass-upload@main/foto-upload/toko2/pin-button/PB-0000159.png,356209
Kaitin.aja,toko2,PIN BUTTON,PB-0000160,varian,E:\Project\Mass upload shopee\foto-upload\toko2\pin-button\PB-0000160.png,https://cdn.jsdelivr.net/gh/dennypa77/mass-upload@main/foto-upload/toko2/pin-button/PB-0000160.png,308292
Kaitin.aja,toko2,PIN BUTTON,PB-0000161,varian,E:\Project\Mass upload shopee\foto-upload\toko2\pin-button\PB-0000161.png,https://cdn.jsdelivr.net/gh/dennypa77/mass-upload@main/foto-upload/toko2/pin-button/PB-0000161.png,329014
Kaitin.aja,toko2,PIN BUTTON,PB-0000162,varian,E:\Project\Mass upload shopee\foto-upload\toko2\pin-button\PB-0000162.png,https://cdn.jsdelivr.net/gh/dennypa77/mass-upload@main/foto-upload/toko2/pin-button/PB-0000162.png,398904
Kaitin.aja,toko2,PIN BUTTON,PB-0000163,varian,E:\Project\Mass upload shopee\foto-upload\toko2\pin-button\PB-0000163.png,https://cdn.jsdelivr.net/gh/dennypa77/mass-upload@main/foto-upload/toko2/pin-button/PB-0000163.png,345038
Kaitin.aja,toko2,PIN BUTTON,PB-0000164,varian,E:\Project\Mass upload shopee\foto-upload\toko2\pin-button\PB-0000164.png,https://cdn.jsdelivr.net/gh/dennypa77/mass-upload@main/foto-upload/toko2/pin-button/PB-0000164.png,334979
Kaitin.aja,toko2,PIN BUTTON,PB-0000165,varian,E:\Project\Mass upload shopee\foto-upload\toko2\pin-button\PB-0000165.png,https://cdn.jsdelivr.net/gh/dennypa77/mass-upload@main/foto-upload/toko2/pin-button/PB-0000165.png,307788
Kaitin.aja,toko2,PIN BUTTON,PB-0000166,varian,E:\Project\Mass upload shopee\foto-upload\toko2\pin-button\PB-0000166.png,https://cdn.jsdelivr.net/gh/dennypa77/mass-upload@main/foto-upload/toko2/pin-button/PB-0000166.png,267216
Kaitin.aja,toko2,PIN BUTTON,PB-0000167,varian,E:\Project\Mass upload shopee\foto-upload\toko2\pin-button\PB-0000167.png,https://cdn.jsdelivr.net/gh/dennypa77/mass-upload@main/foto-upload/toko2/pin-button/PB-0000167.png,287070
Kaitin.aja,toko2,PIN BUTTON,PB-0000168,varian,E:\Project\Mass upload shopee\foto-upload\toko2\pin-button\PB-0000168.png,https://cdn.jsdelivr.net/gh/dennypa77/mass-upload@main/foto-upload/toko2/pin-button/PB-0000168.png,358168
Kaitin.aja,toko2,PIN BUTTON,PB-0000169,varian,E:\Project\Mass upload shopee\foto-upload\toko2\pin-button\PB-0000169.png,https://cdn.jsdelivr.net/gh/dennypa77/mass-upload@main/foto-upload/toko2/pin-button/PB-0000169.png,282057
Kaitin.aja,toko2,PIN BUTTON,PB-0000170,varian,E:\Project\Mass upload shopee\foto-upload\toko2\pin-button\PB-0000170.png,https://cdn.jsdelivr.net/gh/dennypa77/mass-upload@main/foto-upload/toko2/pin-button/PB-0000170.png,310372
Kaitin.aja,toko2,PIN BUTTON,PB-0000171,varian,E:\Project\Mass upload shopee\foto-upload\toko2\pin-button\PB-0000171.png,https://cdn.jsdelivr.net/gh/dennypa77/mass-upload@main/foto-upload/toko2/pin-button/PB-0000171.png,330159
Kaitin.aja,toko2,PIN BUTTON,PB-0000172,varian,E:\Project\Mass upload shopee\foto-upload\toko2\pin-button\PB-0000172.png,https://cdn.jsdelivr.net/gh/dennypa77/mass-upload@main/foto-upload/toko2/pin-button/PB-0000172.png,323282
Kaitin.aja,toko2,PIN BUTTON,PB-0000173,varian,E:\Project\Mass upload shopee\foto-upload\toko2\pin-button\PB-0000173.png,https://cdn.jsdelivr.net/gh/dennypa77/mass-upload@main/foto-upload/toko2/pin-button/PB-0000173.png,290608
Kaitin.aja,toko2,PIN BUTTON,PB-0000174,varian,E:\Project\Mass upload shopee\foto-upload\toko2\pin-button\PB-0000174.png,https://cdn.jsdelivr.net/gh/dennypa77/mass-upload@main/foto-upload/toko2/pin-button/PB-0000174.png,369411
Kaitin.aja,toko2,PIN BUTTON,PB-0000175,varian,E:\Project\Mass upload shopee\foto-upload\toko2\pin-button\PB-0000175.png,https://cdn.jsdelivr.net/gh/dennypa77/mass-upload@main/foto-upload/toko2/pin-button/PB-0000175.png,351218
Kaitin.aja,toko2,PIN BUTTON,PB-0000176,varian,E:\Project\Mass upload shopee\foto-upload\toko2\pin-button\PB-0000176.png,https://cdn.jsdelivr.net/gh/dennypa77/mass-upload@main/foto-upload/toko2/pin-button/PB-0000176.png,293309
Kaitin.aja,toko2,PIN BUTTON,PB-0000177,varian,E:\Project\Mass upload shopee\foto-upload\toko2\pin-button\PB-0000177.png,https://cdn.jsdelivr.net/gh/dennypa77/mass-upload@main/foto-upload/toko2/pin-button/PB-0000177.png,329087
Kaitin.aja,toko2,PIN BUTTON,PB-0000178,varian,E:\Project\Mass upload shopee\foto-upload\toko2\pin-button\PB-0000178.png,https://cdn.jsdelivr.net/gh/dennypa77/mass-upload@main/foto-upload/toko2/pin-button/PB-0000178.png,383220
Kaitin.aja,toko2,PIN BUTTON,PB-0000179,varian,E:\Project\Mass upload shopee\foto-upload\toko2\pin-button\PB-0000179.png,https://cdn.jsdelivr.net/gh/dennypa77/mass-upload@main/foto-upload/toko2/pin-button/PB-0000179.png,336396
Kaitin.aja,toko2,PIN BUTTON,PB-0000180,varian,E:\Project\Mass upload shopee\foto-upload\toko2\pin-button\PB-0000180.png,https://cdn.jsdelivr.net/gh/dennypa77/mass-upload@main/foto-upload/toko2/pin-button/PB-0000180.png,332341
Kaitin.aja,toko2,PIN BUTTON,PB-0000181,varian,E:\Project\Mass upload shopee\foto-upload\toko2\pin-button\PB-0000181.png,https://cdn.jsdelivr.net/gh/dennypa77/mass-upload@main/foto-upload/toko2/pin-button/PB-0000181.png,325183
Kaitin.aja,toko2,PIN BUTTON,PB-0000182,varian,E:\Project\Mass upload shopee\foto-upload\toko2\pin-button\PB-0000182.png,https://cdn.jsdelivr.net/gh/dennypa77/mass-upload@main/foto-upload/toko2/pin-button/PB-0000182.png,301720
Kaitin.aja,toko2,PIN BUTTON,PB-0000183,varian,E:\Project\Mass upload shopee\foto-upload\toko2\pin-button\PB-0000183.png,https://cdn.jsdelivr.net/gh/dennypa77/mass-upload@main/foto-upload/toko2/pin-button/PB-0000183.png,306850
Kaitin.aja,toko2,PIN BUTTON,PB-0000184,varian,E:\Project\Mass upload shopee\foto-upload\toko2\pin-button\PB-0000184.png,https://cdn.jsdelivr.net/gh/dennypa77/mass-upload@main/foto-upload/toko2/pin-button/PB-0000184.png,350363
Kaitin.aja,toko2,PIN BUTTON,PB-0000185,varian,E:\Project\Mass upload shopee\foto-upload\toko2\pin-button\PB-0000185.png,https://cdn.jsdelivr.net/gh/dennypa77/mass-upload@main/foto-upload/toko2/pin-button/PB-0000185.png,321438
Kaitin.aja,toko2,PIN BUTTON,PB-0000186,varian,E:\Project\Mass upload shopee\foto-upload\toko2\pin-button\PB-0000186.png,https://cdn.jsdelivr.net/gh/dennypa77/mass-upload@main/foto-upload/toko2/pin-button/PB-0000186.png,251889
Kaitin.aja,toko2,PIN BUTTON,PB-0000187,varian,E:\Project\Mass upload shopee\foto-upload\toko2\pin-button\PB-0000187.png,https://cdn.jsdelivr.net/gh/dennypa77/mass-upload@main/foto-upload/toko2/pin-button/PB-0000187.png,305453
Kaitin.aja,toko2,PIN BUTTON,PB-0000188,varian,E:\Project\Mass upload shopee\foto-upload\toko2\pin-button\PB-0000188.png,https://cdn.jsdelivr.net/gh/dennypa77/mass-upload@main/foto-upload/toko2/pin-button/PB-0000188.png,372924
Kaitin.aja,toko2,PIN BUTTON,PB-0000189,varian,E:\Project\Mass upload shopee\foto-upload\toko2\pin-button\PB-0000189.png,https://cdn.jsdelivr.net/gh/dennypa77/mass-upload@main/foto-upload/toko2/pin-button/PB-0000189.png,318155
Kaitin.aja,toko2,PIN BUTTON,PB-0000190,varian,E:\Project\Mass upload shopee\foto-upload\toko2\pin-button\PB-0000190.png,https://cdn.jsdelivr.net/gh/dennypa77/mass-upload@main/foto-upload/toko2/pin-button/PB-0000190.png,306279
Kaitin.aja,toko2,PIN BUTTON,PB-0000191,varian,E:\Project\Mass upload shopee\foto-upload\toko2\pin-button\PB-0000191.png,https://cdn.jsdelivr.net/gh/dennypa77/mass-upload@main/foto-upload/toko2/pin-button/PB-0000191.png,302954
Kaitin.aja,toko2,PIN BUTTON,PB-0000192,varian,E:\Project\Mass upload shopee\foto-upload\toko2\pin-button\PB-0000192.png,https://cdn.jsdelivr.net/gh/dennypa77/mass-upload@main/foto-upload/toko2/pin-button/PB-0000192.png,306217
Kaitin.aja,toko2,PIN BUTTON,PB-0000193,varian,E:\Project\Mass upload shopee\foto-upload\toko2\pin-button\PB-0000193.png,https://cdn.jsdelivr.net/gh/dennypa77/mass-upload@main/foto-upload/toko2/pin-button/PB-0000193.png,299191
Kaitin.aja,toko2,PIN BUTTON,PB-0000194,varian,E:\Project\Mass upload shopee\foto-upload\toko2\pin-button\PB-0000194.png,https://cdn.jsdelivr.net/gh/dennypa77/mass-upload@main/foto-upload/toko2/pin-button/PB-0000194.png,362562
Kaitin.aja,toko2,PIN BUTTON,PB-0000195,varian,E:\Project\Mass upload shopee\foto-upload\toko2\pin-button\PB-0000195.png,https://cdn.jsdelivr.net/gh/dennypa77/mass-upload@main/foto-upload/toko2/pin-button/PB-0000195.png,367870
Kaitin.aja,toko2,PIN BUTTON,PB-0000196,varian,E:\Project\Mass upload shopee\foto-upload\toko2\pin-button\PB-0000196.png,https://cdn.jsdelivr.net/gh/dennypa77/mass-upload@main/foto-upload/toko2/pin-button/PB-0000196.png,350260
Kaitin.aja,toko2,PIN BUTTON,PB-0000197,varian,E:\Project\Mass upload shopee\foto-upload\toko2\pin-button\PB-0000197.png,https://cdn.jsdelivr.net/gh/dennypa77/mass-upload@main/foto-upload/toko2/pin-button/PB-0000197.png,334927
Kaitin.aja,toko2,PIN BUTTON,PB-0000198,varian,E:\Project\Mass upload shopee\foto-upload\toko2\pin-button\PB-0000198.png,https://cdn.jsdelivr.net/gh/dennypa77/mass-upload@main/foto-upload/toko2/pin-button/PB-0000198.png,288090
Kaitin.aja,toko2,PIN BUTTON,PB-0000199,varian,E:\Project\Mass upload shopee\foto-upload\toko2\pin-button\PB-0000199.png,https://cdn.jsdelivr.net/gh/dennypa77/mass-upload@main/foto-upload/toko2/pin-button/PB-0000199.png,312902
Kaitin.aja,toko2,PIN BUTTON,PB-0000200,varian,E:\Project\Mass upload shopee\foto-upload\toko2\pin-button\PB-0000200.png,https://cdn.jsdelivr.net/gh/dennypa77/mass-upload@main/foto-upload/toko2/pin-button/PB-0000200.png,337145
Kaitin.aja,toko2,PIN BUTTON,PB-0000201,varian,E:\Project\Mass upload shopee\foto-upload\toko2\pin-button\PB-0000201.png,https://cdn.jsdelivr.net/gh/dennypa77/mass-upload@main/foto-upload/toko2/pin-button/PB-0000201.png,900541
Kaitin.aja,toko2,PIN BUTTON,PB-0000202,varian,E:\Project\Mass upload shopee\foto-upload\toko2\pin-button\PB-0000202.png,https://cdn.jsdelivr.net/gh/dennypa77/mass-upload@main/foto-upload/toko2/pin-button/PB-0000202.png,976015
Kaitin.aja,toko2,PIN BUTTON,PB-0000203,varian,E:\Project\Mass upload shopee\foto-upload\toko2\pin-button\PB-0000203.png,https://cdn.jsdelivr.net/gh/dennypa77/mass-upload@main/foto-upload/toko2/pin-button/PB-0000203.png,946298
Kaitin.aja,toko2,PIN BUTTON,PB-0000204,varian,E:\Project\Mass upload shopee\foto-upload\toko2\pin-button\PB-0000204.png,https://cdn.jsdelivr.net/gh/dennypa77/mass-upload@main/foto-upload/toko2/pin-button/PB-0000204.png,801884
Kaitin.aja,toko2,PIN BUTTON,PB-0000205,varian,E:\Project\Mass upload shopee\foto-upload\toko2\pin-button\PB-0000205.png,https://cdn.jsdelivr.net/gh/dennypa77/mass-upload@main/foto-upload/toko2/pin-button/PB-0000205.png,683470
Kaitin.aja,toko2,PIN BUTTON,PB-0000206,varian,E:\Project\Mass upload shopee\foto-upload\toko2\pin-button\PB-0000206.png,https://cdn.jsdelivr.net/gh/dennypa77/mass-upload@main/foto-upload/toko2/pin-button/PB-0000206.png,746534
Kaitin.aja,toko2,PIN BUTTON,PB-0000207,varian,E:\Project\Mass upload shopee\foto-upload\toko2\pin-button\PB-0000207.png,https://cdn.jsdelivr.net/gh/dennypa77/mass-upload@main/foto-upload/toko2/pin-button/PB-0000207.png,860598
Kaitin.aja,toko2,PIN BUTTON,PB-0000208,varian,E:\Project\Mass upload shopee\foto-upload\toko2\pin-button\PB-0000208.png,https://cdn.jsdelivr.net/gh/dennypa77/mass-upload@main/foto-upload/toko2/pin-button/PB-0000208.png,933725
Kaitin.aja,toko2,PIN BUTTON,PB-0000209,varian,E:\Project\Mass upload shopee\foto-upload\toko2\pin-button\PB-0000209.png,https://cdn.jsdelivr.net/gh/dennypa77/mass-upload@main/foto-upload/toko2/pin-button/PB-0000209.png,1032662
Kaitin.aja,toko2,PIN BUTTON,PB-0000210,varian,E:\Project\Mass upload shopee\foto-upload\toko2\pin-button\PB-0000210.png,https://cdn.jsdelivr.net/gh/dennypa77/mass-upload@main/foto-upload/toko2/pin-button/PB-0000210.png,1013220
Kaitin.aja,toko2,PIN BUTTON,PB-0000211,varian,E:\Project\Mass upload shopee\foto-upload\toko2\pin-button\PB-0000211.png,https://cdn.jsdelivr.net/gh/dennypa77/mass-upload@main/foto-upload/toko2/pin-button/PB-0000211.png,843449
Kaitin.aja,toko2,PIN BUTTON,PB-0000212,varian,E:\Project\Mass upload shopee\foto-upload\toko2\pin-button\PB-0000212.png,https://cdn.jsdelivr.net/gh/dennypa77/mass-upload@main/foto-upload/toko2/pin-button/PB-0000212.png,992792
Kaitin.aja,toko2,PIN BUTTON,PB-0000213,varian,E:\Project\Mass upload shopee\foto-upload\toko2\pin-button\PB-0000213.png,https://cdn.jsdelivr.net/gh/dennypa77/mass-upload@main/foto-upload/toko2/pin-button/PB-0000213.png,993699
Kaitin.aja,toko2,PIN BUTTON,PB-0000214,varian,E:\Project\Mass upload shopee\foto-upload\toko2\pin-button\PB-0000214.png,https://cdn.jsdelivr.net/gh/dennypa77/mass-upload@main/foto-upload/toko2/pin-button/PB-0000214.png,932091
Kaitin.aja,toko2,PIN BUTTON,PB-0000215,varian,E:\Project\Mass upload shopee\foto-upload\toko2\pin-button\PB-0000215.png,https://cdn.jsdelivr.net/gh/dennypa77/mass-upload@main/foto-upload/toko2/pin-button/PB-0000215.png,1091866
Kaitin.aja,toko2,PIN BUTTON,PB-0000216,varian,E:\Project\Mass upload shopee\foto-upload\toko2\pin-button\PB-0000216.png,https://cdn.jsdelivr.net/gh/dennypa77/mass-upload@main/foto-upload/toko2/pin-button/PB-0000216.png,945379
Kaitin.aja,toko2,PIN BUTTON,PB-0000217,varian,E:\Project\Mass upload shopee\foto-upload\toko2\pin-button\PB-0000217.png,https://cdn.jsdelivr.net/gh/dennypa77/mass-upload@main/foto-upload/toko2/pin-button/PB-0000217.png,922165
Kaitin.aja,toko2,PIN BUTTON,PB-0000218,varian,E:\Project\Mass upload shopee\foto-upload\toko2\pin-button\PB-0000218.png,https://cdn.jsdelivr.net/gh/dennypa77/mass-upload@main/foto-upload/toko2/pin-button/PB-0000218.png,1094004
Kaitin.aja,toko2,PIN BUTTON,PB-0000219,varian,E:\Project\Mass upload shopee\foto-upload\toko2\pin-button\PB-0000219.png,https://cdn.jsdelivr.net/gh/dennypa77/mass-upload@main/foto-upload/toko2/pin-button/PB-0000219.png,766251
Kaitin.aja,toko2,PIN BUTTON,PB-0000220,varian,E:\Project\Mass upload shopee\foto-upload\toko2\pin-button\PB-0000220.png,https://cdn.jsdelivr.net/gh/dennypa77/mass-upload@main/foto-upload/toko2/pin-button/PB-0000220.png,723989
Kaitin.aja,toko2,PIN BUTTON,PB-0000221,varian,E:\Project\Mass upload shopee\foto-upload\toko2\pin-button\PB-0000221.png,https://cdn.jsdelivr.net/gh/dennypa77/mass-upload@main/foto-upload/toko2/pin-button/PB-0000221.png,1033420
Kaitin.aja,toko2,PIN BUTTON,PB-0000222,varian,E:\Project\Mass upload shopee\foto-upload\toko2\pin-button\PB-0000222.png,https://cdn.jsdelivr.net/gh/dennypa77/mass-upload@main/foto-upload/toko2/pin-button/PB-0000222.png,875957
Kaitin.aja,toko2,PIN BUTTON,PB-0000223,varian,E:\Project\Mass upload shopee\foto-upload\toko2\pin-button\PB-0000223.png,https://cdn.jsdelivr.net/gh/dennypa77/mass-upload@main/foto-upload/toko2/pin-button/PB-0000223.png,883205
Kaitin.aja,toko2,PIN BUTTON,PB-0000224,varian,E:\Project\Mass upload shopee\foto-upload\toko2\pin-button\PB-0000224.png,https://cdn.jsdelivr.net/gh/dennypa77/mass-upload@main/foto-upload/toko2/pin-button/PB-0000224.png,920262
Kaitin.aja,toko2,PIN BUTTON,PB-0000225,varian,E:\Project\Mass upload shopee\foto-upload\toko2\pin-button\PB-0000225.png,https://cdn.jsdelivr.net/gh/dennypa77/mass-upload@main/foto-upload/toko2/pin-button/PB-0000225.png,866396
Kaitin.aja,toko2,PIN BUTTON,PB-0000226,varian,E:\Project\Mass upload shopee\foto-upload\toko2\pin-button\PB-0000226.png,https://cdn.jsdelivr.net/gh/dennypa77/mass-upload@main/foto-upload/toko2/pin-button/PB-0000226.png,793849
Kaitin.aja,toko2,PIN BUTTON,PB-0000227,varian,E:\Project\Mass upload shopee\foto-upload\toko2\pin-button\PB-0000227.png,https://cdn.jsdelivr.net/gh/dennypa77/mass-upload@main/foto-upload/toko2/pin-button/PB-0000227.png,909726
Kaitin.aja,toko2,PIN BUTTON,PB-0000228,varian,E:\Project\Mass upload shopee\foto-upload\toko2\pin-button\PB-0000228.png,https://cdn.jsdelivr.net/gh/dennypa77/mass-upload@main/foto-upload/toko2/pin-button/PB-0000228.png,960350
Kaitin.aja,toko2,PIN BUTTON,PB-0000229,varian,E:\Project\Mass upload shopee\foto-upload\toko2\pin-button\PB-0000229.png,https://cdn.jsdelivr.net/gh/dennypa77/mass-upload@main/foto-upload/toko2/pin-button/PB-0000229.png,924556
Kaitin.aja,toko2,PIN BUTTON,PB-0000230,varian,E:\Project\Mass upload shopee\foto-upload\toko2\pin-button\PB-0000230.png,https://cdn.jsdelivr.net/gh/dennypa77/mass-upload@main/foto-upload/toko2/pin-button/PB-0000230.png,1062498
Kaitin.aja,toko2,PIN BUTTON,PB-0000231,varian,E:\Project\Mass upload shopee\foto-upload\toko2\pin-button\PB-0000231.png,https://cdn.jsdelivr.net/gh/dennypa77/mass-upload@main/foto-upload/toko2/pin-button/PB-0000231.png,948969
Kaitin.aja,toko2,PIN BUTTON,PB-0000232,varian,E:\Project\Mass upload shopee\foto-upload\toko2\pin-button\PB-0000232.png,https://cdn.jsdelivr.net/gh/dennypa77/mass-upload@main/foto-upload/toko2/pin-button/PB-0000232.png,994137
Kaitin.aja,toko2,PIN BUTTON,PB-0000233,varian,E:\Project\Mass upload shopee\foto-upload\toko2\pin-button\PB-0000233.png,https://cdn.jsdelivr.net/gh/dennypa77/mass-upload@main/foto-upload/toko2/pin-button/PB-0000233.png,1215285
Kaitin.aja,toko2,PIN BUTTON,PB-0000234,varian,E:\Project\Mass upload shopee\foto-upload\toko2\pin-button\PB-0000234.png,https://cdn.jsdelivr.net/gh/dennypa77/mass-upload@main/foto-upload/toko2/pin-button/PB-0000234.png,933924
Kaitin.aja,toko2,PIN BUTTON,PB-0000235,varian,E:\Project\Mass upload shopee\foto-upload\toko2\pin-button\PB-0000235.png,https://cdn.jsdelivr.net/gh/dennypa77/mass-upload@main/foto-upload/toko2/pin-button/PB-0000235.png,998536
Kaitin.aja,toko2,PIN BUTTON,PB-0000236,varian,E:\Project\Mass upload shopee\foto-upload\toko2\pin-button\PB-0000236.png,https://cdn.jsdelivr.net/gh/dennypa77/mass-upload@main/foto-upload/toko2/pin-button/PB-0000236.png,1048990
Kaitin.aja,toko2,PIN BUTTON,PB-0000237,varian,E:\Project\Mass upload shopee\foto-upload\toko2\pin-button\PB-0000237.png,https://cdn.jsdelivr.net/gh/dennypa77/mass-upload@main/foto-upload/toko2/pin-button/PB-0000237.png,912624
Kaitin.aja,toko2,PIN BUTTON,PB-0000238,varian,E:\Project\Mass upload shopee\foto-upload\toko2\pin-button\PB-0000238.png,https://cdn.jsdelivr.net/gh/dennypa77/mass-upload@main/foto-upload/toko2/pin-button/PB-0000238.png,1041165
Kaitin.aja,toko2,PIN BUTTON,PB-0000239,varian,E:\Project\Mass upload shopee\foto-upload\toko2\pin-button\PB-0000239.png,https://cdn.jsdelivr.net/gh/dennypa77/mass-upload@main/foto-upload/toko2/pin-button/PB-0000239.png,736622
Kaitin.aja,toko2,PIN BUTTON,PB-0000240,varian,E:\Project\Mass upload shopee\foto-upload\toko2\pin-button\PB-0000240.png,https://cdn.jsdelivr.net/gh/dennypa77/mass-upload@main/foto-upload/toko2/pin-button/PB-0000240.png,668195
Kaitin.aja,toko2,PIN BUTTON,PB-0000241,varian,E:\Project\Mass upload shopee\foto-upload\toko2\pin-button\PB-0000241.png,https://cdn.jsdelivr.net/gh/dennypa77/mass-upload@main/foto-upload/toko2/pin-button/PB-0000241.png,771592
Kaitin.aja,toko2,PIN BUTTON,PB-0000242,varian,E:\Project\Mass upload shopee\foto-upload\toko2\pin-button\PB-0000242.png,https://cdn.jsdelivr.net/gh/dennypa77/mass-upload@main/foto-upload/toko2/pin-button/PB-0000242.png,863547
Kaitin.aja,toko2,PIN BUTTON,PB-0000243,varian,E:\Project\Mass upload shopee\foto-upload\toko2\pin-button\PB-0000243.png,https://cdn.jsdelivr.net/gh/dennypa77/mass-upload@main/foto-upload/toko2/pin-button/PB-0000243.png,985598
Kaitin.aja,toko2,PIN BUTTON,PB-0000244,varian,E:\Project\Mass upload shopee\foto-upload\toko2\pin-button\PB-0000244.png,https://cdn.jsdelivr.net/gh/dennypa77/mass-upload@main/foto-upload/toko2/pin-button/PB-0000244.png,1173825
Kaitin.aja,toko2,PIN BUTTON,PB-0000245,varian,E:\Project\Mass upload shopee\foto-upload\toko2\pin-button\PB-0000245.png,https://cdn.jsdelivr.net/gh/dennypa77/mass-upload@main/foto-upload/toko2/pin-button/PB-0000245.png,808365
Kaitin.aja,toko2,PIN BUTTON,PB-0000246,varian,E:\Project\Mass upload shopee\foto-upload\toko2\pin-button\PB-0000246.png,https://cdn.jsdelivr.net/gh/dennypa77/mass-upload@main/foto-upload/toko2/pin-button/PB-0000246.png,946359
Kaitin.aja,toko2,PIN BUTTON,PB-0000247,varian,E:\Project\Mass upload shopee\foto-upload\toko2\pin-button\PB-0000247.png,https://cdn.jsdelivr.net/gh/dennypa77/mass-upload@main/foto-upload/toko2/pin-button/PB-0000247.png,900352
Kaitin.aja,toko2,PIN BUTTON,PB-0000248,varian,E:\Project\Mass upload shopee\foto-upload\toko2\pin-button\PB-0000248.png,https://cdn.jsdelivr.net/gh/dennypa77/mass-upload@main/foto-upload/toko2/pin-button/PB-0000248.png,965276
Kaitin.aja,toko2,PIN BUTTON,PB-0000249,varian,E:\Project\Mass upload shopee\foto-upload\toko2\pin-button\PB-0000249.png,https://cdn.jsdelivr.net/gh/dennypa77/mass-upload@main/foto-upload/toko2/pin-button/PB-0000249.png,1046077
Kaitin.aja,toko2,PIN BUTTON,PB-BLACKPINK-UTAMA1,utama,E:\Project\Mass upload shopee\foto-upload\toko2\pin-button\PB-BLACKPINK-utama1.png,https://cdn.jsdelivr.net/gh/dennypa77/mass-upload@main/foto-upload/toko2/pin-button/PB-BLACKPINK-utama1.png,2042401
Kaitin.aja,toko2,PIN BUTTON,PB-BLACKPINK-UTAMA2,utama,E:\Project\Mass upload shopee\foto-upload\toko2\pin-button\PB-BLACKPINK-utama2.png,https://cdn.jsdelivr.net/gh/dennypa77/mass-upload@main/foto-upload/toko2/pin-button/PB-BLACKPINK-utama2.png,687222
Kaitin.aja,toko2,PIN BUTTON,PB-BLACKPINK-UTAMA3,utama,E:\Project\Mass upload shopee\foto-upload\toko2\pin-button\PB-BLACKPINK-utama3.png,https://cdn.jsdelivr.net/gh/dennypa77/mass-upload@main/foto-upload/toko2/pin-button/PB-BLACKPINK-utama3.png,1665439
Kaitin.aja,toko2,PIN BUTTON,PB-BTS-UTAMA1,utama,E:\Project\Mass upload shopee\foto-upload\toko2\pin-button\PB-BTS-utama1.png,https://cdn.jsdelivr.net/gh/dennypa77/mass-upload@main/foto-upload/toko2/pin-button/PB-BTS-utama1.png,1869647
Kaitin.aja,toko2,PIN BUTTON,PB-BTS-UTAMA2,utama,E:\Project\Mass upload shopee\foto-upload\toko2\pin-button\PB-BTS-utama2.png,https://cdn.jsdelivr.net/gh/dennypa77/mass-upload@main/foto-upload/toko2/pin-button/PB-BTS-utama2.png,670035
Kaitin.aja,toko2,PIN BUTTON,PB-BTS-UTAMA3,utama,E:\Project\Mass upload shopee\foto-upload\toko2\pin-button\PB-BTS-utama3.png,https://cdn.jsdelivr.net/gh/dennypa77/mass-upload@main/foto-upload/toko2/pin-button/PB-BTS-utama3.png,1596751
Kaitin.aja,toko2,PIN BUTTON,PB-CORTIS-UTAMA1,utama,E:\Project\Mass upload shopee\foto-upload\toko2\pin-button\PB-CORTIS-utama1.png,https://cdn.jsdelivr.net/gh/dennypa77/mass-upload@main/foto-upload/toko2/pin-button/PB-CORTIS-utama1.png,2050059
Kaitin.aja,toko2,PIN BUTTON,PB-CORTIS-UTAMA2,utama,E:\Project\Mass upload shopee\foto-upload\toko2\pin-button\PB-CORTIS-utama2.png,https://cdn.jsdelivr.net/gh/dennypa77/mass-upload@main/foto-upload/toko2/pin-button/PB-CORTIS-utama2.png,1095176
Kaitin.aja,toko2,PIN BUTTON,PB-CORTIS-UTAMA3,utama,E:\Project\Mass upload shopee\foto-upload\toko2\pin-button\PB-CORTIS-utama3.png,https://cdn.jsdelivr.net/gh/dennypa77/mass-upload@main/foto-upload/toko2/pin-button/PB-CORTIS-utama3.png,1200239
Kaitin.aja,toko2,PIN BUTTON,PB-HEARTS2HEARTS-UTAMA1,utama,E:\Project\Mass upload shopee\foto-upload\toko2\pin-button\PB-HEARTS2HEARTS-utama1.png,https://cdn.jsdelivr.net/gh/dennypa77/mass-upload@main/foto-upload/toko2/pin-button/PB-HEARTS2HEARTS-utama1.png,2075133
Kaitin.aja,toko2,PIN BUTTON,PB-HEARTS2HEARTS-UTAMA2,utama,E:\Project\Mass upload shopee\foto-upload\toko2\pin-button\PB-HEARTS2HEARTS-utama2.png,https://cdn.jsdelivr.net/gh/dennypa77/mass-upload@main/foto-upload/toko2/pin-button/PB-HEARTS2HEARTS-utama2.png,636662
Kaitin.aja,toko2,PIN BUTTON,PB-HEARTS2HEARTS-UTAMA3,utama,E:\Project\Mass upload shopee\foto-upload\toko2\pin-button\PB-HEARTS2HEARTS-utama3.png,https://cdn.jsdelivr.net/gh/dennypa77/mass-upload@main/foto-upload/toko2/pin-button/PB-HEARTS2HEARTS-utama3.png,1214177
Hangs on You,toko3,JIBBITZ,JB-0000001,varian,E:\Project\Mass upload shopee\foto-upload\toko3\jibbitz\JB-0000001.png,https://cdn.jsdelivr.net/gh/dennypa77/mass-upload@main/foto-upload/toko3/jibbitz/JB-0000001.png,332236
Hangs on You,toko3,JIBBITZ,JB-0000002,varian,E:\Project\Mass upload shopee\foto-upload\toko3\jibbitz\JB-0000002.png,https://cdn.jsdelivr.net/gh/dennypa77/mass-upload@main/foto-upload/toko3/jibbitz/JB-0000002.png,299417
Hangs on You,toko3,JIBBITZ,JB-0000003,varian,E:\Project\Mass upload shopee\foto-upload\toko3\jibbitz\JB-0000003.png,https://cdn.jsdelivr.net/gh/dennypa77/mass-upload@main/foto-upload/toko3/jibbitz/JB-0000003.png,300403
Hangs on You,toko3,JIBBITZ,JB-0000004,varian,E:\Project\Mass upload shopee\foto-upload\toko3\jibbitz\JB-0000004.png,https://cdn.jsdelivr.net/gh/dennypa77/mass-upload@main/foto-upload/toko3/jibbitz/JB-0000004.png,289355
Hangs on You,toko3,JIBBITZ,JB-0000005,varian,E:\Project\Mass upload shopee\foto-upload\toko3\jibbitz\JB-0000005.png,https://cdn.jsdelivr.net/gh/dennypa77/mass-upload@main/foto-upload/toko3/jibbitz/JB-0000005.png,316050
Hangs on You,toko3,JIBBITZ,JB-0000006,varian,E:\Project\Mass upload shopee\foto-upload\toko3\jibbitz\JB-0000006.png,https://cdn.jsdelivr.net/gh/dennypa77/mass-upload@main/foto-upload/toko3/jibbitz/JB-0000006.png,249699
Hangs on You,toko3,JIBBITZ,JB-0000007,varian,E:\Project\Mass upload shopee\foto-upload\toko3\jibbitz\JB-0000007.png,https://cdn.jsdelivr.net/gh/dennypa77/mass-upload@main/foto-upload/toko3/jibbitz/JB-0000007.png,306933
Hangs on You,toko3,JIBBITZ,JB-0000008,varian,E:\Project\Mass upload shopee\foto-upload\toko3\jibbitz\JB-0000008.png,https://cdn.jsdelivr.net/gh/dennypa77/mass-upload@main/foto-upload/toko3/jibbitz/JB-0000008.png,301481
Hangs on You,toko3,JIBBITZ,JB-0000009,varian,E:\Project\Mass upload shopee\foto-upload\toko3\jibbitz\JB-0000009.png,https://cdn.jsdelivr.net/gh/dennypa77/mass-upload@main/foto-upload/toko3/jibbitz/JB-0000009.png,280756
Hangs on You,toko3,JIBBITZ,JB-0000010,varian,E:\Project\Mass upload shopee\foto-upload\toko3\jibbitz\JB-0000010.png,https://cdn.jsdelivr.net/gh/dennypa77/mass-upload@main/foto-upload/toko3/jibbitz/JB-0000010.png,297967
Hangs on You,toko3,JIBBITZ,JB-0000011,varian,E:\Project\Mass upload shopee\foto-upload\toko3\jibbitz\JB-0000011.png,https://cdn.jsdelivr.net/gh/dennypa77/mass-upload@main/foto-upload/toko3/jibbitz/JB-0000011.png,263819
Hangs on You,toko3,JIBBITZ,JB-0000012,varian,E:\Project\Mass upload shopee\foto-upload\toko3\jibbitz\JB-0000012.png,https://cdn.jsdelivr.net/gh/dennypa77/mass-upload@main/foto-upload/toko3/jibbitz/JB-0000012.png,237606
Hangs on You,toko3,JIBBITZ,JB-0000013,varian,E:\Project\Mass upload shopee\foto-upload\toko3\jibbitz\JB-0000013.png,https://cdn.jsdelivr.net/gh/dennypa77/mass-upload@main/foto-upload/toko3/jibbitz/JB-0000013.png,281255
Hangs on You,toko3,JIBBITZ,JB-0000014,varian,E:\Project\Mass upload shopee\foto-upload\toko3\jibbitz\JB-0000014.png,https://cdn.jsdelivr.net/gh/dennypa77/mass-upload@main/foto-upload/toko3/jibbitz/JB-0000014.png,229323
Hangs on You,toko3,JIBBITZ,JB-0000015,varian,E:\Project\Mass upload shopee\foto-upload\toko3\jibbitz\JB-0000015.png,https://cdn.jsdelivr.net/gh/dennypa77/mass-upload@main/foto-upload/toko3/jibbitz/JB-0000015.png,272901
Hangs on You,toko3,JIBBITZ,JB-0000016,varian,E:\Project\Mass upload shopee\foto-upload\toko3\jibbitz\JB-0000016.png,https://cdn.jsdelivr.net/gh/dennypa77/mass-upload@main/foto-upload/toko3/jibbitz/JB-0000016.png,283259
Hangs on You,toko3,JIBBITZ,JB-0000017,varian,E:\Project\Mass upload shopee\foto-upload\toko3\jibbitz\JB-0000017.png,https://cdn.jsdelivr.net/gh/dennypa77/mass-upload@main/foto-upload/toko3/jibbitz/JB-0000017.png,253586
Hangs on You,toko3,JIBBITZ,JB-0000018,varian,E:\Project\Mass upload shopee\foto-upload\toko3\jibbitz\JB-0000018.png,https://cdn.jsdelivr.net/gh/dennypa77/mass-upload@main/foto-upload/toko3/jibbitz/JB-0000018.png,279174
Hangs on You,toko3,JIBBITZ,JB-0000019,varian,E:\Project\Mass upload shopee\foto-upload\toko3\jibbitz\JB-0000019.png,https://cdn.jsdelivr.net/gh/dennypa77/mass-upload@main/foto-upload/toko3/jibbitz/JB-0000019.png,240855
Hangs on You,toko3,JIBBITZ,JB-0000020,varian,E:\Project\Mass upload shopee\foto-upload\toko3\jibbitz\JB-0000020.png,https://cdn.jsdelivr.net/gh/dennypa77/mass-upload@main/foto-upload/toko3/jibbitz/JB-0000020.png,283519
Hangs on You,toko3,JIBBITZ,JB-0000021,varian,E:\Project\Mass upload shopee\foto-upload\toko3\jibbitz\JB-0000021.png,https://cdn.jsdelivr.net/gh/dennypa77/mass-upload@main/foto-upload/toko3/jibbitz/JB-0000021.png,276780
Hangs on You,toko3,JIBBITZ,JB-0000022,varian,E:\Project\Mass upload shopee\foto-upload\toko3\jibbitz\JB-0000022.png,https://cdn.jsdelivr.net/gh/dennypa77/mass-upload@main/foto-upload/toko3/jibbitz/JB-0000022.png,325640
Hangs on You,toko3,JIBBITZ,JB-0000023,varian,E:\Project\Mass upload shopee\foto-upload\toko3\jibbitz\JB-0000023.png,https://cdn.jsdelivr.net/gh/dennypa77/mass-upload@main/foto-upload/toko3/jibbitz/JB-0000023.png,272148
Hangs on You,toko3,JIBBITZ,JB-0000024,varian,E:\Project\Mass upload shopee\foto-upload\toko3\jibbitz\JB-0000024.png,https://cdn.jsdelivr.net/gh/dennypa77/mass-upload@main/foto-upload/toko3/jibbitz/JB-0000024.png,311177
Hangs on You,toko3,JIBBITZ,JB-0000025,varian,E:\Project\Mass upload shopee\foto-upload\toko3\jibbitz\JB-0000025.png,https://cdn.jsdelivr.net/gh/dennypa77/mass-upload@main/foto-upload/toko3/jibbitz/JB-0000025.png,306003
Hangs on You,toko3,JIBBITZ,JB-0000026,varian,E:\Project\Mass upload shopee\foto-upload\toko3\jibbitz\JB-0000026.png,https://cdn.jsdelivr.net/gh/dennypa77/mass-upload@main/foto-upload/toko3/jibbitz/JB-0000026.png,255246
Hangs on You,toko3,JIBBITZ,JB-0000027,varian,E:\Project\Mass upload shopee\foto-upload\toko3\jibbitz\JB-0000027.png,https://cdn.jsdelivr.net/gh/dennypa77/mass-upload@main/foto-upload/toko3/jibbitz/JB-0000027.png,267494
Hangs on You,toko3,JIBBITZ,JB-0000028,varian,E:\Project\Mass upload shopee\foto-upload\toko3\jibbitz\JB-0000028.png,https://cdn.jsdelivr.net/gh/dennypa77/mass-upload@main/foto-upload/toko3/jibbitz/JB-0000028.png,291458
Hangs on You,toko3,JIBBITZ,JB-0000029,varian,E:\Project\Mass upload shopee\foto-upload\toko3\jibbitz\JB-0000029.png,https://cdn.jsdelivr.net/gh/dennypa77/mass-upload@main/foto-upload/toko3/jibbitz/JB-0000029.png,292906
Hangs on You,toko3,JIBBITZ,JB-0000030,varian,E:\Project\Mass upload shopee\foto-upload\toko3\jibbitz\JB-0000030.png,https://cdn.jsdelivr.net/gh/dennypa77/mass-upload@main/foto-upload/toko3/jibbitz/JB-0000030.png,296629
Hangs on You,toko3,JIBBITZ,JB-0000031,varian,E:\Project\Mass upload shopee\foto-upload\toko3\jibbitz\JB-0000031.png,https://cdn.jsdelivr.net/gh/dennypa77/mass-upload@main/foto-upload/toko3/jibbitz/JB-0000031.png,248152
Hangs on You,toko3,JIBBITZ,JB-0000032,varian,E:\Project\Mass upload shopee\foto-upload\toko3\jibbitz\JB-0000032.png,https://cdn.jsdelivr.net/gh/dennypa77/mass-upload@main/foto-upload/toko3/jibbitz/JB-0000032.png,284340
Hangs on You,toko3,JIBBITZ,JB-0000033,varian,E:\Project\Mass upload shopee\foto-upload\toko3\jibbitz\JB-0000033.png,https://cdn.jsdelivr.net/gh/dennypa77/mass-upload@main/foto-upload/toko3/jibbitz/JB-0000033.png,305178
Hangs on You,toko3,JIBBITZ,JB-0000034,varian,E:\Project\Mass upload shopee\foto-upload\toko3\jibbitz\JB-0000034.png,https://cdn.jsdelivr.net/gh/dennypa77/mass-upload@main/foto-upload/toko3/jibbitz/JB-0000034.png,216529
Hangs on You,toko3,JIBBITZ,JB-0000035,varian,E:\Project\Mass upload shopee\foto-upload\toko3\jibbitz\JB-0000035.png,https://cdn.jsdelivr.net/gh/dennypa77/mass-upload@main/foto-upload/toko3/jibbitz/JB-0000035.png,262732
Hangs on You,toko3,JIBBITZ,JB-0000036,varian,E:\Project\Mass upload shopee\foto-upload\toko3\jibbitz\JB-0000036.png,https://cdn.jsdelivr.net/gh/dennypa77/mass-upload@main/foto-upload/toko3/jibbitz/JB-0000036.png,253719
Hangs on You,toko3,JIBBITZ,JB-0000037,varian,E:\Project\Mass upload shopee\foto-upload\toko3\jibbitz\JB-0000037.png,https://cdn.jsdelivr.net/gh/dennypa77/mass-upload@main/foto-upload/toko3/jibbitz/JB-0000037.png,275474
Hangs on You,toko3,JIBBITZ,JB-0000038,varian,E:\Project\Mass upload shopee\foto-upload\toko3\jibbitz\JB-0000038.png,https://cdn.jsdelivr.net/gh/dennypa77/mass-upload@main/foto-upload/toko3/jibbitz/JB-0000038.png,249647
Hangs on You,toko3,JIBBITZ,JB-0000039,varian,E:\Project\Mass upload shopee\foto-upload\toko3\jibbitz\JB-0000039.png,https://cdn.jsdelivr.net/gh/dennypa77/mass-upload@main/foto-upload/toko3/jibbitz/JB-0000039.png,262278
Hangs on You,toko3,JIBBITZ,JB-0000040,varian,E:\Project\Mass upload shopee\foto-upload\toko3\jibbitz\JB-0000040.png,https://cdn.jsdelivr.net/gh/dennypa77/mass-upload@main/foto-upload/toko3/jibbitz/JB-0000040.png,250597
Hangs on You,toko3,JIBBITZ,JB-0000041,varian,E:\Project\Mass upload shopee\foto-upload\toko3\jibbitz\JB-0000041.png,https://cdn.jsdelivr.net/gh/dennypa77/mass-upload@main/foto-upload/toko3/jibbitz/JB-0000041.png,276298
Hangs on You,toko3,JIBBITZ,JB-0000042,varian,E:\Project\Mass upload shopee\foto-upload\toko3\jibbitz\JB-0000042.png,https://cdn.jsdelivr.net/gh/dennypa77/mass-upload@main/foto-upload/toko3/jibbitz/JB-0000042.png,279472
Hangs on You,toko3,JIBBITZ,JB-0000043,varian,E:\Project\Mass upload shopee\foto-upload\toko3\jibbitz\JB-0000043.png,https://cdn.jsdelivr.net/gh/dennypa77/mass-upload@main/foto-upload/toko3/jibbitz/JB-0000043.png,280685
Hangs on You,toko3,JIBBITZ,JB-0000044,varian,E:\Project\Mass upload shopee\foto-upload\toko3\jibbitz\JB-0000044.png,https://cdn.jsdelivr.net/gh/dennypa77/mass-upload@main/foto-upload/toko3/jibbitz/JB-0000044.png,282917
Hangs on You,toko3,JIBBITZ,JB-0000045,varian,E:\Project\Mass upload shopee\foto-upload\toko3\jibbitz\JB-0000045.png,https://cdn.jsdelivr.net/gh/dennypa77/mass-upload@main/foto-upload/toko3/jibbitz/JB-0000045.png,285822
Hangs on You,toko3,JIBBITZ,JB-0000046,varian,E:\Project\Mass upload shopee\foto-upload\toko3\jibbitz\JB-0000046.png,https://cdn.jsdelivr.net/gh/dennypa77/mass-upload@main/foto-upload/toko3/jibbitz/JB-0000046.png,241631
Hangs on You,toko3,JIBBITZ,JB-0000047,varian,E:\Project\Mass upload shopee\foto-upload\toko3\jibbitz\JB-0000047.png,https://cdn.jsdelivr.net/gh/dennypa77/mass-upload@main/foto-upload/toko3/jibbitz/JB-0000047.png,218891
Hangs on You,toko3,JIBBITZ,JB-0000048,varian,E:\Project\Mass upload shopee\foto-upload\toko3\jibbitz\JB-0000048.png,https://cdn.jsdelivr.net/gh/dennypa77/mass-upload@main/foto-upload/toko3/jibbitz/JB-0000048.png,255366
Hangs on You,toko3,JIBBITZ,JB-0000049,varian,E:\Project\Mass upload shopee\foto-upload\toko3\jibbitz\JB-0000049.png,https://cdn.jsdelivr.net/gh/dennypa77/mass-upload@main/foto-upload/toko3/jibbitz/JB-0000049.png,230542
Hangs on You,toko3,JIBBITZ,JB-0000050,varian,E:\Project\Mass upload shopee\foto-upload\toko3\jibbitz\JB-0000050.png,https://cdn.jsdelivr.net/gh/dennypa77/mass-upload@main/foto-upload/toko3/jibbitz/JB-0000050.png,233022
Hangs on You,toko3,JIBBITZ,JB-0000051,varian,E:\Project\Mass upload shopee\foto-upload\toko3\jibbitz\JB-0000051.png,https://cdn.jsdelivr.net/gh/dennypa77/mass-upload@main/foto-upload/toko3/jibbitz/JB-0000051.png,290488
Hangs on You,toko3,JIBBITZ,JB-0000052,varian,E:\Project\Mass upload shopee\foto-upload\toko3\jibbitz\JB-0000052.png,https://cdn.jsdelivr.net/gh/dennypa77/mass-upload@main/foto-upload/toko3/jibbitz/JB-0000052.png,306192
Hangs on You,toko3,JIBBITZ,JB-0000053,varian,E:\Project\Mass upload shopee\foto-upload\toko3\jibbitz\JB-0000053.png,https://cdn.jsdelivr.net/gh/dennypa77/mass-upload@main/foto-upload/toko3/jibbitz/JB-0000053.png,319299
Hangs on You,toko3,JIBBITZ,JB-0000054,varian,E:\Project\Mass upload shopee\foto-upload\toko3\jibbitz\JB-0000054.png,https://cdn.jsdelivr.net/gh/dennypa77/mass-upload@main/foto-upload/toko3/jibbitz/JB-0000054.png,290060
Hangs on You,toko3,JIBBITZ,JB-0000055,varian,E:\Project\Mass upload shopee\foto-upload\toko3\jibbitz\JB-0000055.png,https://cdn.jsdelivr.net/gh/dennypa77/mass-upload@main/foto-upload/toko3/jibbitz/JB-0000055.png,308864
Hangs on You,toko3,JIBBITZ,JB-0000056,varian,E:\Project\Mass upload shopee\foto-upload\toko3\jibbitz\JB-0000056.png,https://cdn.jsdelivr.net/gh/dennypa77/mass-upload@main/foto-upload/toko3/jibbitz/JB-0000056.png,308706
Hangs on You,toko3,JIBBITZ,JB-0000057,varian,E:\Project\Mass upload shopee\foto-upload\toko3\jibbitz\JB-0000057.png,https://cdn.jsdelivr.net/gh/dennypa77/mass-upload@main/foto-upload/toko3/jibbitz/JB-0000057.png,313546
Hangs on You,toko3,JIBBITZ,JB-0000058,varian,E:\Project\Mass upload shopee\foto-upload\toko3\jibbitz\JB-0000058.png,https://cdn.jsdelivr.net/gh/dennypa77/mass-upload@main/foto-upload/toko3/jibbitz/JB-0000058.png,247576
Hangs on You,toko3,JIBBITZ,JB-0000059,varian,E:\Project\Mass upload shopee\foto-upload\toko3\jibbitz\JB-0000059.png,https://cdn.jsdelivr.net/gh/dennypa77/mass-upload@main/foto-upload/toko3/jibbitz/JB-0000059.png,254651
Hangs on You,toko3,JIBBITZ,JB-0000060,varian,E:\Project\Mass upload shopee\foto-upload\toko3\jibbitz\JB-0000060.png,https://cdn.jsdelivr.net/gh/dennypa77/mass-upload@main/foto-upload/toko3/jibbitz/JB-0000060.png,253762
Hangs on You,toko3,JIBBITZ,JB-0000061,varian,E:\Project\Mass upload shopee\foto-upload\toko3\jibbitz\JB-0000061.png,https://cdn.jsdelivr.net/gh/dennypa77/mass-upload@main/foto-upload/toko3/jibbitz/JB-0000061.png,279548
Hangs on You,toko3,JIBBITZ,JB-0000062,varian,E:\Project\Mass upload shopee\foto-upload\toko3\jibbitz\JB-0000062.png,https://cdn.jsdelivr.net/gh/dennypa77/mass-upload@main/foto-upload/toko3/jibbitz/JB-0000062.png,259114
Hangs on You,toko3,JIBBITZ,JB-0000063,varian,E:\Project\Mass upload shopee\foto-upload\toko3\jibbitz\JB-0000063.png,https://cdn.jsdelivr.net/gh/dennypa77/mass-upload@main/foto-upload/toko3/jibbitz/JB-0000063.png,261995
Hangs on You,toko3,JIBBITZ,JB-0000064,varian,E:\Project\Mass upload shopee\foto-upload\toko3\jibbitz\JB-0000064.png,https://cdn.jsdelivr.net/gh/dennypa77/mass-upload@main/foto-upload/toko3/jibbitz/JB-0000064.png,268764
Hangs on You,toko3,JIBBITZ,JB-0000065,varian,E:\Project\Mass upload shopee\foto-upload\toko3\jibbitz\JB-0000065.png,https://cdn.jsdelivr.net/gh/dennypa77/mass-upload@main/foto-upload/toko3/jibbitz/JB-0000065.png,210320
Hangs on You,toko3,JIBBITZ,JB-0000066,varian,E:\Project\Mass upload shopee\foto-upload\toko3\jibbitz\JB-0000066.png,https://cdn.jsdelivr.net/gh/dennypa77/mass-upload@main/foto-upload/toko3/jibbitz/JB-0000066.png,220818
Hangs on You,toko3,JIBBITZ,JB-0000067,varian,E:\Project\Mass upload shopee\foto-upload\toko3\jibbitz\JB-0000067.png,https://cdn.jsdelivr.net/gh/dennypa77/mass-upload@main/foto-upload/toko3/jibbitz/JB-0000067.png,225723
Hangs on You,toko3,JIBBITZ,JB-0000068,varian,E:\Project\Mass upload shopee\foto-upload\toko3\jibbitz\JB-0000068.png,https://cdn.jsdelivr.net/gh/dennypa77/mass-upload@main/foto-upload/toko3/jibbitz/JB-0000068.png,216979
Hangs on You,toko3,JIBBITZ,JB-0000069,varian,E:\Project\Mass upload shopee\foto-upload\toko3\jibbitz\JB-0000069.png,https://cdn.jsdelivr.net/gh/dennypa77/mass-upload@main/foto-upload/toko3/jibbitz/JB-0000069.png,224152
Hangs on You,toko3,JIBBITZ,JB-0000070,varian,E:\Project\Mass upload shopee\foto-upload\toko3\jibbitz\JB-0000070.png,https://cdn.jsdelivr.net/gh/dennypa77/mass-upload@main/foto-upload/toko3/jibbitz/JB-0000070.png,227802
Hangs on You,toko3,JIBBITZ,JB-0000071,varian,E:\Project\Mass upload shopee\foto-upload\toko3\jibbitz\JB-0000071.png,https://cdn.jsdelivr.net/gh/dennypa77/mass-upload@main/foto-upload/toko3/jibbitz/JB-0000071.png,215669
Hangs on You,toko3,JIBBITZ,JB-0000072,varian,E:\Project\Mass upload shopee\foto-upload\toko3\jibbitz\JB-0000072.png,https://cdn.jsdelivr.net/gh/dennypa77/mass-upload@main/foto-upload/toko3/jibbitz/JB-0000072.png,209222
Hangs on You,toko3,JIBBITZ,JB-0000073,varian,E:\Project\Mass upload shopee\foto-upload\toko3\jibbitz\JB-0000073.png,https://cdn.jsdelivr.net/gh/dennypa77/mass-upload@main/foto-upload/toko3/jibbitz/JB-0000073.png,201334
Hangs on You,toko3,JIBBITZ,JB-0000074,varian,E:\Project\Mass upload shopee\foto-upload\toko3\jibbitz\JB-0000074.png,https://cdn.jsdelivr.net/gh/dennypa77/mass-upload@main/foto-upload/toko3/jibbitz/JB-0000074.png,203170
Hangs on You,toko3,JIBBITZ,JB-0000075,varian,E:\Project\Mass upload shopee\foto-upload\toko3\jibbitz\JB-0000075.png,https://cdn.jsdelivr.net/gh/dennypa77/mass-upload@main/foto-upload/toko3/jibbitz/JB-0000075.png,211372
Hangs on You,toko3,JIBBITZ,JB-0000076,varian,E:\Project\Mass upload shopee\foto-upload\toko3\jibbitz\JB-0000076.png,https://cdn.jsdelivr.net/gh/dennypa77/mass-upload@main/foto-upload/toko3/jibbitz/JB-0000076.png,202498
Hangs on You,toko3,JIBBITZ,JB-0000077,varian,E:\Project\Mass upload shopee\foto-upload\toko3\jibbitz\JB-0000077.png,https://cdn.jsdelivr.net/gh/dennypa77/mass-upload@main/foto-upload/toko3/jibbitz/JB-0000077.png,205650
Hangs on You,toko3,JIBBITZ,JB-0000078,varian,E:\Project\Mass upload shopee\foto-upload\toko3\jibbitz\JB-0000078.png,https://cdn.jsdelivr.net/gh/dennypa77/mass-upload@main/foto-upload/toko3/jibbitz/JB-0000078.png,210403
Hangs on You,toko3,JIBBITZ,JB-0000079,varian,E:\Project\Mass upload shopee\foto-upload\toko3\jibbitz\JB-0000079.png,https://cdn.jsdelivr.net/gh/dennypa77/mass-upload@main/foto-upload/toko3/jibbitz/JB-0000079.png,263326
Hangs on You,toko3,JIBBITZ,JB-0000080,varian,E:\Project\Mass upload shopee\foto-upload\toko3\jibbitz\JB-0000080.png,https://cdn.jsdelivr.net/gh/dennypa77/mass-upload@main/foto-upload/toko3/jibbitz/JB-0000080.png,279312
Hangs on You,toko3,JIBBITZ,JB-0000081,varian,E:\Project\Mass upload shopee\foto-upload\toko3\jibbitz\JB-0000081.png,https://cdn.jsdelivr.net/gh/dennypa77/mass-upload@main/foto-upload/toko3/jibbitz/JB-0000081.png,329749
Hangs on You,toko3,JIBBITZ,JB-0000082,varian,E:\Project\Mass upload shopee\foto-upload\toko3\jibbitz\JB-0000082.png,https://cdn.jsdelivr.net/gh/dennypa77/mass-upload@main/foto-upload/toko3/jibbitz/JB-0000082.png,296517
Hangs on You,toko3,JIBBITZ,JB-0000083,varian,E:\Project\Mass upload shopee\foto-upload\toko3\jibbitz\JB-0000083.png,https://cdn.jsdelivr.net/gh/dennypa77/mass-upload@main/foto-upload/toko3/jibbitz/JB-0000083.png,270360
Hangs on You,toko3,JIBBITZ,JB-0000084,varian,E:\Project\Mass upload shopee\foto-upload\toko3\jibbitz\JB-0000084.png,https://cdn.jsdelivr.net/gh/dennypa77/mass-upload@main/foto-upload/toko3/jibbitz/JB-0000084.png,281001
Hangs on You,toko3,JIBBITZ,JB-0000085,varian,E:\Project\Mass upload shopee\foto-upload\toko3\jibbitz\JB-0000085.png,https://cdn.jsdelivr.net/gh/dennypa77/mass-upload@main/foto-upload/toko3/jibbitz/JB-0000085.png,287713
Hangs on You,toko3,JIBBITZ,JB-0000086,varian,E:\Project\Mass upload shopee\foto-upload\toko3\jibbitz\JB-0000086.png,https://cdn.jsdelivr.net/gh/dennypa77/mass-upload@main/foto-upload/toko3/jibbitz/JB-0000086.png,303399
Hangs on You,toko3,JIBBITZ,JB-0000087,varian,E:\Project\Mass upload shopee\foto-upload\toko3\jibbitz\JB-0000087.png,https://cdn.jsdelivr.net/gh/dennypa77/mass-upload@main/foto-upload/toko3/jibbitz/JB-0000087.png,225313
Hangs on You,toko3,JIBBITZ,JB-0000088,varian,E:\Project\Mass upload shopee\foto-upload\toko3\jibbitz\JB-0000088.png,https://cdn.jsdelivr.net/gh/dennypa77/mass-upload@main/foto-upload/toko3/jibbitz/JB-0000088.png,259452
Hangs on You,toko3,JIBBITZ,JB-0000089,varian,E:\Project\Mass upload shopee\foto-upload\toko3\jibbitz\JB-0000089.png,https://cdn.jsdelivr.net/gh/dennypa77/mass-upload@main/foto-upload/toko3/jibbitz/JB-0000089.png,203613
Hangs on You,toko3,JIBBITZ,JB-0000090,varian,E:\Project\Mass upload shopee\foto-upload\toko3\jibbitz\JB-0000090.png,https://cdn.jsdelivr.net/gh/dennypa77/mass-upload@main/foto-upload/toko3/jibbitz/JB-0000090.png,251964
Hangs on You,toko3,JIBBITZ,JB-0000091,varian,E:\Project\Mass upload shopee\foto-upload\toko3\jibbitz\JB-0000091.png,https://cdn.jsdelivr.net/gh/dennypa77/mass-upload@main/foto-upload/toko3/jibbitz/JB-0000091.png,246568
Hangs on You,toko3,JIBBITZ,JB-0000092,varian,E:\Project\Mass upload shopee\foto-upload\toko3\jibbitz\JB-0000092.png,https://cdn.jsdelivr.net/gh/dennypa77/mass-upload@main/foto-upload/toko3/jibbitz/JB-0000092.png,253503
Hangs on You,toko3,JIBBITZ,JB-0000093,varian,E:\Project\Mass upload shopee\foto-upload\toko3\jibbitz\JB-0000093.png,https://cdn.jsdelivr.net/gh/dennypa77/mass-upload@main/foto-upload/toko3/jibbitz/JB-0000093.png,286395
Hangs on You,toko3,JIBBITZ,JB-0000094,varian,E:\Project\Mass upload shopee\foto-upload\toko3\jibbitz\JB-0000094.png,https://cdn.jsdelivr.net/gh/dennypa77/mass-upload@main/foto-upload/toko3/jibbitz/JB-0000094.png,296787
Hangs on You,toko3,JIBBITZ,JB-0000095,varian,E:\Project\Mass upload shopee\foto-upload\toko3\jibbitz\JB-0000095.png,https://cdn.jsdelivr.net/gh/dennypa77/mass-upload@main/foto-upload/toko3/jibbitz/JB-0000095.png,293630
Hangs on You,toko3,JIBBITZ,JB-0000096,varian,E:\Project\Mass upload shopee\foto-upload\toko3\jibbitz\JB-0000096.png,https://cdn.jsdelivr.net/gh/dennypa77/mass-upload@main/foto-upload/toko3/jibbitz/JB-0000096.png,267083
Hangs on You,toko3,JIBBITZ,JB-0000097,varian,E:\Project\Mass upload shopee\foto-upload\toko3\jibbitz\JB-0000097.png,https://cdn.jsdelivr.net/gh/dennypa77/mass-upload@main/foto-upload/toko3/jibbitz/JB-0000097.png,261008
Hangs on You,toko3,JIBBITZ,JB-0000098,varian,E:\Project\Mass upload shopee\foto-upload\toko3\jibbitz\JB-0000098.png,https://cdn.jsdelivr.net/gh/dennypa77/mass-upload@main/foto-upload/toko3/jibbitz/JB-0000098.png,281582
Hangs on You,toko3,JIBBITZ,JB-0000099,varian,E:\Project\Mass upload shopee\foto-upload\toko3\jibbitz\JB-0000099.png,https://cdn.jsdelivr.net/gh/dennypa77/mass-upload@main/foto-upload/toko3/jibbitz/JB-0000099.png,270144
Hangs on You,toko3,JIBBITZ,JB-0000100,varian,E:\Project\Mass upload shopee\foto-upload\toko3\jibbitz\JB-0000100.png,https://cdn.jsdelivr.net/gh/dennypa77/mass-upload@main/foto-upload/toko3/jibbitz/JB-0000100.png,290415
Hangs on You,toko3,JIBBITZ,JB-0000151,varian,E:\Project\Mass upload shopee\foto-upload\toko3\jibbitz\JB-0000151.png,https://cdn.jsdelivr.net/gh/dennypa77/mass-upload@main/foto-upload/toko3/jibbitz/JB-0000151.png,235535
Hangs on You,toko3,JIBBITZ,JB-0000152,varian,E:\Project\Mass upload shopee\foto-upload\toko3\jibbitz\JB-0000152.png,https://cdn.jsdelivr.net/gh/dennypa77/mass-upload@main/foto-upload/toko3/jibbitz/JB-0000152.png,270181
Hangs on You,toko3,JIBBITZ,JB-0000153,varian,E:\Project\Mass upload shopee\foto-upload\toko3\jibbitz\JB-0000153.png,https://cdn.jsdelivr.net/gh/dennypa77/mass-upload@main/foto-upload/toko3/jibbitz/JB-0000153.png,260735
Hangs on You,toko3,JIBBITZ,JB-0000154,varian,E:\Project\Mass upload shopee\foto-upload\toko3\jibbitz\JB-0000154.png,https://cdn.jsdelivr.net/gh/dennypa77/mass-upload@main/foto-upload/toko3/jibbitz/JB-0000154.png,262769
Hangs on You,toko3,JIBBITZ,JB-0000155,varian,E:\Project\Mass upload shopee\foto-upload\toko3\jibbitz\JB-0000155.png,https://cdn.jsdelivr.net/gh/dennypa77/mass-upload@main/foto-upload/toko3/jibbitz/JB-0000155.png,300689
Hangs on You,toko3,JIBBITZ,JB-0000156,varian,E:\Project\Mass upload shopee\foto-upload\toko3\jibbitz\JB-0000156.png,https://cdn.jsdelivr.net/gh/dennypa77/mass-upload@main/foto-upload/toko3/jibbitz/JB-0000156.png,274204
Hangs on You,toko3,JIBBITZ,JB-0000157,varian,E:\Project\Mass upload shopee\foto-upload\toko3\jibbitz\JB-0000157.png,https://cdn.jsdelivr.net/gh/dennypa77/mass-upload@main/foto-upload/toko3/jibbitz/JB-0000157.png,324284
Hangs on You,toko3,JIBBITZ,JB-0000158,varian,E:\Project\Mass upload shopee\foto-upload\toko3\jibbitz\JB-0000158.png,https://cdn.jsdelivr.net/gh/dennypa77/mass-upload@main/foto-upload/toko3/jibbitz/JB-0000158.png,292505
Hangs on You,toko3,JIBBITZ,JB-0000159,varian,E:\Project\Mass upload shopee\foto-upload\toko3\jibbitz\JB-0000159.png,https://cdn.jsdelivr.net/gh/dennypa77/mass-upload@main/foto-upload/toko3/jibbitz/JB-0000159.png,244933
Hangs on You,toko3,JIBBITZ,JB-0000160,varian,E:\Project\Mass upload shopee\foto-upload\toko3\jibbitz\JB-0000160.png,https://cdn.jsdelivr.net/gh/dennypa77/mass-upload@main/foto-upload/toko3/jibbitz/JB-0000160.png,279665
Hangs on You,toko3,JIBBITZ,JB-0000161,varian,E:\Project\Mass upload shopee\foto-upload\toko3\jibbitz\JB-0000161.png,https://cdn.jsdelivr.net/gh/dennypa77/mass-upload@main/foto-upload/toko3/jibbitz/JB-0000161.png,195275
Hangs on You,toko3,JIBBITZ,JB-0000162,varian,E:\Project\Mass upload shopee\foto-upload\toko3\jibbitz\JB-0000162.png,https://cdn.jsdelivr.net/gh/dennypa77/mass-upload@main/foto-upload/toko3/jibbitz/JB-0000162.png,287764
Hangs on You,toko3,JIBBITZ,JB-0000163,varian,E:\Project\Mass upload shopee\foto-upload\toko3\jibbitz\JB-0000163.png,https://cdn.jsdelivr.net/gh/dennypa77/mass-upload@main/foto-upload/toko3/jibbitz/JB-0000163.png,260156
Hangs on You,toko3,JIBBITZ,JB-0000164,varian,E:\Project\Mass upload shopee\foto-upload\toko3\jibbitz\JB-0000164.png,https://cdn.jsdelivr.net/gh/dennypa77/mass-upload@main/foto-upload/toko3/jibbitz/JB-0000164.png,319824
Hangs on You,toko3,JIBBITZ,JB-0000165,varian,E:\Project\Mass upload shopee\foto-upload\toko3\jibbitz\JB-0000165.png,https://cdn.jsdelivr.net/gh/dennypa77/mass-upload@main/foto-upload/toko3/jibbitz/JB-0000165.png,265731
Hangs on You,toko3,JIBBITZ,JB-0000166,varian,E:\Project\Mass upload shopee\foto-upload\toko3\jibbitz\JB-0000166.png,https://cdn.jsdelivr.net/gh/dennypa77/mass-upload@main/foto-upload/toko3/jibbitz/JB-0000166.png,302172
Hangs on You,toko3,JIBBITZ,JB-0000167,varian,E:\Project\Mass upload shopee\foto-upload\toko3\jibbitz\JB-0000167.png,https://cdn.jsdelivr.net/gh/dennypa77/mass-upload@main/foto-upload/toko3/jibbitz/JB-0000167.png,271657
Hangs on You,toko3,JIBBITZ,JB-0000168,varian,E:\Project\Mass upload shopee\foto-upload\toko3\jibbitz\JB-0000168.png,https://cdn.jsdelivr.net/gh/dennypa77/mass-upload@main/foto-upload/toko3/jibbitz/JB-0000168.png,296658
Hangs on You,toko3,JIBBITZ,JB-0000169,varian,E:\Project\Mass upload shopee\foto-upload\toko3\jibbitz\JB-0000169.png,https://cdn.jsdelivr.net/gh/dennypa77/mass-upload@main/foto-upload/toko3/jibbitz/JB-0000169.png,260746
Hangs on You,toko3,JIBBITZ,JB-0000170,varian,E:\Project\Mass upload shopee\foto-upload\toko3\jibbitz\JB-0000170.png,https://cdn.jsdelivr.net/gh/dennypa77/mass-upload@main/foto-upload/toko3/jibbitz/JB-0000170.png,246224
Hangs on You,toko3,JIBBITZ,JB-0000171,varian,E:\Project\Mass upload shopee\foto-upload\toko3\jibbitz\JB-0000171.png,https://cdn.jsdelivr.net/gh/dennypa77/mass-upload@main/foto-upload/toko3/jibbitz/JB-0000171.png,227562
Hangs on You,toko3,JIBBITZ,JB-0000172,varian,E:\Project\Mass upload shopee\foto-upload\toko3\jibbitz\JB-0000172.png,https://cdn.jsdelivr.net/gh/dennypa77/mass-upload@main/foto-upload/toko3/jibbitz/JB-0000172.png,228584
Hangs on You,toko3,JIBBITZ,JB-0000173,varian,E:\Project\Mass upload shopee\foto-upload\toko3\jibbitz\JB-0000173.png,https://cdn.jsdelivr.net/gh/dennypa77/mass-upload@main/foto-upload/toko3/jibbitz/JB-0000173.png,263714
Hangs on You,toko3,JIBBITZ,JB-0000174,varian,E:\Project\Mass upload shopee\foto-upload\toko3\jibbitz\JB-0000174.png,https://cdn.jsdelivr.net/gh/dennypa77/mass-upload@main/foto-upload/toko3/jibbitz/JB-0000174.png,251145
Hangs on You,toko3,JIBBITZ,JB-0000175,varian,E:\Project\Mass upload shopee\foto-upload\toko3\jibbitz\JB-0000175.png,https://cdn.jsdelivr.net/gh/dennypa77/mass-upload@main/foto-upload/toko3/jibbitz/JB-0000175.png,276414
Hangs on You,toko3,JIBBITZ,JB-0000176,varian,E:\Project\Mass upload shopee\foto-upload\toko3\jibbitz\JB-0000176.png,https://cdn.jsdelivr.net/gh/dennypa77/mass-upload@main/foto-upload/toko3/jibbitz/JB-0000176.png,272534
Hangs on You,toko3,JIBBITZ,JB-0000177,varian,E:\Project\Mass upload shopee\foto-upload\toko3\jibbitz\JB-0000177.png,https://cdn.jsdelivr.net/gh/dennypa77/mass-upload@main/foto-upload/toko3/jibbitz/JB-0000177.png,263579
Hangs on You,toko3,JIBBITZ,JB-0000178,varian,E:\Project\Mass upload shopee\foto-upload\toko3\jibbitz\JB-0000178.png,https://cdn.jsdelivr.net/gh/dennypa77/mass-upload@main/foto-upload/toko3/jibbitz/JB-0000178.png,257761
Hangs on You,toko3,JIBBITZ,JB-0000179,varian,E:\Project\Mass upload shopee\foto-upload\toko3\jibbitz\JB-0000179.png,https://cdn.jsdelivr.net/gh/dennypa77/mass-upload@main/foto-upload/toko3/jibbitz/JB-0000179.png,310868
Hangs on You,toko3,JIBBITZ,JB-0000180,varian,E:\Project\Mass upload shopee\foto-upload\toko3\jibbitz\JB-0000180.png,https://cdn.jsdelivr.net/gh/dennypa77/mass-upload@main/foto-upload/toko3/jibbitz/JB-0000180.png,301727
Hangs on You,toko3,JIBBITZ,JB-0000181,varian,E:\Project\Mass upload shopee\foto-upload\toko3\jibbitz\JB-0000181.png,https://cdn.jsdelivr.net/gh/dennypa77/mass-upload@main/foto-upload/toko3/jibbitz/JB-0000181.png,218819
Hangs on You,toko3,JIBBITZ,JB-0000182,varian,E:\Project\Mass upload shopee\foto-upload\toko3\jibbitz\JB-0000182.png,https://cdn.jsdelivr.net/gh/dennypa77/mass-upload@main/foto-upload/toko3/jibbitz/JB-0000182.png,297948
Hangs on You,toko3,JIBBITZ,JB-0000183,varian,E:\Project\Mass upload shopee\foto-upload\toko3\jibbitz\JB-0000183.png,https://cdn.jsdelivr.net/gh/dennypa77/mass-upload@main/foto-upload/toko3/jibbitz/JB-0000183.png,269930
Hangs on You,toko3,JIBBITZ,JB-0000184,varian,E:\Project\Mass upload shopee\foto-upload\toko3\jibbitz\JB-0000184.png,https://cdn.jsdelivr.net/gh/dennypa77/mass-upload@main/foto-upload/toko3/jibbitz/JB-0000184.png,255454
Hangs on You,toko3,JIBBITZ,JB-0000185,varian,E:\Project\Mass upload shopee\foto-upload\toko3\jibbitz\JB-0000185.png,https://cdn.jsdelivr.net/gh/dennypa77/mass-upload@main/foto-upload/toko3/jibbitz/JB-0000185.png,246364
Hangs on You,toko3,JIBBITZ,JB-0000186,varian,E:\Project\Mass upload shopee\foto-upload\toko3\jibbitz\JB-0000186.png,https://cdn.jsdelivr.net/gh/dennypa77/mass-upload@main/foto-upload/toko3/jibbitz/JB-0000186.png,249174
Hangs on You,toko3,JIBBITZ,JB-0000187,varian,E:\Project\Mass upload shopee\foto-upload\toko3\jibbitz\JB-0000187.png,https://cdn.jsdelivr.net/gh/dennypa77/mass-upload@main/foto-upload/toko3/jibbitz/JB-0000187.png,249615
Hangs on You,toko3,JIBBITZ,JB-0000188,varian,E:\Project\Mass upload shopee\foto-upload\toko3\jibbitz\JB-0000188.png,https://cdn.jsdelivr.net/gh/dennypa77/mass-upload@main/foto-upload/toko3/jibbitz/JB-0000188.png,324845
Hangs on You,toko3,JIBBITZ,JB-0000189,varian,E:\Project\Mass upload shopee\foto-upload\toko3\jibbitz\JB-0000189.png,https://cdn.jsdelivr.net/gh/dennypa77/mass-upload@main/foto-upload/toko3/jibbitz/JB-0000189.png,235732
Hangs on You,toko3,JIBBITZ,JB-0000190,varian,E:\Project\Mass upload shopee\foto-upload\toko3\jibbitz\JB-0000190.png,https://cdn.jsdelivr.net/gh/dennypa77/mass-upload@main/foto-upload/toko3/jibbitz/JB-0000190.png,291371
Hangs on You,toko3,JIBBITZ,JB-0000191,varian,E:\Project\Mass upload shopee\foto-upload\toko3\jibbitz\JB-0000191.png,https://cdn.jsdelivr.net/gh/dennypa77/mass-upload@main/foto-upload/toko3/jibbitz/JB-0000191.png,186173
Hangs on You,toko3,JIBBITZ,JB-0000192,varian,E:\Project\Mass upload shopee\foto-upload\toko3\jibbitz\JB-0000192.png,https://cdn.jsdelivr.net/gh/dennypa77/mass-upload@main/foto-upload/toko3/jibbitz/JB-0000192.png,290901
Hangs on You,toko3,JIBBITZ,JB-0000193,varian,E:\Project\Mass upload shopee\foto-upload\toko3\jibbitz\JB-0000193.png,https://cdn.jsdelivr.net/gh/dennypa77/mass-upload@main/foto-upload/toko3/jibbitz/JB-0000193.png,332016
Hangs on You,toko3,JIBBITZ,JB-0000194,varian,E:\Project\Mass upload shopee\foto-upload\toko3\jibbitz\JB-0000194.png,https://cdn.jsdelivr.net/gh/dennypa77/mass-upload@main/foto-upload/toko3/jibbitz/JB-0000194.png,308984
Hangs on You,toko3,JIBBITZ,JB-0000195,varian,E:\Project\Mass upload shopee\foto-upload\toko3\jibbitz\JB-0000195.png,https://cdn.jsdelivr.net/gh/dennypa77/mass-upload@main/foto-upload/toko3/jibbitz/JB-0000195.png,352597
Hangs on You,toko3,JIBBITZ,JB-0000196,varian,E:\Project\Mass upload shopee\foto-upload\toko3\jibbitz\JB-0000196.png,https://cdn.jsdelivr.net/gh/dennypa77/mass-upload@main/foto-upload/toko3/jibbitz/JB-0000196.png,314819
Hangs on You,toko3,JIBBITZ,JB-0000197,varian,E:\Project\Mass upload shopee\foto-upload\toko3\jibbitz\JB-0000197.png,https://cdn.jsdelivr.net/gh/dennypa77/mass-upload@main/foto-upload/toko3/jibbitz/JB-0000197.png,225662
Hangs on You,toko3,JIBBITZ,JB-0000198,varian,E:\Project\Mass upload shopee\foto-upload\toko3\jibbitz\JB-0000198.png,https://cdn.jsdelivr.net/gh/dennypa77/mass-upload@main/foto-upload/toko3/jibbitz/JB-0000198.png,283629
Hangs on You,toko3,JIBBITZ,JB-0000199,varian,E:\Project\Mass upload shopee\foto-upload\toko3\jibbitz\JB-0000199.png,https://cdn.jsdelivr.net/gh/dennypa77/mass-upload@main/foto-upload/toko3/jibbitz/JB-0000199.png,273826
Hangs on You,toko3,JIBBITZ,JB-0000200,varian,E:\Project\Mass upload shopee\foto-upload\toko3\jibbitz\JB-0000200.png,https://cdn.jsdelivr.net/gh/dennypa77/mass-upload@main/foto-upload/toko3/jibbitz/JB-0000200.png,257198
Hangs on You,toko3,JIBBITZ,JB-0000201,varian,E:\Project\Mass upload shopee\foto-upload\toko3\jibbitz\JB-0000201.png,https://cdn.jsdelivr.net/gh/dennypa77/mass-upload@main/foto-upload/toko3/jibbitz/JB-0000201.png,735302
Hangs on You,toko3,JIBBITZ,JB-0000202,varian,E:\Project\Mass upload shopee\foto-upload\toko3\jibbitz\JB-0000202.png,https://cdn.jsdelivr.net/gh/dennypa77/mass-upload@main/foto-upload/toko3/jibbitz/JB-0000202.png,720035
Hangs on You,toko3,JIBBITZ,JB-0000203,varian,E:\Project\Mass upload shopee\foto-upload\toko3\jibbitz\JB-0000203.png,https://cdn.jsdelivr.net/gh/dennypa77/mass-upload@main/foto-upload/toko3/jibbitz/JB-0000203.png,687891
Hangs on You,toko3,JIBBITZ,JB-0000204,varian,E:\Project\Mass upload shopee\foto-upload\toko3\jibbitz\JB-0000204.png,https://cdn.jsdelivr.net/gh/dennypa77/mass-upload@main/foto-upload/toko3/jibbitz/JB-0000204.png,738446
Hangs on You,toko3,JIBBITZ,JB-0000205,varian,E:\Project\Mass upload shopee\foto-upload\toko3\jibbitz\JB-0000205.png,https://cdn.jsdelivr.net/gh/dennypa77/mass-upload@main/foto-upload/toko3/jibbitz/JB-0000205.png,731577
Hangs on You,toko3,JIBBITZ,JB-0000206,varian,E:\Project\Mass upload shopee\foto-upload\toko3\jibbitz\JB-0000206.png,https://cdn.jsdelivr.net/gh/dennypa77/mass-upload@main/foto-upload/toko3/jibbitz/JB-0000206.png,702518
Hangs on You,toko3,JIBBITZ,JB-0000207,varian,E:\Project\Mass upload shopee\foto-upload\toko3\jibbitz\JB-0000207.png,https://cdn.jsdelivr.net/gh/dennypa77/mass-upload@main/foto-upload/toko3/jibbitz/JB-0000207.png,694515
Hangs on You,toko3,JIBBITZ,JB-0000208,varian,E:\Project\Mass upload shopee\foto-upload\toko3\jibbitz\JB-0000208.png,https://cdn.jsdelivr.net/gh/dennypa77/mass-upload@main/foto-upload/toko3/jibbitz/JB-0000208.png,776501
Hangs on You,toko3,JIBBITZ,JB-0000209,varian,E:\Project\Mass upload shopee\foto-upload\toko3\jibbitz\JB-0000209.png,https://cdn.jsdelivr.net/gh/dennypa77/mass-upload@main/foto-upload/toko3/jibbitz/JB-0000209.png,734142
Hangs on You,toko3,JIBBITZ,JB-0000210,varian,E:\Project\Mass upload shopee\foto-upload\toko3\jibbitz\JB-0000210.png,https://cdn.jsdelivr.net/gh/dennypa77/mass-upload@main/foto-upload/toko3/jibbitz/JB-0000210.png,781271
Hangs on You,toko3,JIBBITZ,JB-0000211,varian,E:\Project\Mass upload shopee\foto-upload\toko3\jibbitz\JB-0000211.png,https://cdn.jsdelivr.net/gh/dennypa77/mass-upload@main/foto-upload/toko3/jibbitz/JB-0000211.png,692490
Hangs on You,toko3,JIBBITZ,JB-0000212,varian,E:\Project\Mass upload shopee\foto-upload\toko3\jibbitz\JB-0000212.png,https://cdn.jsdelivr.net/gh/dennypa77/mass-upload@main/foto-upload/toko3/jibbitz/JB-0000212.png,797024
Hangs on You,toko3,JIBBITZ,JB-0000213,varian,E:\Project\Mass upload shopee\foto-upload\toko3\jibbitz\JB-0000213.png,https://cdn.jsdelivr.net/gh/dennypa77/mass-upload@main/foto-upload/toko3/jibbitz/JB-0000213.png,660384
Hangs on You,toko3,JIBBITZ,JB-0000214,varian,E:\Project\Mass upload shopee\foto-upload\toko3\jibbitz\JB-0000214.png,https://cdn.jsdelivr.net/gh/dennypa77/mass-upload@main/foto-upload/toko3/jibbitz/JB-0000214.png,605785
Hangs on You,toko3,JIBBITZ,JB-0000215,varian,E:\Project\Mass upload shopee\foto-upload\toko3\jibbitz\JB-0000215.png,https://cdn.jsdelivr.net/gh/dennypa77/mass-upload@main/foto-upload/toko3/jibbitz/JB-0000215.png,843909
Hangs on You,toko3,JIBBITZ,JB-0000216,varian,E:\Project\Mass upload shopee\foto-upload\toko3\jibbitz\JB-0000216.png,https://cdn.jsdelivr.net/gh/dennypa77/mass-upload@main/foto-upload/toko3/jibbitz/JB-0000216.png,599554
Hangs on You,toko3,JIBBITZ,JB-0000217,varian,E:\Project\Mass upload shopee\foto-upload\toko3\jibbitz\JB-0000217.png,https://cdn.jsdelivr.net/gh/dennypa77/mass-upload@main/foto-upload/toko3/jibbitz/JB-0000217.png,679583
Hangs on You,toko3,JIBBITZ,JB-0000218,varian,E:\Project\Mass upload shopee\foto-upload\toko3\jibbitz\JB-0000218.png,https://cdn.jsdelivr.net/gh/dennypa77/mass-upload@main/foto-upload/toko3/jibbitz/JB-0000218.png,650837
Hangs on You,toko3,JIBBITZ,JB-0000219,varian,E:\Project\Mass upload shopee\foto-upload\toko3\jibbitz\JB-0000219.png,https://cdn.jsdelivr.net/gh/dennypa77/mass-upload@main/foto-upload/toko3/jibbitz/JB-0000219.png,657951
Hangs on You,toko3,JIBBITZ,JB-0000220,varian,E:\Project\Mass upload shopee\foto-upload\toko3\jibbitz\JB-0000220.png,https://cdn.jsdelivr.net/gh/dennypa77/mass-upload@main/foto-upload/toko3/jibbitz/JB-0000220.png,720682
Hangs on You,toko3,JIBBITZ,JB-0000221,varian,E:\Project\Mass upload shopee\foto-upload\toko3\jibbitz\JB-0000221.png,https://cdn.jsdelivr.net/gh/dennypa77/mass-upload@main/foto-upload/toko3/jibbitz/JB-0000221.png,528738
Hangs on You,toko3,JIBBITZ,JB-0000222,varian,E:\Project\Mass upload shopee\foto-upload\toko3\jibbitz\JB-0000222.png,https://cdn.jsdelivr.net/gh/dennypa77/mass-upload@main/foto-upload/toko3/jibbitz/JB-0000222.png,687279
Hangs on You,toko3,JIBBITZ,JB-0000223,varian,E:\Project\Mass upload shopee\foto-upload\toko3\jibbitz\JB-0000223.png,https://cdn.jsdelivr.net/gh/dennypa77/mass-upload@main/foto-upload/toko3/jibbitz/JB-0000223.png,774634
Hangs on You,toko3,JIBBITZ,JB-0000224,varian,E:\Project\Mass upload shopee\foto-upload\toko3\jibbitz\JB-0000224.png,https://cdn.jsdelivr.net/gh/dennypa77/mass-upload@main/foto-upload/toko3/jibbitz/JB-0000224.png,706233
Hangs on You,toko3,JIBBITZ,JB-0000225,varian,E:\Project\Mass upload shopee\foto-upload\toko3\jibbitz\JB-0000225.png,https://cdn.jsdelivr.net/gh/dennypa77/mass-upload@main/foto-upload/toko3/jibbitz/JB-0000225.png,698505
Hangs on You,toko3,JIBBITZ,JB-0000226,varian,E:\Project\Mass upload shopee\foto-upload\toko3\jibbitz\JB-0000226.png,https://cdn.jsdelivr.net/gh/dennypa77/mass-upload@main/foto-upload/toko3/jibbitz/JB-0000226.png,603197
Hangs on You,toko3,JIBBITZ,JB-0000227,varian,E:\Project\Mass upload shopee\foto-upload\toko3\jibbitz\JB-0000227.png,https://cdn.jsdelivr.net/gh/dennypa77/mass-upload@main/foto-upload/toko3/jibbitz/JB-0000227.png,628804
Hangs on You,toko3,JIBBITZ,JB-0000228,varian,E:\Project\Mass upload shopee\foto-upload\toko3\jibbitz\JB-0000228.png,https://cdn.jsdelivr.net/gh/dennypa77/mass-upload@main/foto-upload/toko3/jibbitz/JB-0000228.png,560766
Hangs on You,toko3,JIBBITZ,JB-0000229,varian,E:\Project\Mass upload shopee\foto-upload\toko3\jibbitz\JB-0000229.png,https://cdn.jsdelivr.net/gh/dennypa77/mass-upload@main/foto-upload/toko3/jibbitz/JB-0000229.png,829785
Hangs on You,toko3,JIBBITZ,JB-0000230,varian,E:\Project\Mass upload shopee\foto-upload\toko3\jibbitz\JB-0000230.png,https://cdn.jsdelivr.net/gh/dennypa77/mass-upload@main/foto-upload/toko3/jibbitz/JB-0000230.png,673084
Hangs on You,toko3,JIBBITZ,JB-0000231,varian,E:\Project\Mass upload shopee\foto-upload\toko3\jibbitz\JB-0000231.png,https://cdn.jsdelivr.net/gh/dennypa77/mass-upload@main/foto-upload/toko3/jibbitz/JB-0000231.png,558948
Hangs on You,toko3,JIBBITZ,JB-0000232,varian,E:\Project\Mass upload shopee\foto-upload\toko3\jibbitz\JB-0000232.png,https://cdn.jsdelivr.net/gh/dennypa77/mass-upload@main/foto-upload/toko3/jibbitz/JB-0000232.png,635388
Hangs on You,toko3,JIBBITZ,JB-0000233,varian,E:\Project\Mass upload shopee\foto-upload\toko3\jibbitz\JB-0000233.png,https://cdn.jsdelivr.net/gh/dennypa77/mass-upload@main/foto-upload/toko3/jibbitz/JB-0000233.png,641925
Hangs on You,toko3,JIBBITZ,JB-0000234,varian,E:\Project\Mass upload shopee\foto-upload\toko3\jibbitz\JB-0000234.png,https://cdn.jsdelivr.net/gh/dennypa77/mass-upload@main/foto-upload/toko3/jibbitz/JB-0000234.png,664617
Hangs on You,toko3,JIBBITZ,JB-0000235,varian,E:\Project\Mass upload shopee\foto-upload\toko3\jibbitz\JB-0000235.png,https://cdn.jsdelivr.net/gh/dennypa77/mass-upload@main/foto-upload/toko3/jibbitz/JB-0000235.png,648443
Hangs on You,toko3,JIBBITZ,JB-0000236,varian,E:\Project\Mass upload shopee\foto-upload\toko3\jibbitz\JB-0000236.png,https://cdn.jsdelivr.net/gh/dennypa77/mass-upload@main/foto-upload/toko3/jibbitz/JB-0000236.png,565474
Hangs on You,toko3,JIBBITZ,JB-0000237,varian,E:\Project\Mass upload shopee\foto-upload\toko3\jibbitz\JB-0000237.png,https://cdn.jsdelivr.net/gh/dennypa77/mass-upload@main/foto-upload/toko3/jibbitz/JB-0000237.png,580792
Hangs on You,toko3,JIBBITZ,JB-0000238,varian,E:\Project\Mass upload shopee\foto-upload\toko3\jibbitz\JB-0000238.png,https://cdn.jsdelivr.net/gh/dennypa77/mass-upload@main/foto-upload/toko3/jibbitz/JB-0000238.png,579015
Hangs on You,toko3,JIBBITZ,JB-0000239,varian,E:\Project\Mass upload shopee\foto-upload\toko3\jibbitz\JB-0000239.png,https://cdn.jsdelivr.net/gh/dennypa77/mass-upload@main/foto-upload/toko3/jibbitz/JB-0000239.png,653416
Hangs on You,toko3,JIBBITZ,JB-0000240,varian,E:\Project\Mass upload shopee\foto-upload\toko3\jibbitz\JB-0000240.png,https://cdn.jsdelivr.net/gh/dennypa77/mass-upload@main/foto-upload/toko3/jibbitz/JB-0000240.png,668082
Hangs on You,toko3,JIBBITZ,JB-0000241,varian,E:\Project\Mass upload shopee\foto-upload\toko3\jibbitz\JB-0000241.png,https://cdn.jsdelivr.net/gh/dennypa77/mass-upload@main/foto-upload/toko3/jibbitz/JB-0000241.png,665127
Hangs on You,toko3,JIBBITZ,JB-0000242,varian,E:\Project\Mass upload shopee\foto-upload\toko3\jibbitz\JB-0000242.png,https://cdn.jsdelivr.net/gh/dennypa77/mass-upload@main/foto-upload/toko3/jibbitz/JB-0000242.png,704197
Hangs on You,toko3,JIBBITZ,JB-0000243,varian,E:\Project\Mass upload shopee\foto-upload\toko3\jibbitz\JB-0000243.png,https://cdn.jsdelivr.net/gh/dennypa77/mass-upload@main/foto-upload/toko3/jibbitz/JB-0000243.png,684850
Hangs on You,toko3,JIBBITZ,JB-0000244,varian,E:\Project\Mass upload shopee\foto-upload\toko3\jibbitz\JB-0000244.png,https://cdn.jsdelivr.net/gh/dennypa77/mass-upload@main/foto-upload/toko3/jibbitz/JB-0000244.png,813196
Hangs on You,toko3,JIBBITZ,JB-0000245,varian,E:\Project\Mass upload shopee\foto-upload\toko3\jibbitz\JB-0000245.png,https://cdn.jsdelivr.net/gh/dennypa77/mass-upload@main/foto-upload/toko3/jibbitz/JB-0000245.png,614408
Hangs on You,toko3,JIBBITZ,JB-0000246,varian,E:\Project\Mass upload shopee\foto-upload\toko3\jibbitz\JB-0000246.png,https://cdn.jsdelivr.net/gh/dennypa77/mass-upload@main/foto-upload/toko3/jibbitz/JB-0000246.png,748047
Hangs on You,toko3,JIBBITZ,JB-0000247,varian,E:\Project\Mass upload shopee\foto-upload\toko3\jibbitz\JB-0000247.png,https://cdn.jsdelivr.net/gh/dennypa77/mass-upload@main/foto-upload/toko3/jibbitz/JB-0000247.png,701041
Hangs on You,toko3,JIBBITZ,JB-0000248,varian,E:\Project\Mass upload shopee\foto-upload\toko3\jibbitz\JB-0000248.png,https://cdn.jsdelivr.net/gh/dennypa77/mass-upload@main/foto-upload/toko3/jibbitz/JB-0000248.png,720374
Hangs on You,toko3,JIBBITZ,JB-0000249,varian,E:\Project\Mass upload shopee\foto-upload\toko3\jibbitz\JB-0000249.png,https://cdn.jsdelivr.net/gh/dennypa77/mass-upload@main/foto-upload/toko3/jibbitz/JB-0000249.png,556783
Hangs on You,toko3,JIBBITZ,JB-0000250,varian,E:\Project\Mass upload shopee\foto-upload\toko3\jibbitz\JB-0000250.png,https://cdn.jsdelivr.net/gh/dennypa77/mass-upload@main/foto-upload/toko3/jibbitz/JB-0000250.png,555111
Hangs on You,toko3,JIBBITZ,JB-BLACKPINK-UTAMA1,utama,E:\Project\Mass upload shopee\foto-upload\toko3\jibbitz\JB-BLACKPINK-utama1.png,https://cdn.jsdelivr.net/gh/dennypa77/mass-upload@main/foto-upload/toko3/jibbitz/JB-BLACKPINK-utama1.png,1845865
Hangs on You,toko3,JIBBITZ,JB-BLACKPINK-UTAMA2,utama,E:\Project\Mass upload shopee\foto-upload\toko3\jibbitz\JB-BLACKPINK-utama2.png,https://cdn.jsdelivr.net/gh/dennypa77/mass-upload@main/foto-upload/toko3/jibbitz/JB-BLACKPINK-utama2.png,840429
Hangs on You,toko3,JIBBITZ,JB-BLACKPINK-UTAMA3,utama,E:\Project\Mass upload shopee\foto-upload\toko3\jibbitz\JB-BLACKPINK-utama3.png,https://cdn.jsdelivr.net/gh/dennypa77/mass-upload@main/foto-upload/toko3/jibbitz/JB-BLACKPINK-utama3.png,1424050
Hangs on You,toko3,JIBBITZ,JB-BTS-UTAMA1,utama,E:\Project\Mass upload shopee\foto-upload\toko3\jibbitz\JB-BTS-utama1.png,https://cdn.jsdelivr.net/gh/dennypa77/mass-upload@main/foto-upload/toko3/jibbitz/JB-BTS-utama1.png,1623829
Hangs on You,toko3,JIBBITZ,JB-BTS-UTAMA2,utama,E:\Project\Mass upload shopee\foto-upload\toko3\jibbitz\JB-BTS-utama2.png,https://cdn.jsdelivr.net/gh/dennypa77/mass-upload@main/foto-upload/toko3/jibbitz/JB-BTS-utama2.png,818210
Hangs on You,toko3,JIBBITZ,JB-BTS-UTAMA3,utama,E:\Project\Mass upload shopee\foto-upload\toko3\jibbitz\JB-BTS-utama3.png,https://cdn.jsdelivr.net/gh/dennypa77/mass-upload@main/foto-upload/toko3/jibbitz/JB-BTS-utama3.png,1418299
Hangs on You,toko3,JIBBITZ,JB-CORTIS-UTAMA1,utama,E:\Project\Mass upload shopee\foto-upload\toko3\jibbitz\JB-CORTIS-utama1.png,https://cdn.jsdelivr.net/gh/dennypa77/mass-upload@main/foto-upload/toko3/jibbitz/JB-CORTIS-utama1.png,1713072
Hangs on You,toko3,JIBBITZ,JB-CORTIS-UTAMA2,utama,E:\Project\Mass upload shopee\foto-upload\toko3\jibbitz\JB-CORTIS-utama2.png,https://cdn.jsdelivr.net/gh/dennypa77/mass-upload@main/foto-upload/toko3/jibbitz/JB-CORTIS-utama2.png,1240458
Hangs on You,toko3,JIBBITZ,JB-CORTIS-UTAMA3,utama,E:\Project\Mass upload shopee\foto-upload\toko3\jibbitz\JB-CORTIS-utama3.png,https://cdn.jsdelivr.net/gh/dennypa77/mass-upload@main/foto-upload/toko3/jibbitz/JB-CORTIS-utama3.png,1578351
Hangs on You,toko3,JIBBITZ,JB-HEARTS2HEARTS-UTAMA1,utama,E:\Project\Mass upload shopee\foto-upload\toko3\jibbitz\JB-HEARTS2HEARTS-utama1.png,https://cdn.jsdelivr.net/gh/dennypa77/mass-upload@main/foto-upload/toko3/jibbitz/JB-HEARTS2HEARTS-utama1.png,1773698
Hangs on You,toko3,JIBBITZ,JB-HEARTS2HEARTS-UTAMA2,utama,E:\Project\Mass upload shopee\foto-upload\toko3\jibbitz\JB-HEARTS2HEARTS-utama2.png,https://cdn.jsdelivr.net/gh/dennypa77/mass-upload@main/foto-upload/toko3/jibbitz/JB-HEARTS2HEARTS-utama2.png,1214297
Hangs on You,toko3,JIBBITZ,JB-HEARTS2HEARTS-UTAMA3,utama,E:\Project\Mass upload shopee\foto-upload\toko3\jibbitz\JB-HEARTS2HEARTS-utama3.png,https://cdn.jsdelivr.net/gh/dennypa77/mass-upload@main/foto-upload/toko3/jibbitz/JB-HEARTS2HEARTS-utama3.png,1562757
Hangs on You,toko3,PIN AKRILIK,PA-0000001,varian,E:\Project\Mass upload shopee\foto-upload\toko3\pin-akrilik\PA-0000001.png,https://cdn.jsdelivr.net/gh/dennypa77/mass-upload@main/foto-upload/toko3/pin-akrilik/PA-0000001.png,775614
Hangs on You,toko3,PIN AKRILIK,PA-0000002,varian,E:\Project\Mass upload shopee\foto-upload\toko3\pin-akrilik\PA-0000002.png,https://cdn.jsdelivr.net/gh/dennypa77/mass-upload@main/foto-upload/toko3/pin-akrilik/PA-0000002.png,736490
Hangs on You,toko3,PIN AKRILIK,PA-0000003,varian,E:\Project\Mass upload shopee\foto-upload\toko3\pin-akrilik\PA-0000003.png,https://cdn.jsdelivr.net/gh/dennypa77/mass-upload@main/foto-upload/toko3/pin-akrilik/PA-0000003.png,748490
Hangs on You,toko3,PIN AKRILIK,PA-0000004,varian,E:\Project\Mass upload shopee\foto-upload\toko3\pin-akrilik\PA-0000004.png,https://cdn.jsdelivr.net/gh/dennypa77/mass-upload@main/foto-upload/toko3/pin-akrilik/PA-0000004.png,730492
Hangs on You,toko3,PIN AKRILIK,PA-0000005,varian,E:\Project\Mass upload shopee\foto-upload\toko3\pin-akrilik\PA-0000005.png,https://cdn.jsdelivr.net/gh/dennypa77/mass-upload@main/foto-upload/toko3/pin-akrilik/PA-0000005.png,749149
Hangs on You,toko3,PIN AKRILIK,PA-0000006,varian,E:\Project\Mass upload shopee\foto-upload\toko3\pin-akrilik\PA-0000006.png,https://cdn.jsdelivr.net/gh/dennypa77/mass-upload@main/foto-upload/toko3/pin-akrilik/PA-0000006.png,696765
Hangs on You,toko3,PIN AKRILIK,PA-0000007,varian,E:\Project\Mass upload shopee\foto-upload\toko3\pin-akrilik\PA-0000007.png,https://cdn.jsdelivr.net/gh/dennypa77/mass-upload@main/foto-upload/toko3/pin-akrilik/PA-0000007.png,742248
Hangs on You,toko3,PIN AKRILIK,PA-0000008,varian,E:\Project\Mass upload shopee\foto-upload\toko3\pin-akrilik\PA-0000008.png,https://cdn.jsdelivr.net/gh/dennypa77/mass-upload@main/foto-upload/toko3/pin-akrilik/PA-0000008.png,729334
Hangs on You,toko3,PIN AKRILIK,PA-0000009,varian,E:\Project\Mass upload shopee\foto-upload\toko3\pin-akrilik\PA-0000009.png,https://cdn.jsdelivr.net/gh/dennypa77/mass-upload@main/foto-upload/toko3/pin-akrilik/PA-0000009.png,724810
Hangs on You,toko3,PIN AKRILIK,PA-0000010,varian,E:\Project\Mass upload shopee\foto-upload\toko3\pin-akrilik\PA-0000010.png,https://cdn.jsdelivr.net/gh/dennypa77/mass-upload@main/foto-upload/toko3/pin-akrilik/PA-0000010.png,738522
Hangs on You,toko3,PIN AKRILIK,PA-0000011,varian,E:\Project\Mass upload shopee\foto-upload\toko3\pin-akrilik\PA-0000011.png,https://cdn.jsdelivr.net/gh/dennypa77/mass-upload@main/foto-upload/toko3/pin-akrilik/PA-0000011.png,708901
Hangs on You,toko3,PIN AKRILIK,PA-0000012,varian,E:\Project\Mass upload shopee\foto-upload\toko3\pin-akrilik\PA-0000012.png,https://cdn.jsdelivr.net/gh/dennypa77/mass-upload@main/foto-upload/toko3/pin-akrilik/PA-0000012.png,698856
Hangs on You,toko3,PIN AKRILIK,PA-0000013,varian,E:\Project\Mass upload shopee\foto-upload\toko3\pin-akrilik\PA-0000013.png,https://cdn.jsdelivr.net/gh/dennypa77/mass-upload@main/foto-upload/toko3/pin-akrilik/PA-0000013.png,730373
Hangs on You,toko3,PIN AKRILIK,PA-0000014,varian,E:\Project\Mass upload shopee\foto-upload\toko3\pin-akrilik\PA-0000014.png,https://cdn.jsdelivr.net/gh/dennypa77/mass-upload@main/foto-upload/toko3/pin-akrilik/PA-0000014.png,698768
Hangs on You,toko3,PIN AKRILIK,PA-0000015,varian,E:\Project\Mass upload shopee\foto-upload\toko3\pin-akrilik\PA-0000015.png,https://cdn.jsdelivr.net/gh/dennypa77/mass-upload@main/foto-upload/toko3/pin-akrilik/PA-0000015.png,711216
Hangs on You,toko3,PIN AKRILIK,PA-0000016,varian,E:\Project\Mass upload shopee\foto-upload\toko3\pin-akrilik\PA-0000016.png,https://cdn.jsdelivr.net/gh/dennypa77/mass-upload@main/foto-upload/toko3/pin-akrilik/PA-0000016.png,721330
Hangs on You,toko3,PIN AKRILIK,PA-0000017,varian,E:\Project\Mass upload shopee\foto-upload\toko3\pin-akrilik\PA-0000017.png,https://cdn.jsdelivr.net/gh/dennypa77/mass-upload@main/foto-upload/toko3/pin-akrilik/PA-0000017.png,713298
Hangs on You,toko3,PIN AKRILIK,PA-0000018,varian,E:\Project\Mass upload shopee\foto-upload\toko3\pin-akrilik\PA-0000018.png,https://cdn.jsdelivr.net/gh/dennypa77/mass-upload@main/foto-upload/toko3/pin-akrilik/PA-0000018.png,724401
Hangs on You,toko3,PIN AKRILIK,PA-0000019,varian,E:\Project\Mass upload shopee\foto-upload\toko3\pin-akrilik\PA-0000019.png,https://cdn.jsdelivr.net/gh/dennypa77/mass-upload@main/foto-upload/toko3/pin-akrilik/PA-0000019.png,699355
Hangs on You,toko3,PIN AKRILIK,PA-0000020,varian,E:\Project\Mass upload shopee\foto-upload\toko3\pin-akrilik\PA-0000020.png,https://cdn.jsdelivr.net/gh/dennypa77/mass-upload@main/foto-upload/toko3/pin-akrilik/PA-0000020.png,718514
Hangs on You,toko3,PIN AKRILIK,PA-0000021,varian,E:\Project\Mass upload shopee\foto-upload\toko3\pin-akrilik\PA-0000021.png,https://cdn.jsdelivr.net/gh/dennypa77/mass-upload@main/foto-upload/toko3/pin-akrilik/PA-0000021.png,713838
Hangs on You,toko3,PIN AKRILIK,PA-0000022,varian,E:\Project\Mass upload shopee\foto-upload\toko3\pin-akrilik\PA-0000022.png,https://cdn.jsdelivr.net/gh/dennypa77/mass-upload@main/foto-upload/toko3/pin-akrilik/PA-0000022.png,753338
Hangs on You,toko3,PIN AKRILIK,PA-0000023,varian,E:\Project\Mass upload shopee\foto-upload\toko3\pin-akrilik\PA-0000023.png,https://cdn.jsdelivr.net/gh/dennypa77/mass-upload@main/foto-upload/toko3/pin-akrilik/PA-0000023.png,717277
Hangs on You,toko3,PIN AKRILIK,PA-0000024,varian,E:\Project\Mass upload shopee\foto-upload\toko3\pin-akrilik\PA-0000024.png,https://cdn.jsdelivr.net/gh/dennypa77/mass-upload@main/foto-upload/toko3/pin-akrilik/PA-0000024.png,726199
Hangs on You,toko3,PIN AKRILIK,PA-0000025,varian,E:\Project\Mass upload shopee\foto-upload\toko3\pin-akrilik\PA-0000025.png,https://cdn.jsdelivr.net/gh/dennypa77/mass-upload@main/foto-upload/toko3/pin-akrilik/PA-0000025.png,745163
Hangs on You,toko3,PIN AKRILIK,PA-0000026,varian,E:\Project\Mass upload shopee\foto-upload\toko3\pin-akrilik\PA-0000026.png,https://cdn.jsdelivr.net/gh/dennypa77/mass-upload@main/foto-upload/toko3/pin-akrilik/PA-0000026.png,711310
Hangs on You,toko3,PIN AKRILIK,PA-0000027,varian,E:\Project\Mass upload shopee\foto-upload\toko3\pin-akrilik\PA-0000027.png,https://cdn.jsdelivr.net/gh/dennypa77/mass-upload@main/foto-upload/toko3/pin-akrilik/PA-0000027.png,715241
Hangs on You,toko3,PIN AKRILIK,PA-0000028,varian,E:\Project\Mass upload shopee\foto-upload\toko3\pin-akrilik\PA-0000028.png,https://cdn.jsdelivr.net/gh/dennypa77/mass-upload@main/foto-upload/toko3/pin-akrilik/PA-0000028.png,741882
Hangs on You,toko3,PIN AKRILIK,PA-0000029,varian,E:\Project\Mass upload shopee\foto-upload\toko3\pin-akrilik\PA-0000029.png,https://cdn.jsdelivr.net/gh/dennypa77/mass-upload@main/foto-upload/toko3/pin-akrilik/PA-0000029.png,744344
Hangs on You,toko3,PIN AKRILIK,PA-0000030,varian,E:\Project\Mass upload shopee\foto-upload\toko3\pin-akrilik\PA-0000030.png,https://cdn.jsdelivr.net/gh/dennypa77/mass-upload@main/foto-upload/toko3/pin-akrilik/PA-0000030.png,705149
Hangs on You,toko3,PIN AKRILIK,PA-0000031,varian,E:\Project\Mass upload shopee\foto-upload\toko3\pin-akrilik\PA-0000031.png,https://cdn.jsdelivr.net/gh/dennypa77/mass-upload@main/foto-upload/toko3/pin-akrilik/PA-0000031.png,703888
Hangs on You,toko3,PIN AKRILIK,PA-0000032,varian,E:\Project\Mass upload shopee\foto-upload\toko3\pin-akrilik\PA-0000032.png,https://cdn.jsdelivr.net/gh/dennypa77/mass-upload@main/foto-upload/toko3/pin-akrilik/PA-0000032.png,737785
Hangs on You,toko3,PIN AKRILIK,PA-0000033,varian,E:\Project\Mass upload shopee\foto-upload\toko3\pin-akrilik\PA-0000033.png,https://cdn.jsdelivr.net/gh/dennypa77/mass-upload@main/foto-upload/toko3/pin-akrilik/PA-0000033.png,749273
Hangs on You,toko3,PIN AKRILIK,PA-0000034,varian,E:\Project\Mass upload shopee\foto-upload\toko3\pin-akrilik\PA-0000034.png,https://cdn.jsdelivr.net/gh/dennypa77/mass-upload@main/foto-upload/toko3/pin-akrilik/PA-0000034.png,683521
Hangs on You,toko3,PIN AKRILIK,PA-0000035,varian,E:\Project\Mass upload shopee\foto-upload\toko3\pin-akrilik\PA-0000035.png,https://cdn.jsdelivr.net/gh/dennypa77/mass-upload@main/foto-upload/toko3/pin-akrilik/PA-0000035.png,727453
Hangs on You,toko3,PIN AKRILIK,PA-0000036,varian,E:\Project\Mass upload shopee\foto-upload\toko3\pin-akrilik\PA-0000036.png,https://cdn.jsdelivr.net/gh/dennypa77/mass-upload@main/foto-upload/toko3/pin-akrilik/PA-0000036.png,706827
Hangs on You,toko3,PIN AKRILIK,PA-0000037,varian,E:\Project\Mass upload shopee\foto-upload\toko3\pin-akrilik\PA-0000037.png,https://cdn.jsdelivr.net/gh/dennypa77/mass-upload@main/foto-upload/toko3/pin-akrilik/PA-0000037.png,728341
Hangs on You,toko3,PIN AKRILIK,PA-0000038,varian,E:\Project\Mass upload shopee\foto-upload\toko3\pin-akrilik\PA-0000038.png,https://cdn.jsdelivr.net/gh/dennypa77/mass-upload@main/foto-upload/toko3/pin-akrilik/PA-0000038.png,702666
Hangs on You,toko3,PIN AKRILIK,PA-0000039,varian,E:\Project\Mass upload shopee\foto-upload\toko3\pin-akrilik\PA-0000039.png,https://cdn.jsdelivr.net/gh/dennypa77/mass-upload@main/foto-upload/toko3/pin-akrilik/PA-0000039.png,713931
Hangs on You,toko3,PIN AKRILIK,PA-0000040,varian,E:\Project\Mass upload shopee\foto-upload\toko3\pin-akrilik\PA-0000040.png,https://cdn.jsdelivr.net/gh/dennypa77/mass-upload@main/foto-upload/toko3/pin-akrilik/PA-0000040.png,703374
Hangs on You,toko3,PIN AKRILIK,PA-0000041,varian,E:\Project\Mass upload shopee\foto-upload\toko3\pin-akrilik\PA-0000041.png,https://cdn.jsdelivr.net/gh/dennypa77/mass-upload@main/foto-upload/toko3/pin-akrilik/PA-0000041.png,720391
Hangs on You,toko3,PIN AKRILIK,PA-0000042,varian,E:\Project\Mass upload shopee\foto-upload\toko3\pin-akrilik\PA-0000042.png,https://cdn.jsdelivr.net/gh/dennypa77/mass-upload@main/foto-upload/toko3/pin-akrilik/PA-0000042.png,725339
Hangs on You,toko3,PIN AKRILIK,PA-0000043,varian,E:\Project\Mass upload shopee\foto-upload\toko3\pin-akrilik\PA-0000043.png,https://cdn.jsdelivr.net/gh/dennypa77/mass-upload@main/foto-upload/toko3/pin-akrilik/PA-0000043.png,728084
Hangs on You,toko3,PIN AKRILIK,PA-0000044,varian,E:\Project\Mass upload shopee\foto-upload\toko3\pin-akrilik\PA-0000044.png,https://cdn.jsdelivr.net/gh/dennypa77/mass-upload@main/foto-upload/toko3/pin-akrilik/PA-0000044.png,728569
Hangs on You,toko3,PIN AKRILIK,PA-0000045,varian,E:\Project\Mass upload shopee\foto-upload\toko3\pin-akrilik\PA-0000045.png,https://cdn.jsdelivr.net/gh/dennypa77/mass-upload@main/foto-upload/toko3/pin-akrilik/PA-0000045.png,734341
Hangs on You,toko3,PIN AKRILIK,PA-0000046,varian,E:\Project\Mass upload shopee\foto-upload\toko3\pin-akrilik\PA-0000046.png,https://cdn.jsdelivr.net/gh/dennypa77/mass-upload@main/foto-upload/toko3/pin-akrilik/PA-0000046.png,694316
Hangs on You,toko3,PIN AKRILIK,PA-0000047,varian,E:\Project\Mass upload shopee\foto-upload\toko3\pin-akrilik\PA-0000047.png,https://cdn.jsdelivr.net/gh/dennypa77/mass-upload@main/foto-upload/toko3/pin-akrilik/PA-0000047.png,682962
Hangs on You,toko3,PIN AKRILIK,PA-0000048,varian,E:\Project\Mass upload shopee\foto-upload\toko3\pin-akrilik\PA-0000048.png,https://cdn.jsdelivr.net/gh/dennypa77/mass-upload@main/foto-upload/toko3/pin-akrilik/PA-0000048.png,708014
Hangs on You,toko3,PIN AKRILIK,PA-0000049,varian,E:\Project\Mass upload shopee\foto-upload\toko3\pin-akrilik\PA-0000049.png,https://cdn.jsdelivr.net/gh/dennypa77/mass-upload@main/foto-upload/toko3/pin-akrilik/PA-0000049.png,688078
Hangs on You,toko3,PIN AKRILIK,PA-0000050,varian,E:\Project\Mass upload shopee\foto-upload\toko3\pin-akrilik\PA-0000050.png,https://cdn.jsdelivr.net/gh/dennypa77/mass-upload@main/foto-upload/toko3/pin-akrilik/PA-0000050.png,693044
Hangs on You,toko3,PIN AKRILIK,PA-0000051,varian,E:\Project\Mass upload shopee\foto-upload\toko3\pin-akrilik\PA-0000051.png,https://cdn.jsdelivr.net/gh/dennypa77/mass-upload@main/foto-upload/toko3/pin-akrilik/PA-0000051.png,723754
Hangs on You,toko3,PIN AKRILIK,PA-0000052,varian,E:\Project\Mass upload shopee\foto-upload\toko3\pin-akrilik\PA-0000052.png,https://cdn.jsdelivr.net/gh/dennypa77/mass-upload@main/foto-upload/toko3/pin-akrilik/PA-0000052.png,737711
Hangs on You,toko3,PIN AKRILIK,PA-0000053,varian,E:\Project\Mass upload shopee\foto-upload\toko3\pin-akrilik\PA-0000053.png,https://cdn.jsdelivr.net/gh/dennypa77/mass-upload@main/foto-upload/toko3/pin-akrilik/PA-0000053.png,757338
Hangs on You,toko3,PIN AKRILIK,PA-0000054,varian,E:\Project\Mass upload shopee\foto-upload\toko3\pin-akrilik\PA-0000054.png,https://cdn.jsdelivr.net/gh/dennypa77/mass-upload@main/foto-upload/toko3/pin-akrilik/PA-0000054.png,723808
Hangs on You,toko3,PIN AKRILIK,PA-0000055,varian,E:\Project\Mass upload shopee\foto-upload\toko3\pin-akrilik\PA-0000055.png,https://cdn.jsdelivr.net/gh/dennypa77/mass-upload@main/foto-upload/toko3/pin-akrilik/PA-0000055.png,748874
Hangs on You,toko3,PIN AKRILIK,PA-0000056,varian,E:\Project\Mass upload shopee\foto-upload\toko3\pin-akrilik\PA-0000056.png,https://cdn.jsdelivr.net/gh/dennypa77/mass-upload@main/foto-upload/toko3/pin-akrilik/PA-0000056.png,739946
Hangs on You,toko3,PIN AKRILIK,PA-0000057,varian,E:\Project\Mass upload shopee\foto-upload\toko3\pin-akrilik\PA-0000057.png,https://cdn.jsdelivr.net/gh/dennypa77/mass-upload@main/foto-upload/toko3/pin-akrilik/PA-0000057.png,743255
Hangs on You,toko3,PIN AKRILIK,PA-0000058,varian,E:\Project\Mass upload shopee\foto-upload\toko3\pin-akrilik\PA-0000058.png,https://cdn.jsdelivr.net/gh/dennypa77/mass-upload@main/foto-upload/toko3/pin-akrilik/PA-0000058.png,699938
Hangs on You,toko3,PIN AKRILIK,PA-0000059,varian,E:\Project\Mass upload shopee\foto-upload\toko3\pin-akrilik\PA-0000059.png,https://cdn.jsdelivr.net/gh/dennypa77/mass-upload@main/foto-upload/toko3/pin-akrilik/PA-0000059.png,706597
Hangs on You,toko3,PIN AKRILIK,PA-0000060,varian,E:\Project\Mass upload shopee\foto-upload\toko3\pin-akrilik\PA-0000060.png,https://cdn.jsdelivr.net/gh/dennypa77/mass-upload@main/foto-upload/toko3/pin-akrilik/PA-0000060.png,705500
Hangs on You,toko3,PIN AKRILIK,PA-0000061,varian,E:\Project\Mass upload shopee\foto-upload\toko3\pin-akrilik\PA-0000061.png,https://cdn.jsdelivr.net/gh/dennypa77/mass-upload@main/foto-upload/toko3/pin-akrilik/PA-0000061.png,727007
Hangs on You,toko3,PIN AKRILIK,PA-0000062,varian,E:\Project\Mass upload shopee\foto-upload\toko3\pin-akrilik\PA-0000062.png,https://cdn.jsdelivr.net/gh/dennypa77/mass-upload@main/foto-upload/toko3/pin-akrilik/PA-0000062.png,709601
Hangs on You,toko3,PIN AKRILIK,PA-0000063,varian,E:\Project\Mass upload shopee\foto-upload\toko3\pin-akrilik\PA-0000063.png,https://cdn.jsdelivr.net/gh/dennypa77/mass-upload@main/foto-upload/toko3/pin-akrilik/PA-0000063.png,711916
Hangs on You,toko3,PIN AKRILIK,PA-0000064,varian,E:\Project\Mass upload shopee\foto-upload\toko3\pin-akrilik\PA-0000064.png,https://cdn.jsdelivr.net/gh/dennypa77/mass-upload@main/foto-upload/toko3/pin-akrilik/PA-0000064.png,718644
Hangs on You,toko3,PIN AKRILIK,PA-0000065,varian,E:\Project\Mass upload shopee\foto-upload\toko3\pin-akrilik\PA-0000065.png,https://cdn.jsdelivr.net/gh/dennypa77/mass-upload@main/foto-upload/toko3/pin-akrilik/PA-0000065.png,662508
Hangs on You,toko3,PIN AKRILIK,PA-0000066,varian,E:\Project\Mass upload shopee\foto-upload\toko3\pin-akrilik\PA-0000066.png,https://cdn.jsdelivr.net/gh/dennypa77/mass-upload@main/foto-upload/toko3/pin-akrilik/PA-0000066.png,673386
Hangs on You,toko3,PIN AKRILIK,PA-0000067,varian,E:\Project\Mass upload shopee\foto-upload\toko3\pin-akrilik\PA-0000067.png,https://cdn.jsdelivr.net/gh/dennypa77/mass-upload@main/foto-upload/toko3/pin-akrilik/PA-0000067.png,677351
Hangs on You,toko3,PIN AKRILIK,PA-0000068,varian,E:\Project\Mass upload shopee\foto-upload\toko3\pin-akrilik\PA-0000068.png,https://cdn.jsdelivr.net/gh/dennypa77/mass-upload@main/foto-upload/toko3/pin-akrilik/PA-0000068.png,668421
Hangs on You,toko3,PIN AKRILIK,PA-0000069,varian,E:\Project\Mass upload shopee\foto-upload\toko3\pin-akrilik\PA-0000069.png,https://cdn.jsdelivr.net/gh/dennypa77/mass-upload@main/foto-upload/toko3/pin-akrilik/PA-0000069.png,675637
Hangs on You,toko3,PIN AKRILIK,PA-0000070,varian,E:\Project\Mass upload shopee\foto-upload\toko3\pin-akrilik\PA-0000070.png,https://cdn.jsdelivr.net/gh/dennypa77/mass-upload@main/foto-upload/toko3/pin-akrilik/PA-0000070.png,680086
Hangs on You,toko3,PIN AKRILIK,PA-0000071,varian,E:\Project\Mass upload shopee\foto-upload\toko3\pin-akrilik\PA-0000071.png,https://cdn.jsdelivr.net/gh/dennypa77/mass-upload@main/foto-upload/toko3/pin-akrilik/PA-0000071.png,668048
Hangs on You,toko3,PIN AKRILIK,PA-0000072,varian,E:\Project\Mass upload shopee\foto-upload\toko3\pin-akrilik\PA-0000072.png,https://cdn.jsdelivr.net/gh/dennypa77/mass-upload@main/foto-upload/toko3/pin-akrilik/PA-0000072.png,670480
Hangs on You,toko3,PIN AKRILIK,PA-0000073,varian,E:\Project\Mass upload shopee\foto-upload\toko3\pin-akrilik\PA-0000073.png,https://cdn.jsdelivr.net/gh/dennypa77/mass-upload@main/foto-upload/toko3/pin-akrilik/PA-0000073.png,664298
Hangs on You,toko3,PIN AKRILIK,PA-0000074,varian,E:\Project\Mass upload shopee\foto-upload\toko3\pin-akrilik\PA-0000074.png,https://cdn.jsdelivr.net/gh/dennypa77/mass-upload@main/foto-upload/toko3/pin-akrilik/PA-0000074.png,665817
Hangs on You,toko3,PIN AKRILIK,PA-0000075,varian,E:\Project\Mass upload shopee\foto-upload\toko3\pin-akrilik\PA-0000075.png,https://cdn.jsdelivr.net/gh/dennypa77/mass-upload@main/foto-upload/toko3/pin-akrilik/PA-0000075.png,671328
Hangs on You,toko3,PIN AKRILIK,PA-0000076,varian,E:\Project\Mass upload shopee\foto-upload\toko3\pin-akrilik\PA-0000076.png,https://cdn.jsdelivr.net/gh/dennypa77/mass-upload@main/foto-upload/toko3/pin-akrilik/PA-0000076.png,664462
Hangs on You,toko3,PIN AKRILIK,PA-0000077,varian,E:\Project\Mass upload shopee\foto-upload\toko3\pin-akrilik\PA-0000077.png,https://cdn.jsdelivr.net/gh/dennypa77/mass-upload@main/foto-upload/toko3/pin-akrilik/PA-0000077.png,666242
Hangs on You,toko3,PIN AKRILIK,PA-0000078,varian,E:\Project\Mass upload shopee\foto-upload\toko3\pin-akrilik\PA-0000078.png,https://cdn.jsdelivr.net/gh/dennypa77/mass-upload@main/foto-upload/toko3/pin-akrilik/PA-0000078.png,670695
Hangs on You,toko3,PIN AKRILIK,PA-0000079,varian,E:\Project\Mass upload shopee\foto-upload\toko3\pin-akrilik\PA-0000079.png,https://cdn.jsdelivr.net/gh/dennypa77/mass-upload@main/foto-upload/toko3/pin-akrilik/PA-0000079.png,712564
Hangs on You,toko3,PIN AKRILIK,PA-0000080,varian,E:\Project\Mass upload shopee\foto-upload\toko3\pin-akrilik\PA-0000080.png,https://cdn.jsdelivr.net/gh/dennypa77/mass-upload@main/foto-upload/toko3/pin-akrilik/PA-0000080.png,729662
Hangs on You,toko3,PIN AKRILIK,PA-0000081,varian,E:\Project\Mass upload shopee\foto-upload\toko3\pin-akrilik\PA-0000081.png,https://cdn.jsdelivr.net/gh/dennypa77/mass-upload@main/foto-upload/toko3/pin-akrilik/PA-0000081.png,765808
Hangs on You,toko3,PIN AKRILIK,PA-0000082,varian,E:\Project\Mass upload shopee\foto-upload\toko3\pin-akrilik\PA-0000082.png,https://cdn.jsdelivr.net/gh/dennypa77/mass-upload@main/foto-upload/toko3/pin-akrilik/PA-0000082.png,738817
Hangs on You,toko3,PIN AKRILIK,PA-0000083,varian,E:\Project\Mass upload shopee\foto-upload\toko3\pin-akrilik\PA-0000083.png,https://cdn.jsdelivr.net/gh/dennypa77/mass-upload@main/foto-upload/toko3/pin-akrilik/PA-0000083.png,721571
Hangs on You,toko3,PIN AKRILIK,PA-0000084,varian,E:\Project\Mass upload shopee\foto-upload\toko3\pin-akrilik\PA-0000084.png,https://cdn.jsdelivr.net/gh/dennypa77/mass-upload@main/foto-upload/toko3/pin-akrilik/PA-0000084.png,731744
Hangs on You,toko3,PIN AKRILIK,PA-0000085,varian,E:\Project\Mass upload shopee\foto-upload\toko3\pin-akrilik\PA-0000085.png,https://cdn.jsdelivr.net/gh/dennypa77/mass-upload@main/foto-upload/toko3/pin-akrilik/PA-0000085.png,739107
Hangs on You,toko3,PIN AKRILIK,PA-0000086,varian,E:\Project\Mass upload shopee\foto-upload\toko3\pin-akrilik\PA-0000086.png,https://cdn.jsdelivr.net/gh/dennypa77/mass-upload@main/foto-upload/toko3/pin-akrilik/PA-0000086.png,769035
Hangs on You,toko3,PIN AKRILIK,PA-0000087,varian,E:\Project\Mass upload shopee\foto-upload\toko3\pin-akrilik\PA-0000087.png,https://cdn.jsdelivr.net/gh/dennypa77/mass-upload@main/foto-upload/toko3/pin-akrilik/PA-0000087.png,686670
Hangs on You,toko3,PIN AKRILIK,PA-0000088,varian,E:\Project\Mass upload shopee\foto-upload\toko3\pin-akrilik\PA-0000088.png,https://cdn.jsdelivr.net/gh/dennypa77/mass-upload@main/foto-upload/toko3/pin-akrilik/PA-0000088.png,705775
Hangs on You,toko3,PIN AKRILIK,PA-0000089,varian,E:\Project\Mass upload shopee\foto-upload\toko3\pin-akrilik\PA-0000089.png,https://cdn.jsdelivr.net/gh/dennypa77/mass-upload@main/foto-upload/toko3/pin-akrilik/PA-0000089.png,676575
Hangs on You,toko3,PIN AKRILIK,PA-0000090,varian,E:\Project\Mass upload shopee\foto-upload\toko3\pin-akrilik\PA-0000090.png,https://cdn.jsdelivr.net/gh/dennypa77/mass-upload@main/foto-upload/toko3/pin-akrilik/PA-0000090.png,698943
Hangs on You,toko3,PIN AKRILIK,PA-0000091,varian,E:\Project\Mass upload shopee\foto-upload\toko3\pin-akrilik\PA-0000091.png,https://cdn.jsdelivr.net/gh/dennypa77/mass-upload@main/foto-upload/toko3/pin-akrilik/PA-0000091.png,686670
Hangs on You,toko3,PIN AKRILIK,PA-0000092,varian,E:\Project\Mass upload shopee\foto-upload\toko3\pin-akrilik\PA-0000092.png,https://cdn.jsdelivr.net/gh/dennypa77/mass-upload@main/foto-upload/toko3/pin-akrilik/PA-0000092.png,696179
Hangs on You,toko3,PIN AKRILIK,PA-0000093,varian,E:\Project\Mass upload shopee\foto-upload\toko3\pin-akrilik\PA-0000093.png,https://cdn.jsdelivr.net/gh/dennypa77/mass-upload@main/foto-upload/toko3/pin-akrilik/PA-0000093.png,727380
Hangs on You,toko3,PIN AKRILIK,PA-0000094,varian,E:\Project\Mass upload shopee\foto-upload\toko3\pin-akrilik\PA-0000094.png,https://cdn.jsdelivr.net/gh/dennypa77/mass-upload@main/foto-upload/toko3/pin-akrilik/PA-0000094.png,714348
Hangs on You,toko3,PIN AKRILIK,PA-0000095,varian,E:\Project\Mass upload shopee\foto-upload\toko3\pin-akrilik\PA-0000095.png,https://cdn.jsdelivr.net/gh/dennypa77/mass-upload@main/foto-upload/toko3/pin-akrilik/PA-0000095.png,747020
Hangs on You,toko3,PIN AKRILIK,PA-0000096,varian,E:\Project\Mass upload shopee\foto-upload\toko3\pin-akrilik\PA-0000096.png,https://cdn.jsdelivr.net/gh/dennypa77/mass-upload@main/foto-upload/toko3/pin-akrilik/PA-0000096.png,677420
Hangs on You,toko3,PIN AKRILIK,PA-0000097,varian,E:\Project\Mass upload shopee\foto-upload\toko3\pin-akrilik\PA-0000097.png,https://cdn.jsdelivr.net/gh/dennypa77/mass-upload@main/foto-upload/toko3/pin-akrilik/PA-0000097.png,688612
Hangs on You,toko3,PIN AKRILIK,PA-0000098,varian,E:\Project\Mass upload shopee\foto-upload\toko3\pin-akrilik\PA-0000098.png,https://cdn.jsdelivr.net/gh/dennypa77/mass-upload@main/foto-upload/toko3/pin-akrilik/PA-0000098.png,682677
Hangs on You,toko3,PIN AKRILIK,PA-0000099,varian,E:\Project\Mass upload shopee\foto-upload\toko3\pin-akrilik\PA-0000099.png,https://cdn.jsdelivr.net/gh/dennypa77/mass-upload@main/foto-upload/toko3/pin-akrilik/PA-0000099.png,726142
Hangs on You,toko3,PIN AKRILIK,PA-0000100,varian,E:\Project\Mass upload shopee\foto-upload\toko3\pin-akrilik\PA-0000100.png,https://cdn.jsdelivr.net/gh/dennypa77/mass-upload@main/foto-upload/toko3/pin-akrilik/PA-0000100.png,736952
Hangs on You,toko3,PIN AKRILIK,PA-0000151,varian,E:\Project\Mass upload shopee\foto-upload\toko3\pin-akrilik\PA-0000151.png,https://cdn.jsdelivr.net/gh/dennypa77/mass-upload@main/foto-upload/toko3/pin-akrilik/PA-0000151.png,240972
Hangs on You,toko3,PIN AKRILIK,PA-0000152,varian,E:\Project\Mass upload shopee\foto-upload\toko3\pin-akrilik\PA-0000152.png,https://cdn.jsdelivr.net/gh/dennypa77/mass-upload@main/foto-upload/toko3/pin-akrilik/PA-0000152.png,250258
Hangs on You,toko3,PIN AKRILIK,PA-0000153,varian,E:\Project\Mass upload shopee\foto-upload\toko3\pin-akrilik\PA-0000153.png,https://cdn.jsdelivr.net/gh/dennypa77/mass-upload@main/foto-upload/toko3/pin-akrilik/PA-0000153.png,249340
Hangs on You,toko3,PIN AKRILIK,PA-0000154,varian,E:\Project\Mass upload shopee\foto-upload\toko3\pin-akrilik\PA-0000154.png,https://cdn.jsdelivr.net/gh/dennypa77/mass-upload@main/foto-upload/toko3/pin-akrilik/PA-0000154.png,239112
Hangs on You,toko3,PIN AKRILIK,PA-0000155,varian,E:\Project\Mass upload shopee\foto-upload\toko3\pin-akrilik\PA-0000155.png,https://cdn.jsdelivr.net/gh/dennypa77/mass-upload@main/foto-upload/toko3/pin-akrilik/PA-0000155.png,255284
Hangs on You,toko3,PIN AKRILIK,PA-0000156,varian,E:\Project\Mass upload shopee\foto-upload\toko3\pin-akrilik\PA-0000156.png,https://cdn.jsdelivr.net/gh/dennypa77/mass-upload@main/foto-upload/toko3/pin-akrilik/PA-0000156.png,247854
Hangs on You,toko3,PIN AKRILIK,PA-0000157,varian,E:\Project\Mass upload shopee\foto-upload\toko3\pin-akrilik\PA-0000157.png,https://cdn.jsdelivr.net/gh/dennypa77/mass-upload@main/foto-upload/toko3/pin-akrilik/PA-0000157.png,261188
Hangs on You,toko3,PIN AKRILIK,PA-0000158,varian,E:\Project\Mass upload shopee\foto-upload\toko3\pin-akrilik\PA-0000158.png,https://cdn.jsdelivr.net/gh/dennypa77/mass-upload@main/foto-upload/toko3/pin-akrilik/PA-0000158.png,254229
Hangs on You,toko3,PIN AKRILIK,PA-0000159,varian,E:\Project\Mass upload shopee\foto-upload\toko3\pin-akrilik\PA-0000159.png,https://cdn.jsdelivr.net/gh/dennypa77/mass-upload@main/foto-upload/toko3/pin-akrilik/PA-0000159.png,240103
Hangs on You,toko3,PIN AKRILIK,PA-0000160,varian,E:\Project\Mass upload shopee\foto-upload\toko3\pin-akrilik\PA-0000160.png,https://cdn.jsdelivr.net/gh/dennypa77/mass-upload@main/foto-upload/toko3/pin-akrilik/PA-0000160.png,251894
Hangs on You,toko3,PIN AKRILIK,PA-0000161,varian,E:\Project\Mass upload shopee\foto-upload\toko3\pin-akrilik\PA-0000161.png,https://cdn.jsdelivr.net/gh/dennypa77/mass-upload@main/foto-upload/toko3/pin-akrilik/PA-0000161.png,231729
Hangs on You,toko3,PIN AKRILIK,PA-0000162,varian,E:\Project\Mass upload shopee\foto-upload\toko3\pin-akrilik\PA-0000162.png,https://cdn.jsdelivr.net/gh/dennypa77/mass-upload@main/foto-upload/toko3/pin-akrilik/PA-0000162.png,252052
Hangs on You,toko3,PIN AKRILIK,PA-0000163,varian,E:\Project\Mass upload shopee\foto-upload\toko3\pin-akrilik\PA-0000163.png,https://cdn.jsdelivr.net/gh/dennypa77/mass-upload@main/foto-upload/toko3/pin-akrilik/PA-0000163.png,245647
Hangs on You,toko3,PIN AKRILIK,PA-0000164,varian,E:\Project\Mass upload shopee\foto-upload\toko3\pin-akrilik\PA-0000164.png,https://cdn.jsdelivr.net/gh/dennypa77/mass-upload@main/foto-upload/toko3/pin-akrilik/PA-0000164.png,260542
Hangs on You,toko3,PIN AKRILIK,PA-0000165,varian,E:\Project\Mass upload shopee\foto-upload\toko3\pin-akrilik\PA-0000165.png,https://cdn.jsdelivr.net/gh/dennypa77/mass-upload@main/foto-upload/toko3/pin-akrilik/PA-0000165.png,247487
Hangs on You,toko3,PIN AKRILIK,PA-0000166,varian,E:\Project\Mass upload shopee\foto-upload\toko3\pin-akrilik\PA-0000166.png,https://cdn.jsdelivr.net/gh/dennypa77/mass-upload@main/foto-upload/toko3/pin-akrilik/PA-0000166.png,255909
Hangs on You,toko3,PIN AKRILIK,PA-0000167,varian,E:\Project\Mass upload shopee\foto-upload\toko3\pin-akrilik\PA-0000167.png,https://cdn.jsdelivr.net/gh/dennypa77/mass-upload@main/foto-upload/toko3/pin-akrilik/PA-0000167.png,250280
Hangs on You,toko3,PIN AKRILIK,PA-0000168,varian,E:\Project\Mass upload shopee\foto-upload\toko3\pin-akrilik\PA-0000168.png,https://cdn.jsdelivr.net/gh/dennypa77/mass-upload@main/foto-upload/toko3/pin-akrilik/PA-0000168.png,254053
Hangs on You,toko3,PIN AKRILIK,PA-0000169,varian,E:\Project\Mass upload shopee\foto-upload\toko3\pin-akrilik\PA-0000169.png,https://cdn.jsdelivr.net/gh/dennypa77/mass-upload@main/foto-upload/toko3/pin-akrilik/PA-0000169.png,246463
Hangs on You,toko3,PIN AKRILIK,PA-0000170,varian,E:\Project\Mass upload shopee\foto-upload\toko3\pin-akrilik\PA-0000170.png,https://cdn.jsdelivr.net/gh/dennypa77/mass-upload@main/foto-upload/toko3/pin-akrilik/PA-0000170.png,240168
Hangs on You,toko3,PIN AKRILIK,PA-0000171,varian,E:\Project\Mass upload shopee\foto-upload\toko3\pin-akrilik\PA-0000171.png,https://cdn.jsdelivr.net/gh/dennypa77/mass-upload@main/foto-upload/toko3/pin-akrilik/PA-0000171.png,238391
Hangs on You,toko3,PIN AKRILIK,PA-0000172,varian,E:\Project\Mass upload shopee\foto-upload\toko3\pin-akrilik\PA-0000172.png,https://cdn.jsdelivr.net/gh/dennypa77/mass-upload@main/foto-upload/toko3/pin-akrilik/PA-0000172.png,234733
Hangs on You,toko3,PIN AKRILIK,PA-0000173,varian,E:\Project\Mass upload shopee\foto-upload\toko3\pin-akrilik\PA-0000173.png,https://cdn.jsdelivr.net/gh/dennypa77/mass-upload@main/foto-upload/toko3/pin-akrilik/PA-0000173.png,245799
Hangs on You,toko3,PIN AKRILIK,PA-0000174,varian,E:\Project\Mass upload shopee\foto-upload\toko3\pin-akrilik\PA-0000174.png,https://cdn.jsdelivr.net/gh/dennypa77/mass-upload@main/foto-upload/toko3/pin-akrilik/PA-0000174.png,243518
Hangs on You,toko3,PIN AKRILIK,PA-0000175,varian,E:\Project\Mass upload shopee\foto-upload\toko3\pin-akrilik\PA-0000175.png,https://cdn.jsdelivr.net/gh/dennypa77/mass-upload@main/foto-upload/toko3/pin-akrilik/PA-0000175.png,248203
Hangs on You,toko3,PIN AKRILIK,PA-0000176,varian,E:\Project\Mass upload shopee\foto-upload\toko3\pin-akrilik\PA-0000176.png,https://cdn.jsdelivr.net/gh/dennypa77/mass-upload@main/foto-upload/toko3/pin-akrilik/PA-0000176.png,249160
Hangs on You,toko3,PIN AKRILIK,PA-0000177,varian,E:\Project\Mass upload shopee\foto-upload\toko3\pin-akrilik\PA-0000177.png,https://cdn.jsdelivr.net/gh/dennypa77/mass-upload@main/foto-upload/toko3/pin-akrilik/PA-0000177.png,247554
Hangs on You,toko3,PIN AKRILIK,PA-0000178,varian,E:\Project\Mass upload shopee\foto-upload\toko3\pin-akrilik\PA-0000178.png,https://cdn.jsdelivr.net/gh/dennypa77/mass-upload@main/foto-upload/toko3/pin-akrilik/PA-0000178.png,244530
Hangs on You,toko3,PIN AKRILIK,PA-0000179,varian,E:\Project\Mass upload shopee\foto-upload\toko3\pin-akrilik\PA-0000179.png,https://cdn.jsdelivr.net/gh/dennypa77/mass-upload@main/foto-upload/toko3/pin-akrilik/PA-0000179.png,258305
Hangs on You,toko3,PIN AKRILIK,PA-0000180,varian,E:\Project\Mass upload shopee\foto-upload\toko3\pin-akrilik\PA-0000180.png,https://cdn.jsdelivr.net/gh/dennypa77/mass-upload@main/foto-upload/toko3/pin-akrilik/PA-0000180.png,255794
Hangs on You,toko3,PIN AKRILIK,PA-0000181,varian,E:\Project\Mass upload shopee\foto-upload\toko3\pin-akrilik\PA-0000181.png,https://cdn.jsdelivr.net/gh/dennypa77/mass-upload@main/foto-upload/toko3/pin-akrilik/PA-0000181.png,238688
Hangs on You,toko3,PIN AKRILIK,PA-0000182,varian,E:\Project\Mass upload shopee\foto-upload\toko3\pin-akrilik\PA-0000182.png,https://cdn.jsdelivr.net/gh/dennypa77/mass-upload@main/foto-upload/toko3/pin-akrilik/PA-0000182.png,255745
Hangs on You,toko3,PIN AKRILIK,PA-0000183,varian,E:\Project\Mass upload shopee\foto-upload\toko3\pin-akrilik\PA-0000183.png,https://cdn.jsdelivr.net/gh/dennypa77/mass-upload@main/foto-upload/toko3/pin-akrilik/PA-0000183.png,246775
Hangs on You,toko3,PIN AKRILIK,PA-0000184,varian,E:\Project\Mass upload shopee\foto-upload\toko3\pin-akrilik\PA-0000184.png,https://cdn.jsdelivr.net/gh/dennypa77/mass-upload@main/foto-upload/toko3/pin-akrilik/PA-0000184.png,244105
Hangs on You,toko3,PIN AKRILIK,PA-0000185,varian,E:\Project\Mass upload shopee\foto-upload\toko3\pin-akrilik\PA-0000185.png,https://cdn.jsdelivr.net/gh/dennypa77/mass-upload@main/foto-upload/toko3/pin-akrilik/PA-0000185.png,244699
Hangs on You,toko3,PIN AKRILIK,PA-0000186,varian,E:\Project\Mass upload shopee\foto-upload\toko3\pin-akrilik\PA-0000186.png,https://cdn.jsdelivr.net/gh/dennypa77/mass-upload@main/foto-upload/toko3/pin-akrilik/PA-0000186.png,244444
Hangs on You,toko3,PIN AKRILIK,PA-0000187,varian,E:\Project\Mass upload shopee\foto-upload\toko3\pin-akrilik\PA-0000187.png,https://cdn.jsdelivr.net/gh/dennypa77/mass-upload@main/foto-upload/toko3/pin-akrilik/PA-0000187.png,241841
Hangs on You,toko3,PIN AKRILIK,PA-0000188,varian,E:\Project\Mass upload shopee\foto-upload\toko3\pin-akrilik\PA-0000188.png,https://cdn.jsdelivr.net/gh/dennypa77/mass-upload@main/foto-upload/toko3/pin-akrilik/PA-0000188.png,261306
Hangs on You,toko3,PIN AKRILIK,PA-0000189,varian,E:\Project\Mass upload shopee\foto-upload\toko3\pin-akrilik\PA-0000189.png,https://cdn.jsdelivr.net/gh/dennypa77/mass-upload@main/foto-upload/toko3/pin-akrilik/PA-0000189.png,239162
Hangs on You,toko3,PIN AKRILIK,PA-0000190,varian,E:\Project\Mass upload shopee\foto-upload\toko3\pin-akrilik\PA-0000190.png,https://cdn.jsdelivr.net/gh/dennypa77/mass-upload@main/foto-upload/toko3/pin-akrilik/PA-0000190.png,252642
Hangs on You,toko3,PIN AKRILIK,PA-0000191,varian,E:\Project\Mass upload shopee\foto-upload\toko3\pin-akrilik\PA-0000191.png,https://cdn.jsdelivr.net/gh/dennypa77/mass-upload@main/foto-upload/toko3/pin-akrilik/PA-0000191.png,220326
Hangs on You,toko3,PIN AKRILIK,PA-0000192,varian,E:\Project\Mass upload shopee\foto-upload\toko3\pin-akrilik\PA-0000192.png,https://cdn.jsdelivr.net/gh/dennypa77/mass-upload@main/foto-upload/toko3/pin-akrilik/PA-0000192.png,253052
Hangs on You,toko3,PIN AKRILIK,PA-0000193,varian,E:\Project\Mass upload shopee\foto-upload\toko3\pin-akrilik\PA-0000193.png,https://cdn.jsdelivr.net/gh/dennypa77/mass-upload@main/foto-upload/toko3/pin-akrilik/PA-0000193.png,261916
Hangs on You,toko3,PIN AKRILIK,PA-0000194,varian,E:\Project\Mass upload shopee\foto-upload\toko3\pin-akrilik\PA-0000194.png,https://cdn.jsdelivr.net/gh/dennypa77/mass-upload@main/foto-upload/toko3/pin-akrilik/PA-0000194.png,257184
Hangs on You,toko3,PIN AKRILIK,PA-0000195,varian,E:\Project\Mass upload shopee\foto-upload\toko3\pin-akrilik\PA-0000195.png,https://cdn.jsdelivr.net/gh/dennypa77/mass-upload@main/foto-upload/toko3/pin-akrilik/PA-0000195.png,267857
Hangs on You,toko3,PIN AKRILIK,PA-0000196,varian,E:\Project\Mass upload shopee\foto-upload\toko3\pin-akrilik\PA-0000196.png,https://cdn.jsdelivr.net/gh/dennypa77/mass-upload@main/foto-upload/toko3/pin-akrilik/PA-0000196.png,257915
Hangs on You,toko3,PIN AKRILIK,PA-0000197,varian,E:\Project\Mass upload shopee\foto-upload\toko3\pin-akrilik\PA-0000197.png,https://cdn.jsdelivr.net/gh/dennypa77/mass-upload@main/foto-upload/toko3/pin-akrilik/PA-0000197.png,238701
Hangs on You,toko3,PIN AKRILIK,PA-0000198,varian,E:\Project\Mass upload shopee\foto-upload\toko3\pin-akrilik\PA-0000198.png,https://cdn.jsdelivr.net/gh/dennypa77/mass-upload@main/foto-upload/toko3/pin-akrilik/PA-0000198.png,250207
Hangs on You,toko3,PIN AKRILIK,PA-0000199,varian,E:\Project\Mass upload shopee\foto-upload\toko3\pin-akrilik\PA-0000199.png,https://cdn.jsdelivr.net/gh/dennypa77/mass-upload@main/foto-upload/toko3/pin-akrilik/PA-0000199.png,246802
Hangs on You,toko3,PIN AKRILIK,PA-0000200,varian,E:\Project\Mass upload shopee\foto-upload\toko3\pin-akrilik\PA-0000200.png,https://cdn.jsdelivr.net/gh/dennypa77/mass-upload@main/foto-upload/toko3/pin-akrilik/PA-0000200.png,240540
Hangs on You,toko3,PIN AKRILIK,PA-0000201,varian,E:\Project\Mass upload shopee\foto-upload\toko3\pin-akrilik\PA-0000201.png,https://cdn.jsdelivr.net/gh/dennypa77/mass-upload@main/foto-upload/toko3/pin-akrilik/PA-0000201.png,1868186
Hangs on You,toko3,PIN AKRILIK,PA-0000202,varian,E:\Project\Mass upload shopee\foto-upload\toko3\pin-akrilik\PA-0000202.png,https://cdn.jsdelivr.net/gh/dennypa77/mass-upload@main/foto-upload/toko3/pin-akrilik/PA-0000202.png,1848100
Hangs on You,toko3,PIN AKRILIK,PA-0000203,varian,E:\Project\Mass upload shopee\foto-upload\toko3\pin-akrilik\PA-0000203.png,https://cdn.jsdelivr.net/gh/dennypa77/mass-upload@main/foto-upload/toko3/pin-akrilik/PA-0000203.png,1814266
Hangs on You,toko3,PIN AKRILIK,PA-0000204,varian,E:\Project\Mass upload shopee\foto-upload\toko3\pin-akrilik\PA-0000204.png,https://cdn.jsdelivr.net/gh/dennypa77/mass-upload@main/foto-upload/toko3/pin-akrilik/PA-0000204.png,1852437
Hangs on You,toko3,PIN AKRILIK,PA-0000205,varian,E:\Project\Mass upload shopee\foto-upload\toko3\pin-akrilik\PA-0000205.png,https://cdn.jsdelivr.net/gh/dennypa77/mass-upload@main/foto-upload/toko3/pin-akrilik/PA-0000205.png,1866659
Hangs on You,toko3,PIN AKRILIK,PA-0000206,varian,E:\Project\Mass upload shopee\foto-upload\toko3\pin-akrilik\PA-0000206.png,https://cdn.jsdelivr.net/gh/dennypa77/mass-upload@main/foto-upload/toko3/pin-akrilik/PA-0000206.png,1839319
Hangs on You,toko3,PIN AKRILIK,PA-0000207,varian,E:\Project\Mass upload shopee\foto-upload\toko3\pin-akrilik\PA-0000207.png,https://cdn.jsdelivr.net/gh/dennypa77/mass-upload@main/foto-upload/toko3/pin-akrilik/PA-0000207.png,1811664
Hangs on You,toko3,PIN AKRILIK,PA-0000208,varian,E:\Project\Mass upload shopee\foto-upload\toko3\pin-akrilik\PA-0000208.png,https://cdn.jsdelivr.net/gh/dennypa77/mass-upload@main/foto-upload/toko3/pin-akrilik/PA-0000208.png,1883208
Hangs on You,toko3,PIN AKRILIK,PA-0000209,varian,E:\Project\Mass upload shopee\foto-upload\toko3\pin-akrilik\PA-0000209.png,https://cdn.jsdelivr.net/gh/dennypa77/mass-upload@main/foto-upload/toko3/pin-akrilik/PA-0000209.png,1862346
Hangs on You,toko3,PIN AKRILIK,PA-0000210,varian,E:\Project\Mass upload shopee\foto-upload\toko3\pin-akrilik\PA-0000210.png,https://cdn.jsdelivr.net/gh/dennypa77/mass-upload@main/foto-upload/toko3/pin-akrilik/PA-0000210.png,1877159
Hangs on You,toko3,PIN AKRILIK,PA-0000211,varian,E:\Project\Mass upload shopee\foto-upload\toko3\pin-akrilik\PA-0000211.png,https://cdn.jsdelivr.net/gh/dennypa77/mass-upload@main/foto-upload/toko3/pin-akrilik/PA-0000211.png,1825339
Hangs on You,toko3,PIN AKRILIK,PA-0000212,varian,E:\Project\Mass upload shopee\foto-upload\toko3\pin-akrilik\PA-0000212.png,https://cdn.jsdelivr.net/gh/dennypa77/mass-upload@main/foto-upload/toko3/pin-akrilik/PA-0000212.png,1897803
Hangs on You,toko3,PIN AKRILIK,PA-0000213,varian,E:\Project\Mass upload shopee\foto-upload\toko3\pin-akrilik\PA-0000213.png,https://cdn.jsdelivr.net/gh/dennypa77/mass-upload@main/foto-upload/toko3/pin-akrilik/PA-0000213.png,1814106
Hangs on You,toko3,PIN AKRILIK,PA-0000214,varian,E:\Project\Mass upload shopee\foto-upload\toko3\pin-akrilik\PA-0000214.png,https://cdn.jsdelivr.net/gh/dennypa77/mass-upload@main/foto-upload/toko3/pin-akrilik/PA-0000214.png,1728571
Hangs on You,toko3,PIN AKRILIK,PA-0000215,varian,E:\Project\Mass upload shopee\foto-upload\toko3\pin-akrilik\PA-0000215.png,https://cdn.jsdelivr.net/gh/dennypa77/mass-upload@main/foto-upload/toko3/pin-akrilik/PA-0000215.png,1963099
Hangs on You,toko3,PIN AKRILIK,PA-0000216,varian,E:\Project\Mass upload shopee\foto-upload\toko3\pin-akrilik\PA-0000216.png,https://cdn.jsdelivr.net/gh/dennypa77/mass-upload@main/foto-upload/toko3/pin-akrilik/PA-0000216.png,1741494
Hangs on You,toko3,PIN AKRILIK,PA-0000217,varian,E:\Project\Mass upload shopee\foto-upload\toko3\pin-akrilik\PA-0000217.png,https://cdn.jsdelivr.net/gh/dennypa77/mass-upload@main/foto-upload/toko3/pin-akrilik/PA-0000217.png,1814254
Hangs on You,toko3,PIN AKRILIK,PA-0000218,varian,E:\Project\Mass upload shopee\foto-upload\toko3\pin-akrilik\PA-0000218.png,https://cdn.jsdelivr.net/gh/dennypa77/mass-upload@main/foto-upload/toko3/pin-akrilik/PA-0000218.png,1788212
Hangs on You,toko3,PIN AKRILIK,PA-0000219,varian,E:\Project\Mass upload shopee\foto-upload\toko3\pin-akrilik\PA-0000219.png,https://cdn.jsdelivr.net/gh/dennypa77/mass-upload@main/foto-upload/toko3/pin-akrilik/PA-0000219.png,1728285
Hangs on You,toko3,PIN AKRILIK,PA-0000220,varian,E:\Project\Mass upload shopee\foto-upload\toko3\pin-akrilik\PA-0000220.png,https://cdn.jsdelivr.net/gh/dennypa77/mass-upload@main/foto-upload/toko3/pin-akrilik/PA-0000220.png,1831953
Hangs on You,toko3,PIN AKRILIK,PA-0000221,varian,E:\Project\Mass upload shopee\foto-upload\toko3\pin-akrilik\PA-0000221.png,https://cdn.jsdelivr.net/gh/dennypa77/mass-upload@main/foto-upload/toko3/pin-akrilik/PA-0000221.png,1675085
Hangs on You,toko3,PIN AKRILIK,PA-0000222,varian,E:\Project\Mass upload shopee\foto-upload\toko3\pin-akrilik\PA-0000222.png,https://cdn.jsdelivr.net/gh/dennypa77/mass-upload@main/foto-upload/toko3/pin-akrilik/PA-0000222.png,1804021
Hangs on You,toko3,PIN AKRILIK,PA-0000223,varian,E:\Project\Mass upload shopee\foto-upload\toko3\pin-akrilik\PA-0000223.png,https://cdn.jsdelivr.net/gh/dennypa77/mass-upload@main/foto-upload/toko3/pin-akrilik/PA-0000223.png,1859233
Hangs on You,toko3,PIN AKRILIK,PA-0000224,varian,E:\Project\Mass upload shopee\foto-upload\toko3\pin-akrilik\PA-0000224.png,https://cdn.jsdelivr.net/gh/dennypa77/mass-upload@main/foto-upload/toko3/pin-akrilik/PA-0000224.png,1783004
Hangs on You,toko3,PIN AKRILIK,PA-0000225,varian,E:\Project\Mass upload shopee\foto-upload\toko3\pin-akrilik\PA-0000225.png,https://cdn.jsdelivr.net/gh/dennypa77/mass-upload@main/foto-upload/toko3/pin-akrilik/PA-0000225.png,1779651
Hangs on You,toko3,PIN AKRILIK,PA-0000226,varian,E:\Project\Mass upload shopee\foto-upload\toko3\pin-akrilik\PA-0000226.png,https://cdn.jsdelivr.net/gh/dennypa77/mass-upload@main/foto-upload/toko3/pin-akrilik/PA-0000226.png,1727104
Hangs on You,toko3,PIN AKRILIK,PA-0000227,varian,E:\Project\Mass upload shopee\foto-upload\toko3\pin-akrilik\PA-0000227.png,https://cdn.jsdelivr.net/gh/dennypa77/mass-upload@main/foto-upload/toko3/pin-akrilik/PA-0000227.png,1759339
Hangs on You,toko3,PIN AKRILIK,PA-0000228,varian,E:\Project\Mass upload shopee\foto-upload\toko3\pin-akrilik\PA-0000228.png,https://cdn.jsdelivr.net/gh/dennypa77/mass-upload@main/foto-upload/toko3/pin-akrilik/PA-0000228.png,1738634
Hangs on You,toko3,PIN AKRILIK,PA-0000229,varian,E:\Project\Mass upload shopee\foto-upload\toko3\pin-akrilik\PA-0000229.png,https://cdn.jsdelivr.net/gh/dennypa77/mass-upload@main/foto-upload/toko3/pin-akrilik/PA-0000229.png,1909403
Hangs on You,toko3,PIN AKRILIK,PA-0000230,varian,E:\Project\Mass upload shopee\foto-upload\toko3\pin-akrilik\PA-0000230.png,https://cdn.jsdelivr.net/gh/dennypa77/mass-upload@main/foto-upload/toko3/pin-akrilik/PA-0000230.png,1797306
Hangs on You,toko3,PIN AKRILIK,PA-0000231,varian,E:\Project\Mass upload shopee\foto-upload\toko3\pin-akrilik\PA-0000231.png,https://cdn.jsdelivr.net/gh/dennypa77/mass-upload@main/foto-upload/toko3/pin-akrilik/PA-0000231.png,1707430
Hangs on You,toko3,PIN AKRILIK,PA-0000232,varian,E:\Project\Mass upload shopee\foto-upload\toko3\pin-akrilik\PA-0000232.png,https://cdn.jsdelivr.net/gh/dennypa77/mass-upload@main/foto-upload/toko3/pin-akrilik/PA-0000232.png,1719942
Hangs on You,toko3,PIN AKRILIK,PA-0000233,varian,E:\Project\Mass upload shopee\foto-upload\toko3\pin-akrilik\PA-0000233.png,https://cdn.jsdelivr.net/gh/dennypa77/mass-upload@main/foto-upload/toko3/pin-akrilik/PA-0000233.png,1784445
Hangs on You,toko3,PIN AKRILIK,PA-0000234,varian,E:\Project\Mass upload shopee\foto-upload\toko3\pin-akrilik\PA-0000234.png,https://cdn.jsdelivr.net/gh/dennypa77/mass-upload@main/foto-upload/toko3/pin-akrilik/PA-0000234.png,1779920
Hangs on You,toko3,PIN AKRILIK,PA-0000235,varian,E:\Project\Mass upload shopee\foto-upload\toko3\pin-akrilik\PA-0000235.png,https://cdn.jsdelivr.net/gh/dennypa77/mass-upload@main/foto-upload/toko3/pin-akrilik/PA-0000235.png,1774832
Hangs on You,toko3,PIN AKRILIK,PA-0000236,varian,E:\Project\Mass upload shopee\foto-upload\toko3\pin-akrilik\PA-0000236.png,https://cdn.jsdelivr.net/gh/dennypa77/mass-upload@main/foto-upload/toko3/pin-akrilik/PA-0000236.png,1728732
Hangs on You,toko3,PIN AKRILIK,PA-0000237,varian,E:\Project\Mass upload shopee\foto-upload\toko3\pin-akrilik\PA-0000237.png,https://cdn.jsdelivr.net/gh/dennypa77/mass-upload@main/foto-upload/toko3/pin-akrilik/PA-0000237.png,1720523
Hangs on You,toko3,PIN AKRILIK,PA-0000238,varian,E:\Project\Mass upload shopee\foto-upload\toko3\pin-akrilik\PA-0000238.png,https://cdn.jsdelivr.net/gh/dennypa77/mass-upload@main/foto-upload/toko3/pin-akrilik/PA-0000238.png,1741807
Hangs on You,toko3,PIN AKRILIK,PA-0000239,varian,E:\Project\Mass upload shopee\foto-upload\toko3\pin-akrilik\PA-0000239.png,https://cdn.jsdelivr.net/gh/dennypa77/mass-upload@main/foto-upload/toko3/pin-akrilik/PA-0000239.png,1779116
Hangs on You,toko3,PIN AKRILIK,PA-0000240,varian,E:\Project\Mass upload shopee\foto-upload\toko3\pin-akrilik\PA-0000240.png,https://cdn.jsdelivr.net/gh/dennypa77/mass-upload@main/foto-upload/toko3/pin-akrilik/PA-0000240.png,1818164
Hangs on You,toko3,PIN AKRILIK,PA-0000241,varian,E:\Project\Mass upload shopee\foto-upload\toko3\pin-akrilik\PA-0000241.png,https://cdn.jsdelivr.net/gh/dennypa77/mass-upload@main/foto-upload/toko3/pin-akrilik/PA-0000241.png,1711879
Hangs on You,toko3,PIN AKRILIK,PA-0000242,varian,E:\Project\Mass upload shopee\foto-upload\toko3\pin-akrilik\PA-0000242.png,https://cdn.jsdelivr.net/gh/dennypa77/mass-upload@main/foto-upload/toko3/pin-akrilik/PA-0000242.png,1728224
Hangs on You,toko3,PIN AKRILIK,PA-0000243,varian,E:\Project\Mass upload shopee\foto-upload\toko3\pin-akrilik\PA-0000243.png,https://cdn.jsdelivr.net/gh/dennypa77/mass-upload@main/foto-upload/toko3/pin-akrilik/PA-0000243.png,1705044
Hangs on You,toko3,PIN AKRILIK,PA-0000244,varian,E:\Project\Mass upload shopee\foto-upload\toko3\pin-akrilik\PA-0000244.png,https://cdn.jsdelivr.net/gh/dennypa77/mass-upload@main/foto-upload/toko3/pin-akrilik/PA-0000244.png,1717190
Hangs on You,toko3,PIN AKRILIK,PA-0000245,varian,E:\Project\Mass upload shopee\foto-upload\toko3\pin-akrilik\PA-0000245.png,https://cdn.jsdelivr.net/gh/dennypa77/mass-upload@main/foto-upload/toko3/pin-akrilik/PA-0000245.png,1675291
Hangs on You,toko3,PIN AKRILIK,PA-0000246,varian,E:\Project\Mass upload shopee\foto-upload\toko3\pin-akrilik\PA-0000246.png,https://cdn.jsdelivr.net/gh/dennypa77/mass-upload@main/foto-upload/toko3/pin-akrilik/PA-0000246.png,1712454
Hangs on You,toko3,PIN AKRILIK,PA-0000247,varian,E:\Project\Mass upload shopee\foto-upload\toko3\pin-akrilik\PA-0000247.png,https://cdn.jsdelivr.net/gh/dennypa77/mass-upload@main/foto-upload/toko3/pin-akrilik/PA-0000247.png,1714024
Hangs on You,toko3,PIN AKRILIK,PA-0000248,varian,E:\Project\Mass upload shopee\foto-upload\toko3\pin-akrilik\PA-0000248.png,https://cdn.jsdelivr.net/gh/dennypa77/mass-upload@main/foto-upload/toko3/pin-akrilik/PA-0000248.png,1825496
Hangs on You,toko3,PIN AKRILIK,PA-0000249,varian,E:\Project\Mass upload shopee\foto-upload\toko3\pin-akrilik\PA-0000249.png,https://cdn.jsdelivr.net/gh/dennypa77/mass-upload@main/foto-upload/toko3/pin-akrilik/PA-0000249.png,1708380
Hangs on You,toko3,PIN AKRILIK,PA-0000250,varian,E:\Project\Mass upload shopee\foto-upload\toko3\pin-akrilik\PA-0000250.png,https://cdn.jsdelivr.net/gh/dennypa77/mass-upload@main/foto-upload/toko3/pin-akrilik/PA-0000250.png,1717325
Hangs on You,toko3,PIN AKRILIK,PA-BLACKPINK-UTAMA1,utama,E:\Project\Mass upload shopee\foto-upload\toko3\pin-akrilik\PA-BLACKPINK-utama1.png,https://cdn.jsdelivr.net/gh/dennypa77/mass-upload@main/foto-upload/toko3/pin-akrilik/PA-BLACKPINK-utama1.png,1742063
Hangs on You,toko3,PIN AKRILIK,PA-BLACKPINK-UTAMA2,utama,E:\Project\Mass upload shopee\foto-upload\toko3\pin-akrilik\PA-BLACKPINK-utama2.png,https://cdn.jsdelivr.net/gh/dennypa77/mass-upload@main/foto-upload/toko3/pin-akrilik/PA-BLACKPINK-utama2.png,1124141
Hangs on You,toko3,PIN AKRILIK,PA-BLACKPINK-UTAMA3,utama,E:\Project\Mass upload shopee\foto-upload\toko3\pin-akrilik\PA-BLACKPINK-utama3.png,https://cdn.jsdelivr.net/gh/dennypa77/mass-upload@main/foto-upload/toko3/pin-akrilik/PA-BLACKPINK-utama3.png,1631016
Hangs on You,toko3,PIN AKRILIK,PA-BTS-UTAMA1,utama,E:\Project\Mass upload shopee\foto-upload\toko3\pin-akrilik\PA-BTS-utama1.png,https://cdn.jsdelivr.net/gh/dennypa77/mass-upload@main/foto-upload/toko3/pin-akrilik/PA-BTS-utama1.png,1617029
Hangs on You,toko3,PIN AKRILIK,PA-BTS-UTAMA2,utama,E:\Project\Mass upload shopee\foto-upload\toko3\pin-akrilik\PA-BTS-utama2.png,https://cdn.jsdelivr.net/gh/dennypa77/mass-upload@main/foto-upload/toko3/pin-akrilik/PA-BTS-utama2.png,996250
Hangs on You,toko3,PIN AKRILIK,PA-BTS-UTAMA3,utama,E:\Project\Mass upload shopee\foto-upload\toko3\pin-akrilik\PA-BTS-utama3.png,https://cdn.jsdelivr.net/gh/dennypa77/mass-upload@main/foto-upload/toko3/pin-akrilik/PA-BTS-utama3.png,1613161
Hangs on You,toko3,PIN AKRILIK,PA-CORTIS-UTAMA1,utama,E:\Project\Mass upload shopee\foto-upload\toko3\pin-akrilik\PA-CORTIS-utama1.png,https://cdn.jsdelivr.net/gh/dennypa77/mass-upload@main/foto-upload/toko3/pin-akrilik/PA-CORTIS-utama1.png,1647564
Hangs on You,toko3,PIN AKRILIK,PA-CORTIS-UTAMA2,utama,E:\Project\Mass upload shopee\foto-upload\toko3\pin-akrilik\PA-CORTIS-utama2.png,https://cdn.jsdelivr.net/gh/dennypa77/mass-upload@main/foto-upload/toko3/pin-akrilik/PA-CORTIS-utama2.png,1703475
Hangs on You,toko3,PIN AKRILIK,PA-CORTIS-UTAMA3,utama,E:\Project\Mass upload shopee\foto-upload\toko3\pin-akrilik\PA-CORTIS-utama3.png,https://cdn.jsdelivr.net/gh/dennypa77/mass-upload@main/foto-upload/toko3/pin-akrilik/PA-CORTIS-utama3.png,1862772
Hangs on You,toko3,PIN AKRILIK,PA-HEARTS2HEARTS-UTAMA1,utama,E:\Project\Mass upload shopee\foto-upload\toko3\pin-akrilik\PA-HEARTS2HEARTS-utama1.png,https://cdn.jsdelivr.net/gh/dennypa77/mass-upload@main/foto-upload/toko3/pin-akrilik/PA-HEARTS2HEARTS-utama1.png,1258962
Hangs on You,toko3,PIN AKRILIK,PA-HEARTS2HEARTS-UTAMA2,utama,E:\Project\Mass upload shopee\foto-upload\toko3\pin-akrilik\PA-HEARTS2HEARTS-utama2.png,https://cdn.jsdelivr.net/gh/dennypa77/mass-upload@main/foto-upload/toko3/pin-akrilik/PA-HEARTS2HEARTS-utama2.png,1836939
Hangs on You,toko3,PIN AKRILIK,PA-HEARTS2HEARTS-UTAMA3,utama,E:\Project\Mass upload shopee\foto-upload\toko3\pin-akrilik\PA-HEARTS2HEARTS-utama3.png,https://cdn.jsdelivr.net/gh/dennypa77/mass-upload@main/foto-upload/toko3/pin-akrilik/PA-HEARTS2HEARTS-utama3.png,1166064
Hangs on You,toko3,PIN BUTTON,PB-0000001,varian,E:\Project\Mass upload shopee\foto-upload\toko3\pin-button\PB-0000001.png,https://cdn.jsdelivr.net/gh/dennypa77/mass-upload@main/foto-upload/toko3/pin-button/PB-0000001.png,480702
Hangs on You,toko3,PIN BUTTON,PB-0000002,varian,E:\Project\Mass upload shopee\foto-upload\toko3\pin-button\PB-0000002.png,https://cdn.jsdelivr.net/gh/dennypa77/mass-upload@main/foto-upload/toko3/pin-button/PB-0000002.png,461260
Hangs on You,toko3,PIN BUTTON,PB-0000003,varian,E:\Project\Mass upload shopee\foto-upload\toko3\pin-button\PB-0000003.png,https://cdn.jsdelivr.net/gh/dennypa77/mass-upload@main/foto-upload/toko3/pin-button/PB-0000003.png,443184
Hangs on You,toko3,PIN BUTTON,PB-0000004,varian,E:\Project\Mass upload shopee\foto-upload\toko3\pin-button\PB-0000004.png,https://cdn.jsdelivr.net/gh/dennypa77/mass-upload@main/foto-upload/toko3/pin-button/PB-0000004.png,426625
Hangs on You,toko3,PIN BUTTON,PB-0000005,varian,E:\Project\Mass upload shopee\foto-upload\toko3\pin-button\PB-0000005.png,https://cdn.jsdelivr.net/gh/dennypa77/mass-upload@main/foto-upload/toko3/pin-button/PB-0000005.png,474188
Hangs on You,toko3,PIN BUTTON,PB-0000006,varian,E:\Project\Mass upload shopee\foto-upload\toko3\pin-button\PB-0000006.png,https://cdn.jsdelivr.net/gh/dennypa77/mass-upload@main/foto-upload/toko3/pin-button/PB-0000006.png,522186
Hangs on You,toko3,PIN BUTTON,PB-0000007,varian,E:\Project\Mass upload shopee\foto-upload\toko3\pin-button\PB-0000007.png,https://cdn.jsdelivr.net/gh/dennypa77/mass-upload@main/foto-upload/toko3/pin-button/PB-0000007.png,462022
Hangs on You,toko3,PIN BUTTON,PB-0000008,varian,E:\Project\Mass upload shopee\foto-upload\toko3\pin-button\PB-0000008.png,https://cdn.jsdelivr.net/gh/dennypa77/mass-upload@main/foto-upload/toko3/pin-button/PB-0000008.png,464599
Hangs on You,toko3,PIN BUTTON,PB-0000009,varian,E:\Project\Mass upload shopee\foto-upload\toko3\pin-button\PB-0000009.png,https://cdn.jsdelivr.net/gh/dennypa77/mass-upload@main/foto-upload/toko3/pin-button/PB-0000009.png,481637
Hangs on You,toko3,PIN BUTTON,PB-0000010,varian,E:\Project\Mass upload shopee\foto-upload\toko3\pin-button\PB-0000010.png,https://cdn.jsdelivr.net/gh/dennypa77/mass-upload@main/foto-upload/toko3/pin-button/PB-0000010.png,460340
Hangs on You,toko3,PIN BUTTON,PB-0000011,varian,E:\Project\Mass upload shopee\foto-upload\toko3\pin-button\PB-0000011.png,https://cdn.jsdelivr.net/gh/dennypa77/mass-upload@main/foto-upload/toko3/pin-button/PB-0000011.png,461320
Hangs on You,toko3,PIN BUTTON,PB-0000012,varian,E:\Project\Mass upload shopee\foto-upload\toko3\pin-button\PB-0000012.png,https://cdn.jsdelivr.net/gh/dennypa77/mass-upload@main/foto-upload/toko3/pin-button/PB-0000012.png,451896
Hangs on You,toko3,PIN BUTTON,PB-0000013,varian,E:\Project\Mass upload shopee\foto-upload\toko3\pin-button\PB-0000013.png,https://cdn.jsdelivr.net/gh/dennypa77/mass-upload@main/foto-upload/toko3/pin-button/PB-0000013.png,403175
Hangs on You,toko3,PIN BUTTON,PB-0000014,varian,E:\Project\Mass upload shopee\foto-upload\toko3\pin-button\PB-0000014.png,https://cdn.jsdelivr.net/gh/dennypa77/mass-upload@main/foto-upload/toko3/pin-button/PB-0000014.png,395735
Hangs on You,toko3,PIN BUTTON,PB-0000015,varian,E:\Project\Mass upload shopee\foto-upload\toko3\pin-button\PB-0000015.png,https://cdn.jsdelivr.net/gh/dennypa77/mass-upload@main/foto-upload/toko3/pin-button/PB-0000015.png,479101
Hangs on You,toko3,PIN BUTTON,PB-0000016,varian,E:\Project\Mass upload shopee\foto-upload\toko3\pin-button\PB-0000016.png,https://cdn.jsdelivr.net/gh/dennypa77/mass-upload@main/foto-upload/toko3/pin-button/PB-0000016.png,450278
Hangs on You,toko3,PIN BUTTON,PB-0000017,varian,E:\Project\Mass upload shopee\foto-upload\toko3\pin-button\PB-0000017.png,https://cdn.jsdelivr.net/gh/dennypa77/mass-upload@main/foto-upload/toko3/pin-button/PB-0000017.png,415011
Hangs on You,toko3,PIN BUTTON,PB-0000018,varian,E:\Project\Mass upload shopee\foto-upload\toko3\pin-button\PB-0000018.png,https://cdn.jsdelivr.net/gh/dennypa77/mass-upload@main/foto-upload/toko3/pin-button/PB-0000018.png,455805
Hangs on You,toko3,PIN BUTTON,PB-0000019,varian,E:\Project\Mass upload shopee\foto-upload\toko3\pin-button\PB-0000019.png,https://cdn.jsdelivr.net/gh/dennypa77/mass-upload@main/foto-upload/toko3/pin-button/PB-0000019.png,454151
Hangs on You,toko3,PIN BUTTON,PB-0000020,varian,E:\Project\Mass upload shopee\foto-upload\toko3\pin-button\PB-0000020.png,https://cdn.jsdelivr.net/gh/dennypa77/mass-upload@main/foto-upload/toko3/pin-button/PB-0000020.png,463948
Hangs on You,toko3,PIN BUTTON,PB-0000021,varian,E:\Project\Mass upload shopee\foto-upload\toko3\pin-button\PB-0000021.png,https://cdn.jsdelivr.net/gh/dennypa77/mass-upload@main/foto-upload/toko3/pin-button/PB-0000021.png,491202
Hangs on You,toko3,PIN BUTTON,PB-0000022,varian,E:\Project\Mass upload shopee\foto-upload\toko3\pin-button\PB-0000022.png,https://cdn.jsdelivr.net/gh/dennypa77/mass-upload@main/foto-upload/toko3/pin-button/PB-0000022.png,500352
Hangs on You,toko3,PIN BUTTON,PB-0000023,varian,E:\Project\Mass upload shopee\foto-upload\toko3\pin-button\PB-0000023.png,https://cdn.jsdelivr.net/gh/dennypa77/mass-upload@main/foto-upload/toko3/pin-button/PB-0000023.png,431618
Hangs on You,toko3,PIN BUTTON,PB-0000024,varian,E:\Project\Mass upload shopee\foto-upload\toko3\pin-button\PB-0000024.png,https://cdn.jsdelivr.net/gh/dennypa77/mass-upload@main/foto-upload/toko3/pin-button/PB-0000024.png,457310
Hangs on You,toko3,PIN BUTTON,PB-0000025,varian,E:\Project\Mass upload shopee\foto-upload\toko3\pin-button\PB-0000025.png,https://cdn.jsdelivr.net/gh/dennypa77/mass-upload@main/foto-upload/toko3/pin-button/PB-0000025.png,474132
Hangs on You,toko3,PIN BUTTON,PB-0000026,varian,E:\Project\Mass upload shopee\foto-upload\toko3\pin-button\PB-0000026.png,https://cdn.jsdelivr.net/gh/dennypa77/mass-upload@main/foto-upload/toko3/pin-button/PB-0000026.png,474459
Hangs on You,toko3,PIN BUTTON,PB-0000027,varian,E:\Project\Mass upload shopee\foto-upload\toko3\pin-button\PB-0000027.png,https://cdn.jsdelivr.net/gh/dennypa77/mass-upload@main/foto-upload/toko3/pin-button/PB-0000027.png,449752
Hangs on You,toko3,PIN BUTTON,PB-0000028,varian,E:\Project\Mass upload shopee\foto-upload\toko3\pin-button\PB-0000028.png,https://cdn.jsdelivr.net/gh/dennypa77/mass-upload@main/foto-upload/toko3/pin-button/PB-0000028.png,463452
Hangs on You,toko3,PIN BUTTON,PB-0000029,varian,E:\Project\Mass upload shopee\foto-upload\toko3\pin-button\PB-0000029.png,https://cdn.jsdelivr.net/gh/dennypa77/mass-upload@main/foto-upload/toko3/pin-button/PB-0000029.png,446171
Hangs on You,toko3,PIN BUTTON,PB-0000030,varian,E:\Project\Mass upload shopee\foto-upload\toko3\pin-button\PB-0000030.png,https://cdn.jsdelivr.net/gh/dennypa77/mass-upload@main/foto-upload/toko3/pin-button/PB-0000030.png,454364
Hangs on You,toko3,PIN BUTTON,PB-0000031,varian,E:\Project\Mass upload shopee\foto-upload\toko3\pin-button\PB-0000031.png,https://cdn.jsdelivr.net/gh/dennypa77/mass-upload@main/foto-upload/toko3/pin-button/PB-0000031.png,459090
Hangs on You,toko3,PIN BUTTON,PB-0000032,varian,E:\Project\Mass upload shopee\foto-upload\toko3\pin-button\PB-0000032.png,https://cdn.jsdelivr.net/gh/dennypa77/mass-upload@main/foto-upload/toko3/pin-button/PB-0000032.png,502969
Hangs on You,toko3,PIN BUTTON,PB-0000033,varian,E:\Project\Mass upload shopee\foto-upload\toko3\pin-button\PB-0000033.png,https://cdn.jsdelivr.net/gh/dennypa77/mass-upload@main/foto-upload/toko3/pin-button/PB-0000033.png,393632
Hangs on You,toko3,PIN BUTTON,PB-0000034,varian,E:\Project\Mass upload shopee\foto-upload\toko3\pin-button\PB-0000034.png,https://cdn.jsdelivr.net/gh/dennypa77/mass-upload@main/foto-upload/toko3/pin-button/PB-0000034.png,506924
Hangs on You,toko3,PIN BUTTON,PB-0000035,varian,E:\Project\Mass upload shopee\foto-upload\toko3\pin-button\PB-0000035.png,https://cdn.jsdelivr.net/gh/dennypa77/mass-upload@main/foto-upload/toko3/pin-button/PB-0000035.png,508973
Hangs on You,toko3,PIN BUTTON,PB-0000036,varian,E:\Project\Mass upload shopee\foto-upload\toko3\pin-button\PB-0000036.png,https://cdn.jsdelivr.net/gh/dennypa77/mass-upload@main/foto-upload/toko3/pin-button/PB-0000036.png,474520
Hangs on You,toko3,PIN BUTTON,PB-0000037,varian,E:\Project\Mass upload shopee\foto-upload\toko3\pin-button\PB-0000037.png,https://cdn.jsdelivr.net/gh/dennypa77/mass-upload@main/foto-upload/toko3/pin-button/PB-0000037.png,475486
Hangs on You,toko3,PIN BUTTON,PB-0000038,varian,E:\Project\Mass upload shopee\foto-upload\toko3\pin-button\PB-0000038.png,https://cdn.jsdelivr.net/gh/dennypa77/mass-upload@main/foto-upload/toko3/pin-button/PB-0000038.png,463490
Hangs on You,toko3,PIN BUTTON,PB-0000039,varian,E:\Project\Mass upload shopee\foto-upload\toko3\pin-button\PB-0000039.png,https://cdn.jsdelivr.net/gh/dennypa77/mass-upload@main/foto-upload/toko3/pin-button/PB-0000039.png,482051
Hangs on You,toko3,PIN BUTTON,PB-0000040,varian,E:\Project\Mass upload shopee\foto-upload\toko3\pin-button\PB-0000040.png,https://cdn.jsdelivr.net/gh/dennypa77/mass-upload@main/foto-upload/toko3/pin-button/PB-0000040.png,445653
Hangs on You,toko3,PIN BUTTON,PB-0000041,varian,E:\Project\Mass upload shopee\foto-upload\toko3\pin-button\PB-0000041.png,https://cdn.jsdelivr.net/gh/dennypa77/mass-upload@main/foto-upload/toko3/pin-button/PB-0000041.png,491562
Hangs on You,toko3,PIN BUTTON,PB-0000042,varian,E:\Project\Mass upload shopee\foto-upload\toko3\pin-button\PB-0000042.png,https://cdn.jsdelivr.net/gh/dennypa77/mass-upload@main/foto-upload/toko3/pin-button/PB-0000042.png,524789
Hangs on You,toko3,PIN BUTTON,PB-0000043,varian,E:\Project\Mass upload shopee\foto-upload\toko3\pin-button\PB-0000043.png,https://cdn.jsdelivr.net/gh/dennypa77/mass-upload@main/foto-upload/toko3/pin-button/PB-0000043.png,509412
Hangs on You,toko3,PIN BUTTON,PB-0000044,varian,E:\Project\Mass upload shopee\foto-upload\toko3\pin-button\PB-0000044.png,https://cdn.jsdelivr.net/gh/dennypa77/mass-upload@main/foto-upload/toko3/pin-button/PB-0000044.png,421844
Hangs on You,toko3,PIN BUTTON,PB-0000045,varian,E:\Project\Mass upload shopee\foto-upload\toko3\pin-button\PB-0000045.png,https://cdn.jsdelivr.net/gh/dennypa77/mass-upload@main/foto-upload/toko3/pin-button/PB-0000045.png,475268
Hangs on You,toko3,PIN BUTTON,PB-0000046,varian,E:\Project\Mass upload shopee\foto-upload\toko3\pin-button\PB-0000046.png,https://cdn.jsdelivr.net/gh/dennypa77/mass-upload@main/foto-upload/toko3/pin-button/PB-0000046.png,464361
Hangs on You,toko3,PIN BUTTON,PB-0000047,varian,E:\Project\Mass upload shopee\foto-upload\toko3\pin-button\PB-0000047.png,https://cdn.jsdelivr.net/gh/dennypa77/mass-upload@main/foto-upload/toko3/pin-button/PB-0000047.png,427222
Hangs on You,toko3,PIN BUTTON,PB-0000048,varian,E:\Project\Mass upload shopee\foto-upload\toko3\pin-button\PB-0000048.png,https://cdn.jsdelivr.net/gh/dennypa77/mass-upload@main/foto-upload/toko3/pin-button/PB-0000048.png,496188
Hangs on You,toko3,PIN BUTTON,PB-0000049,varian,E:\Project\Mass upload shopee\foto-upload\toko3\pin-button\PB-0000049.png,https://cdn.jsdelivr.net/gh/dennypa77/mass-upload@main/foto-upload/toko3/pin-button/PB-0000049.png,489083
Hangs on You,toko3,PIN BUTTON,PB-0000050,varian,E:\Project\Mass upload shopee\foto-upload\toko3\pin-button\PB-0000050.png,https://cdn.jsdelivr.net/gh/dennypa77/mass-upload@main/foto-upload/toko3/pin-button/PB-0000050.png,495543
Hangs on You,toko3,PIN BUTTON,PB-0000051,varian,E:\Project\Mass upload shopee\foto-upload\toko3\pin-button\PB-0000051.png,https://cdn.jsdelivr.net/gh/dennypa77/mass-upload@main/foto-upload/toko3/pin-button/PB-0000051.png,496781
Hangs on You,toko3,PIN BUTTON,PB-0000052,varian,E:\Project\Mass upload shopee\foto-upload\toko3\pin-button\PB-0000052.png,https://cdn.jsdelivr.net/gh/dennypa77/mass-upload@main/foto-upload/toko3/pin-button/PB-0000052.png,434037
Hangs on You,toko3,PIN BUTTON,PB-0000053,varian,E:\Project\Mass upload shopee\foto-upload\toko3\pin-button\PB-0000053.png,https://cdn.jsdelivr.net/gh/dennypa77/mass-upload@main/foto-upload/toko3/pin-button/PB-0000053.png,441786
Hangs on You,toko3,PIN BUTTON,PB-0000054,varian,E:\Project\Mass upload shopee\foto-upload\toko3\pin-button\PB-0000054.png,https://cdn.jsdelivr.net/gh/dennypa77/mass-upload@main/foto-upload/toko3/pin-button/PB-0000054.png,426408
Hangs on You,toko3,PIN BUTTON,PB-0000055,varian,E:\Project\Mass upload shopee\foto-upload\toko3\pin-button\PB-0000055.png,https://cdn.jsdelivr.net/gh/dennypa77/mass-upload@main/foto-upload/toko3/pin-button/PB-0000055.png,442118
Hangs on You,toko3,PIN BUTTON,PB-0000056,varian,E:\Project\Mass upload shopee\foto-upload\toko3\pin-button\PB-0000056.png,https://cdn.jsdelivr.net/gh/dennypa77/mass-upload@main/foto-upload/toko3/pin-button/PB-0000056.png,427055
Hangs on You,toko3,PIN BUTTON,PB-0000057,varian,E:\Project\Mass upload shopee\foto-upload\toko3\pin-button\PB-0000057.png,https://cdn.jsdelivr.net/gh/dennypa77/mass-upload@main/foto-upload/toko3/pin-button/PB-0000057.png,432289
Hangs on You,toko3,PIN BUTTON,PB-0000058,varian,E:\Project\Mass upload shopee\foto-upload\toko3\pin-button\PB-0000058.png,https://cdn.jsdelivr.net/gh/dennypa77/mass-upload@main/foto-upload/toko3/pin-button/PB-0000058.png,422499
Hangs on You,toko3,PIN BUTTON,PB-0000059,varian,E:\Project\Mass upload shopee\foto-upload\toko3\pin-button\PB-0000059.png,https://cdn.jsdelivr.net/gh/dennypa77/mass-upload@main/foto-upload/toko3/pin-button/PB-0000059.png,417400
Hangs on You,toko3,PIN BUTTON,PB-0000060,varian,E:\Project\Mass upload shopee\foto-upload\toko3\pin-button\PB-0000060.png,https://cdn.jsdelivr.net/gh/dennypa77/mass-upload@main/foto-upload/toko3/pin-button/PB-0000060.png,488810
Hangs on You,toko3,PIN BUTTON,PB-0000061,varian,E:\Project\Mass upload shopee\foto-upload\toko3\pin-button\PB-0000061.png,https://cdn.jsdelivr.net/gh/dennypa77/mass-upload@main/foto-upload/toko3/pin-button/PB-0000061.png,422068
Hangs on You,toko3,PIN BUTTON,PB-0000062,varian,E:\Project\Mass upload shopee\foto-upload\toko3\pin-button\PB-0000062.png,https://cdn.jsdelivr.net/gh/dennypa77/mass-upload@main/foto-upload/toko3/pin-button/PB-0000062.png,491885
Hangs on You,toko3,PIN BUTTON,PB-0000063,varian,E:\Project\Mass upload shopee\foto-upload\toko3\pin-button\PB-0000063.png,https://cdn.jsdelivr.net/gh/dennypa77/mass-upload@main/foto-upload/toko3/pin-button/PB-0000063.png,467518
Hangs on You,toko3,PIN BUTTON,PB-0000064,varian,E:\Project\Mass upload shopee\foto-upload\toko3\pin-button\PB-0000064.png,https://cdn.jsdelivr.net/gh/dennypa77/mass-upload@main/foto-upload/toko3/pin-button/PB-0000064.png,442730
Hangs on You,toko3,PIN BUTTON,PB-0000065,varian,E:\Project\Mass upload shopee\foto-upload\toko3\pin-button\PB-0000065.png,https://cdn.jsdelivr.net/gh/dennypa77/mass-upload@main/foto-upload/toko3/pin-button/PB-0000065.png,459713
Hangs on You,toko3,PIN BUTTON,PB-0000066,varian,E:\Project\Mass upload shopee\foto-upload\toko3\pin-button\PB-0000066.png,https://cdn.jsdelivr.net/gh/dennypa77/mass-upload@main/foto-upload/toko3/pin-button/PB-0000066.png,437243
Hangs on You,toko3,PIN BUTTON,PB-0000067,varian,E:\Project\Mass upload shopee\foto-upload\toko3\pin-button\PB-0000067.png,https://cdn.jsdelivr.net/gh/dennypa77/mass-upload@main/foto-upload/toko3/pin-button/PB-0000067.png,439136
Hangs on You,toko3,PIN BUTTON,PB-0000068,varian,E:\Project\Mass upload shopee\foto-upload\toko3\pin-button\PB-0000068.png,https://cdn.jsdelivr.net/gh/dennypa77/mass-upload@main/foto-upload/toko3/pin-button/PB-0000068.png,434890
Hangs on You,toko3,PIN BUTTON,PB-0000069,varian,E:\Project\Mass upload shopee\foto-upload\toko3\pin-button\PB-0000069.png,https://cdn.jsdelivr.net/gh/dennypa77/mass-upload@main/foto-upload/toko3/pin-button/PB-0000069.png,446605
Hangs on You,toko3,PIN BUTTON,PB-0000070,varian,E:\Project\Mass upload shopee\foto-upload\toko3\pin-button\PB-0000070.png,https://cdn.jsdelivr.net/gh/dennypa77/mass-upload@main/foto-upload/toko3/pin-button/PB-0000070.png,467990
Hangs on You,toko3,PIN BUTTON,PB-0000071,varian,E:\Project\Mass upload shopee\foto-upload\toko3\pin-button\PB-0000071.png,https://cdn.jsdelivr.net/gh/dennypa77/mass-upload@main/foto-upload/toko3/pin-button/PB-0000071.png,374868
Hangs on You,toko3,PIN BUTTON,PB-0000072,varian,E:\Project\Mass upload shopee\foto-upload\toko3\pin-button\PB-0000072.png,https://cdn.jsdelivr.net/gh/dennypa77/mass-upload@main/foto-upload/toko3/pin-button/PB-0000072.png,423113
Hangs on You,toko3,PIN BUTTON,PB-0000073,varian,E:\Project\Mass upload shopee\foto-upload\toko3\pin-button\PB-0000073.png,https://cdn.jsdelivr.net/gh/dennypa77/mass-upload@main/foto-upload/toko3/pin-button/PB-0000073.png,386010
Hangs on You,toko3,PIN BUTTON,PB-0000074,varian,E:\Project\Mass upload shopee\foto-upload\toko3\pin-button\PB-0000074.png,https://cdn.jsdelivr.net/gh/dennypa77/mass-upload@main/foto-upload/toko3/pin-button/PB-0000074.png,351710
Hangs on You,toko3,PIN BUTTON,PB-0000075,varian,E:\Project\Mass upload shopee\foto-upload\toko3\pin-button\PB-0000075.png,https://cdn.jsdelivr.net/gh/dennypa77/mass-upload@main/foto-upload/toko3/pin-button/PB-0000075.png,411845
Hangs on You,toko3,PIN BUTTON,PB-0000076,varian,E:\Project\Mass upload shopee\foto-upload\toko3\pin-button\PB-0000076.png,https://cdn.jsdelivr.net/gh/dennypa77/mass-upload@main/foto-upload/toko3/pin-button/PB-0000076.png,379978
Hangs on You,toko3,PIN BUTTON,PB-0000077,varian,E:\Project\Mass upload shopee\foto-upload\toko3\pin-button\PB-0000077.png,https://cdn.jsdelivr.net/gh/dennypa77/mass-upload@main/foto-upload/toko3/pin-button/PB-0000077.png,413954
Hangs on You,toko3,PIN BUTTON,PB-0000078,varian,E:\Project\Mass upload shopee\foto-upload\toko3\pin-button\PB-0000078.png,https://cdn.jsdelivr.net/gh/dennypa77/mass-upload@main/foto-upload/toko3/pin-button/PB-0000078.png,457768
Hangs on You,toko3,PIN BUTTON,PB-0000079,varian,E:\Project\Mass upload shopee\foto-upload\toko3\pin-button\PB-0000079.png,https://cdn.jsdelivr.net/gh/dennypa77/mass-upload@main/foto-upload/toko3/pin-button/PB-0000079.png,446168
Hangs on You,toko3,PIN BUTTON,PB-0000080,varian,E:\Project\Mass upload shopee\foto-upload\toko3\pin-button\PB-0000080.png,https://cdn.jsdelivr.net/gh/dennypa77/mass-upload@main/foto-upload/toko3/pin-button/PB-0000080.png,421727
Hangs on You,toko3,PIN BUTTON,PB-0000081,varian,E:\Project\Mass upload shopee\foto-upload\toko3\pin-button\PB-0000081.png,https://cdn.jsdelivr.net/gh/dennypa77/mass-upload@main/foto-upload/toko3/pin-button/PB-0000081.png,363183
Hangs on You,toko3,PIN BUTTON,PB-0000082,varian,E:\Project\Mass upload shopee\foto-upload\toko3\pin-button\PB-0000082.png,https://cdn.jsdelivr.net/gh/dennypa77/mass-upload@main/foto-upload/toko3/pin-button/PB-0000082.png,467575
Hangs on You,toko3,PIN BUTTON,PB-0000083,varian,E:\Project\Mass upload shopee\foto-upload\toko3\pin-button\PB-0000083.png,https://cdn.jsdelivr.net/gh/dennypa77/mass-upload@main/foto-upload/toko3/pin-button/PB-0000083.png,442586
Hangs on You,toko3,PIN BUTTON,PB-0000084,varian,E:\Project\Mass upload shopee\foto-upload\toko3\pin-button\PB-0000084.png,https://cdn.jsdelivr.net/gh/dennypa77/mass-upload@main/foto-upload/toko3/pin-button/PB-0000084.png,388229
Hangs on You,toko3,PIN BUTTON,PB-0000085,varian,E:\Project\Mass upload shopee\foto-upload\toko3\pin-button\PB-0000085.png,https://cdn.jsdelivr.net/gh/dennypa77/mass-upload@main/foto-upload/toko3/pin-button/PB-0000085.png,392225
Hangs on You,toko3,PIN BUTTON,PB-0000086,varian,E:\Project\Mass upload shopee\foto-upload\toko3\pin-button\PB-0000086.png,https://cdn.jsdelivr.net/gh/dennypa77/mass-upload@main/foto-upload/toko3/pin-button/PB-0000086.png,389130
Hangs on You,toko3,PIN BUTTON,PB-0000087,varian,E:\Project\Mass upload shopee\foto-upload\toko3\pin-button\PB-0000087.png,https://cdn.jsdelivr.net/gh/dennypa77/mass-upload@main/foto-upload/toko3/pin-button/PB-0000087.png,367657
Hangs on You,toko3,PIN BUTTON,PB-0000088,varian,E:\Project\Mass upload shopee\foto-upload\toko3\pin-button\PB-0000088.png,https://cdn.jsdelivr.net/gh/dennypa77/mass-upload@main/foto-upload/toko3/pin-button/PB-0000088.png,447987
Hangs on You,toko3,PIN BUTTON,PB-0000089,varian,E:\Project\Mass upload shopee\foto-upload\toko3\pin-button\PB-0000089.png,https://cdn.jsdelivr.net/gh/dennypa77/mass-upload@main/foto-upload/toko3/pin-button/PB-0000089.png,423634
Hangs on You,toko3,PIN BUTTON,PB-0000090,varian,E:\Project\Mass upload shopee\foto-upload\toko3\pin-button\PB-0000090.png,https://cdn.jsdelivr.net/gh/dennypa77/mass-upload@main/foto-upload/toko3/pin-button/PB-0000090.png,374240
Hangs on You,toko3,PIN BUTTON,PB-0000091,varian,E:\Project\Mass upload shopee\foto-upload\toko3\pin-button\PB-0000091.png,https://cdn.jsdelivr.net/gh/dennypa77/mass-upload@main/foto-upload/toko3/pin-button/PB-0000091.png,393823
Hangs on You,toko3,PIN BUTTON,PB-0000092,varian,E:\Project\Mass upload shopee\foto-upload\toko3\pin-button\PB-0000092.png,https://cdn.jsdelivr.net/gh/dennypa77/mass-upload@main/foto-upload/toko3/pin-button/PB-0000092.png,437126
Hangs on You,toko3,PIN BUTTON,PB-0000093,varian,E:\Project\Mass upload shopee\foto-upload\toko3\pin-button\PB-0000093.png,https://cdn.jsdelivr.net/gh/dennypa77/mass-upload@main/foto-upload/toko3/pin-button/PB-0000093.png,447212
Hangs on You,toko3,PIN BUTTON,PB-0000094,varian,E:\Project\Mass upload shopee\foto-upload\toko3\pin-button\PB-0000094.png,https://cdn.jsdelivr.net/gh/dennypa77/mass-upload@main/foto-upload/toko3/pin-button/PB-0000094.png,492354
Hangs on You,toko3,PIN BUTTON,PB-0000095,varian,E:\Project\Mass upload shopee\foto-upload\toko3\pin-button\PB-0000095.png,https://cdn.jsdelivr.net/gh/dennypa77/mass-upload@main/foto-upload/toko3/pin-button/PB-0000095.png,459943
Hangs on You,toko3,PIN BUTTON,PB-0000096,varian,E:\Project\Mass upload shopee\foto-upload\toko3\pin-button\PB-0000096.png,https://cdn.jsdelivr.net/gh/dennypa77/mass-upload@main/foto-upload/toko3/pin-button/PB-0000096.png,412269
Hangs on You,toko3,PIN BUTTON,PB-0000097,varian,E:\Project\Mass upload shopee\foto-upload\toko3\pin-button\PB-0000097.png,https://cdn.jsdelivr.net/gh/dennypa77/mass-upload@main/foto-upload/toko3/pin-button/PB-0000097.png,412246
Hangs on You,toko3,PIN BUTTON,PB-0000098,varian,E:\Project\Mass upload shopee\foto-upload\toko3\pin-button\PB-0000098.png,https://cdn.jsdelivr.net/gh/dennypa77/mass-upload@main/foto-upload/toko3/pin-button/PB-0000098.png,435742
Hangs on You,toko3,PIN BUTTON,PB-0000099,varian,E:\Project\Mass upload shopee\foto-upload\toko3\pin-button\PB-0000099.png,https://cdn.jsdelivr.net/gh/dennypa77/mass-upload@main/foto-upload/toko3/pin-button/PB-0000099.png,398099
Hangs on You,toko3,PIN BUTTON,PB-0000100,varian,E:\Project\Mass upload shopee\foto-upload\toko3\pin-button\PB-0000100.png,https://cdn.jsdelivr.net/gh/dennypa77/mass-upload@main/foto-upload/toko3/pin-button/PB-0000100.png,456949
Hangs on You,toko3,PIN BUTTON,PB-0000151,varian,E:\Project\Mass upload shopee\foto-upload\toko3\pin-button\PB-0000151.png,https://cdn.jsdelivr.net/gh/dennypa77/mass-upload@main/foto-upload/toko3/pin-button/PB-0000151.png,520205
Hangs on You,toko3,PIN BUTTON,PB-0000152,varian,E:\Project\Mass upload shopee\foto-upload\toko3\pin-button\PB-0000152.png,https://cdn.jsdelivr.net/gh/dennypa77/mass-upload@main/foto-upload/toko3/pin-button/PB-0000152.png,486846
Hangs on You,toko3,PIN BUTTON,PB-0000153,varian,E:\Project\Mass upload shopee\foto-upload\toko3\pin-button\PB-0000153.png,https://cdn.jsdelivr.net/gh/dennypa77/mass-upload@main/foto-upload/toko3/pin-button/PB-0000153.png,467341
Hangs on You,toko3,PIN BUTTON,PB-0000154,varian,E:\Project\Mass upload shopee\foto-upload\toko3\pin-button\PB-0000154.png,https://cdn.jsdelivr.net/gh/dennypa77/mass-upload@main/foto-upload/toko3/pin-button/PB-0000154.png,471351
Hangs on You,toko3,PIN BUTTON,PB-0000155,varian,E:\Project\Mass upload shopee\foto-upload\toko3\pin-button\PB-0000155.png,https://cdn.jsdelivr.net/gh/dennypa77/mass-upload@main/foto-upload/toko3/pin-button/PB-0000155.png,475846
Hangs on You,toko3,PIN BUTTON,PB-0000156,varian,E:\Project\Mass upload shopee\foto-upload\toko3\pin-button\PB-0000156.png,https://cdn.jsdelivr.net/gh/dennypa77/mass-upload@main/foto-upload/toko3/pin-button/PB-0000156.png,467350
Hangs on You,toko3,PIN BUTTON,PB-0000157,varian,E:\Project\Mass upload shopee\foto-upload\toko3\pin-button\PB-0000157.png,https://cdn.jsdelivr.net/gh/dennypa77/mass-upload@main/foto-upload/toko3/pin-button/PB-0000157.png,415527
Hangs on You,toko3,PIN BUTTON,PB-0000158,varian,E:\Project\Mass upload shopee\foto-upload\toko3\pin-button\PB-0000158.png,https://cdn.jsdelivr.net/gh/dennypa77/mass-upload@main/foto-upload/toko3/pin-button/PB-0000158.png,451502
Hangs on You,toko3,PIN BUTTON,PB-0000159,varian,E:\Project\Mass upload shopee\foto-upload\toko3\pin-button\PB-0000159.png,https://cdn.jsdelivr.net/gh/dennypa77/mass-upload@main/foto-upload/toko3/pin-button/PB-0000159.png,477396
Hangs on You,toko3,PIN BUTTON,PB-0000160,varian,E:\Project\Mass upload shopee\foto-upload\toko3\pin-button\PB-0000160.png,https://cdn.jsdelivr.net/gh/dennypa77/mass-upload@main/foto-upload/toko3/pin-button/PB-0000160.png,429682
Hangs on You,toko3,PIN BUTTON,PB-0000161,varian,E:\Project\Mass upload shopee\foto-upload\toko3\pin-button\PB-0000161.png,https://cdn.jsdelivr.net/gh/dennypa77/mass-upload@main/foto-upload/toko3/pin-button/PB-0000161.png,450328
Hangs on You,toko3,PIN BUTTON,PB-0000162,varian,E:\Project\Mass upload shopee\foto-upload\toko3\pin-button\PB-0000162.png,https://cdn.jsdelivr.net/gh/dennypa77/mass-upload@main/foto-upload/toko3/pin-button/PB-0000162.png,521587
Hangs on You,toko3,PIN BUTTON,PB-0000163,varian,E:\Project\Mass upload shopee\foto-upload\toko3\pin-button\PB-0000163.png,https://cdn.jsdelivr.net/gh/dennypa77/mass-upload@main/foto-upload/toko3/pin-button/PB-0000163.png,467038
Hangs on You,toko3,PIN BUTTON,PB-0000164,varian,E:\Project\Mass upload shopee\foto-upload\toko3\pin-button\PB-0000164.png,https://cdn.jsdelivr.net/gh/dennypa77/mass-upload@main/foto-upload/toko3/pin-button/PB-0000164.png,456229
Hangs on You,toko3,PIN BUTTON,PB-0000165,varian,E:\Project\Mass upload shopee\foto-upload\toko3\pin-button\PB-0000165.png,https://cdn.jsdelivr.net/gh/dennypa77/mass-upload@main/foto-upload/toko3/pin-button/PB-0000165.png,430002
Hangs on You,toko3,PIN BUTTON,PB-0000166,varian,E:\Project\Mass upload shopee\foto-upload\toko3\pin-button\PB-0000166.png,https://cdn.jsdelivr.net/gh/dennypa77/mass-upload@main/foto-upload/toko3/pin-button/PB-0000166.png,389429
Hangs on You,toko3,PIN BUTTON,PB-0000167,varian,E:\Project\Mass upload shopee\foto-upload\toko3\pin-button\PB-0000167.png,https://cdn.jsdelivr.net/gh/dennypa77/mass-upload@main/foto-upload/toko3/pin-button/PB-0000167.png,408704
Hangs on You,toko3,PIN BUTTON,PB-0000168,varian,E:\Project\Mass upload shopee\foto-upload\toko3\pin-button\PB-0000168.png,https://cdn.jsdelivr.net/gh/dennypa77/mass-upload@main/foto-upload/toko3/pin-button/PB-0000168.png,479633
Hangs on You,toko3,PIN BUTTON,PB-0000169,varian,E:\Project\Mass upload shopee\foto-upload\toko3\pin-button\PB-0000169.png,https://cdn.jsdelivr.net/gh/dennypa77/mass-upload@main/foto-upload/toko3/pin-button/PB-0000169.png,403887
Hangs on You,toko3,PIN BUTTON,PB-0000170,varian,E:\Project\Mass upload shopee\foto-upload\toko3\pin-button\PB-0000170.png,https://cdn.jsdelivr.net/gh/dennypa77/mass-upload@main/foto-upload/toko3/pin-button/PB-0000170.png,432091
Hangs on You,toko3,PIN BUTTON,PB-0000171,varian,E:\Project\Mass upload shopee\foto-upload\toko3\pin-button\PB-0000171.png,https://cdn.jsdelivr.net/gh/dennypa77/mass-upload@main/foto-upload/toko3/pin-button/PB-0000171.png,451032
Hangs on You,toko3,PIN BUTTON,PB-0000172,varian,E:\Project\Mass upload shopee\foto-upload\toko3\pin-button\PB-0000172.png,https://cdn.jsdelivr.net/gh/dennypa77/mass-upload@main/foto-upload/toko3/pin-button/PB-0000172.png,445223
Hangs on You,toko3,PIN BUTTON,PB-0000173,varian,E:\Project\Mass upload shopee\foto-upload\toko3\pin-button\PB-0000173.png,https://cdn.jsdelivr.net/gh/dennypa77/mass-upload@main/foto-upload/toko3/pin-button/PB-0000173.png,412481
Hangs on You,toko3,PIN BUTTON,PB-0000174,varian,E:\Project\Mass upload shopee\foto-upload\toko3\pin-button\PB-0000174.png,https://cdn.jsdelivr.net/gh/dennypa77/mass-upload@main/foto-upload/toko3/pin-button/PB-0000174.png,490819
Hangs on You,toko3,PIN BUTTON,PB-0000175,varian,E:\Project\Mass upload shopee\foto-upload\toko3\pin-button\PB-0000175.png,https://cdn.jsdelivr.net/gh/dennypa77/mass-upload@main/foto-upload/toko3/pin-button/PB-0000175.png,472091
Hangs on You,toko3,PIN BUTTON,PB-0000176,varian,E:\Project\Mass upload shopee\foto-upload\toko3\pin-button\PB-0000176.png,https://cdn.jsdelivr.net/gh/dennypa77/mass-upload@main/foto-upload/toko3/pin-button/PB-0000176.png,414977
Hangs on You,toko3,PIN BUTTON,PB-0000177,varian,E:\Project\Mass upload shopee\foto-upload\toko3\pin-button\PB-0000177.png,https://cdn.jsdelivr.net/gh/dennypa77/mass-upload@main/foto-upload/toko3/pin-button/PB-0000177.png,450247
Hangs on You,toko3,PIN BUTTON,PB-0000178,varian,E:\Project\Mass upload shopee\foto-upload\toko3\pin-button\PB-0000178.png,https://cdn.jsdelivr.net/gh/dennypa77/mass-upload@main/foto-upload/toko3/pin-button/PB-0000178.png,505002
Hangs on You,toko3,PIN BUTTON,PB-0000179,varian,E:\Project\Mass upload shopee\foto-upload\toko3\pin-button\PB-0000179.png,https://cdn.jsdelivr.net/gh/dennypa77/mass-upload@main/foto-upload/toko3/pin-button/PB-0000179.png,457176
Hangs on You,toko3,PIN BUTTON,PB-0000180,varian,E:\Project\Mass upload shopee\foto-upload\toko3\pin-button\PB-0000180.png,https://cdn.jsdelivr.net/gh/dennypa77/mass-upload@main/foto-upload/toko3/pin-button/PB-0000180.png,453280
Hangs on You,toko3,PIN BUTTON,PB-0000181,varian,E:\Project\Mass upload shopee\foto-upload\toko3\pin-button\PB-0000181.png,https://cdn.jsdelivr.net/gh/dennypa77/mass-upload@main/foto-upload/toko3/pin-button/PB-0000181.png,447057
Hangs on You,toko3,PIN BUTTON,PB-0000182,varian,E:\Project\Mass upload shopee\foto-upload\toko3\pin-button\PB-0000182.png,https://cdn.jsdelivr.net/gh/dennypa77/mass-upload@main/foto-upload/toko3/pin-button/PB-0000182.png,423600
Hangs on You,toko3,PIN BUTTON,PB-0000183,varian,E:\Project\Mass upload shopee\foto-upload\toko3\pin-button\PB-0000183.png,https://cdn.jsdelivr.net/gh/dennypa77/mass-upload@main/foto-upload/toko3/pin-button/PB-0000183.png,428671
Hangs on You,toko3,PIN BUTTON,PB-0000184,varian,E:\Project\Mass upload shopee\foto-upload\toko3\pin-button\PB-0000184.png,https://cdn.jsdelivr.net/gh/dennypa77/mass-upload@main/foto-upload/toko3/pin-button/PB-0000184.png,472698
Hangs on You,toko3,PIN BUTTON,PB-0000185,varian,E:\Project\Mass upload shopee\foto-upload\toko3\pin-button\PB-0000185.png,https://cdn.jsdelivr.net/gh/dennypa77/mass-upload@main/foto-upload/toko3/pin-button/PB-0000185.png,442208
Hangs on You,toko3,PIN BUTTON,PB-0000186,varian,E:\Project\Mass upload shopee\foto-upload\toko3\pin-button\PB-0000186.png,https://cdn.jsdelivr.net/gh/dennypa77/mass-upload@main/foto-upload/toko3/pin-button/PB-0000186.png,374138
Hangs on You,toko3,PIN BUTTON,PB-0000187,varian,E:\Project\Mass upload shopee\foto-upload\toko3\pin-button\PB-0000187.png,https://cdn.jsdelivr.net/gh/dennypa77/mass-upload@main/foto-upload/toko3/pin-button/PB-0000187.png,427654
Hangs on You,toko3,PIN BUTTON,PB-0000188,varian,E:\Project\Mass upload shopee\foto-upload\toko3\pin-button\PB-0000188.png,https://cdn.jsdelivr.net/gh/dennypa77/mass-upload@main/foto-upload/toko3/pin-button/PB-0000188.png,495260
Hangs on You,toko3,PIN BUTTON,PB-0000189,varian,E:\Project\Mass upload shopee\foto-upload\toko3\pin-button\PB-0000189.png,https://cdn.jsdelivr.net/gh/dennypa77/mass-upload@main/foto-upload/toko3/pin-button/PB-0000189.png,439438
Hangs on You,toko3,PIN BUTTON,PB-0000190,varian,E:\Project\Mass upload shopee\foto-upload\toko3\pin-button\PB-0000190.png,https://cdn.jsdelivr.net/gh/dennypa77/mass-upload@main/foto-upload/toko3/pin-button/PB-0000190.png,427824
Hangs on You,toko3,PIN BUTTON,PB-0000191,varian,E:\Project\Mass upload shopee\foto-upload\toko3\pin-button\PB-0000191.png,https://cdn.jsdelivr.net/gh/dennypa77/mass-upload@main/foto-upload/toko3/pin-button/PB-0000191.png,424368
Hangs on You,toko3,PIN BUTTON,PB-0000192,varian,E:\Project\Mass upload shopee\foto-upload\toko3\pin-button\PB-0000192.png,https://cdn.jsdelivr.net/gh/dennypa77/mass-upload@main/foto-upload/toko3/pin-button/PB-0000192.png,427240
Hangs on You,toko3,PIN BUTTON,PB-0000193,varian,E:\Project\Mass upload shopee\foto-upload\toko3\pin-button\PB-0000193.png,https://cdn.jsdelivr.net/gh/dennypa77/mass-upload@main/foto-upload/toko3/pin-button/PB-0000193.png,420464
Hangs on You,toko3,PIN BUTTON,PB-0000194,varian,E:\Project\Mass upload shopee\foto-upload\toko3\pin-button\PB-0000194.png,https://cdn.jsdelivr.net/gh/dennypa77/mass-upload@main/foto-upload/toko3/pin-button/PB-0000194.png,483910
Hangs on You,toko3,PIN BUTTON,PB-0000195,varian,E:\Project\Mass upload shopee\foto-upload\toko3\pin-button\PB-0000195.png,https://cdn.jsdelivr.net/gh/dennypa77/mass-upload@main/foto-upload/toko3/pin-button/PB-0000195.png,488247
Hangs on You,toko3,PIN BUTTON,PB-0000196,varian,E:\Project\Mass upload shopee\foto-upload\toko3\pin-button\PB-0000196.png,https://cdn.jsdelivr.net/gh/dennypa77/mass-upload@main/foto-upload/toko3/pin-button/PB-0000196.png,471378
Hangs on You,toko3,PIN BUTTON,PB-0000197,varian,E:\Project\Mass upload shopee\foto-upload\toko3\pin-button\PB-0000197.png,https://cdn.jsdelivr.net/gh/dennypa77/mass-upload@main/foto-upload/toko3/pin-button/PB-0000197.png,456718
Hangs on You,toko3,PIN BUTTON,PB-0000198,varian,E:\Project\Mass upload shopee\foto-upload\toko3\pin-button\PB-0000198.png,https://cdn.jsdelivr.net/gh/dennypa77/mass-upload@main/foto-upload/toko3/pin-button/PB-0000198.png,409198
Hangs on You,toko3,PIN BUTTON,PB-0000199,varian,E:\Project\Mass upload shopee\foto-upload\toko3\pin-button\PB-0000199.png,https://cdn.jsdelivr.net/gh/dennypa77/mass-upload@main/foto-upload/toko3/pin-button/PB-0000199.png,434124
Hangs on You,toko3,PIN BUTTON,PB-0000200,varian,E:\Project\Mass upload shopee\foto-upload\toko3\pin-button\PB-0000200.png,https://cdn.jsdelivr.net/gh/dennypa77/mass-upload@main/foto-upload/toko3/pin-button/PB-0000200.png,458107
Hangs on You,toko3,PIN BUTTON,PB-0000201,varian,E:\Project\Mass upload shopee\foto-upload\toko3\pin-button\PB-0000201.png,https://cdn.jsdelivr.net/gh/dennypa77/mass-upload@main/foto-upload/toko3/pin-button/PB-0000201.png,1214121
Hangs on You,toko3,PIN BUTTON,PB-0000202,varian,E:\Project\Mass upload shopee\foto-upload\toko3\pin-button\PB-0000202.png,https://cdn.jsdelivr.net/gh/dennypa77/mass-upload@main/foto-upload/toko3/pin-button/PB-0000202.png,1290779
Hangs on You,toko3,PIN BUTTON,PB-0000203,varian,E:\Project\Mass upload shopee\foto-upload\toko3\pin-button\PB-0000203.png,https://cdn.jsdelivr.net/gh/dennypa77/mass-upload@main/foto-upload/toko3/pin-button/PB-0000203.png,1258742
Hangs on You,toko3,PIN BUTTON,PB-0000204,varian,E:\Project\Mass upload shopee\foto-upload\toko3\pin-button\PB-0000204.png,https://cdn.jsdelivr.net/gh/dennypa77/mass-upload@main/foto-upload/toko3/pin-button/PB-0000204.png,1121741
Hangs on You,toko3,PIN BUTTON,PB-0000205,varian,E:\Project\Mass upload shopee\foto-upload\toko3\pin-button\PB-0000205.png,https://cdn.jsdelivr.net/gh/dennypa77/mass-upload@main/foto-upload/toko3/pin-button/PB-0000205.png,999446
Hangs on You,toko3,PIN BUTTON,PB-0000206,varian,E:\Project\Mass upload shopee\foto-upload\toko3\pin-button\PB-0000206.png,https://cdn.jsdelivr.net/gh/dennypa77/mass-upload@main/foto-upload/toko3/pin-button/PB-0000206.png,1058970
Hangs on You,toko3,PIN BUTTON,PB-0000207,varian,E:\Project\Mass upload shopee\foto-upload\toko3\pin-button\PB-0000207.png,https://cdn.jsdelivr.net/gh/dennypa77/mass-upload@main/foto-upload/toko3/pin-button/PB-0000207.png,1175944
Hangs on You,toko3,PIN BUTTON,PB-0000208,varian,E:\Project\Mass upload shopee\foto-upload\toko3\pin-button\PB-0000208.png,https://cdn.jsdelivr.net/gh/dennypa77/mass-upload@main/foto-upload/toko3/pin-button/PB-0000208.png,1245685
Hangs on You,toko3,PIN BUTTON,PB-0000209,varian,E:\Project\Mass upload shopee\foto-upload\toko3\pin-button\PB-0000209.png,https://cdn.jsdelivr.net/gh/dennypa77/mass-upload@main/foto-upload/toko3/pin-button/PB-0000209.png,1346161
Hangs on You,toko3,PIN BUTTON,PB-0000210,varian,E:\Project\Mass upload shopee\foto-upload\toko3\pin-button\PB-0000210.png,https://cdn.jsdelivr.net/gh/dennypa77/mass-upload@main/foto-upload/toko3/pin-button/PB-0000210.png,1328842
Hangs on You,toko3,PIN BUTTON,PB-0000211,varian,E:\Project\Mass upload shopee\foto-upload\toko3\pin-button\PB-0000211.png,https://cdn.jsdelivr.net/gh/dennypa77/mass-upload@main/foto-upload/toko3/pin-button/PB-0000211.png,1156030
Hangs on You,toko3,PIN BUTTON,PB-0000212,varian,E:\Project\Mass upload shopee\foto-upload\toko3\pin-button\PB-0000212.png,https://cdn.jsdelivr.net/gh/dennypa77/mass-upload@main/foto-upload/toko3/pin-button/PB-0000212.png,1306234
Hangs on You,toko3,PIN BUTTON,PB-0000213,varian,E:\Project\Mass upload shopee\foto-upload\toko3\pin-button\PB-0000213.png,https://cdn.jsdelivr.net/gh/dennypa77/mass-upload@main/foto-upload/toko3/pin-button/PB-0000213.png,1305053
Hangs on You,toko3,PIN BUTTON,PB-0000214,varian,E:\Project\Mass upload shopee\foto-upload\toko3\pin-button\PB-0000214.png,https://cdn.jsdelivr.net/gh/dennypa77/mass-upload@main/foto-upload/toko3/pin-button/PB-0000214.png,1249759
Hangs on You,toko3,PIN BUTTON,PB-0000215,varian,E:\Project\Mass upload shopee\foto-upload\toko3\pin-button\PB-0000215.png,https://cdn.jsdelivr.net/gh/dennypa77/mass-upload@main/foto-upload/toko3/pin-button/PB-0000215.png,1407825
Hangs on You,toko3,PIN BUTTON,PB-0000216,varian,E:\Project\Mass upload shopee\foto-upload\toko3\pin-button\PB-0000216.png,https://cdn.jsdelivr.net/gh/dennypa77/mass-upload@main/foto-upload/toko3/pin-button/PB-0000216.png,1256434
Hangs on You,toko3,PIN BUTTON,PB-0000217,varian,E:\Project\Mass upload shopee\foto-upload\toko3\pin-button\PB-0000217.png,https://cdn.jsdelivr.net/gh/dennypa77/mass-upload@main/foto-upload/toko3/pin-button/PB-0000217.png,1237904
Hangs on You,toko3,PIN BUTTON,PB-0000218,varian,E:\Project\Mass upload shopee\foto-upload\toko3\pin-button\PB-0000218.png,https://cdn.jsdelivr.net/gh/dennypa77/mass-upload@main/foto-upload/toko3/pin-button/PB-0000218.png,1408377
Hangs on You,toko3,PIN BUTTON,PB-0000219,varian,E:\Project\Mass upload shopee\foto-upload\toko3\pin-button\PB-0000219.png,https://cdn.jsdelivr.net/gh/dennypa77/mass-upload@main/foto-upload/toko3/pin-button/PB-0000219.png,1083756
Hangs on You,toko3,PIN BUTTON,PB-0000220,varian,E:\Project\Mass upload shopee\foto-upload\toko3\pin-button\PB-0000220.png,https://cdn.jsdelivr.net/gh/dennypa77/mass-upload@main/foto-upload/toko3/pin-button/PB-0000220.png,1040576
Hangs on You,toko3,PIN BUTTON,PB-0000221,varian,E:\Project\Mass upload shopee\foto-upload\toko3\pin-button\PB-0000221.png,https://cdn.jsdelivr.net/gh/dennypa77/mass-upload@main/foto-upload/toko3/pin-button/PB-0000221.png,1344671
Hangs on You,toko3,PIN BUTTON,PB-0000222,varian,E:\Project\Mass upload shopee\foto-upload\toko3\pin-button\PB-0000222.png,https://cdn.jsdelivr.net/gh/dennypa77/mass-upload@main/foto-upload/toko3/pin-button/PB-0000222.png,1190454
Hangs on You,toko3,PIN BUTTON,PB-0000223,varian,E:\Project\Mass upload shopee\foto-upload\toko3\pin-button\PB-0000223.png,https://cdn.jsdelivr.net/gh/dennypa77/mass-upload@main/foto-upload/toko3/pin-button/PB-0000223.png,1198262
Hangs on You,toko3,PIN BUTTON,PB-0000224,varian,E:\Project\Mass upload shopee\foto-upload\toko3\pin-button\PB-0000224.png,https://cdn.jsdelivr.net/gh/dennypa77/mass-upload@main/foto-upload/toko3/pin-button/PB-0000224.png,1238635
Hangs on You,toko3,PIN BUTTON,PB-0000225,varian,E:\Project\Mass upload shopee\foto-upload\toko3\pin-button\PB-0000225.png,https://cdn.jsdelivr.net/gh/dennypa77/mass-upload@main/foto-upload/toko3/pin-button/PB-0000225.png,1182221
Hangs on You,toko3,PIN BUTTON,PB-0000226,varian,E:\Project\Mass upload shopee\foto-upload\toko3\pin-button\PB-0000226.png,https://cdn.jsdelivr.net/gh/dennypa77/mass-upload@main/foto-upload/toko3/pin-button/PB-0000226.png,1107948
Hangs on You,toko3,PIN BUTTON,PB-0000227,varian,E:\Project\Mass upload shopee\foto-upload\toko3\pin-button\PB-0000227.png,https://cdn.jsdelivr.net/gh/dennypa77/mass-upload@main/foto-upload/toko3/pin-button/PB-0000227.png,1225570
Hangs on You,toko3,PIN BUTTON,PB-0000228,varian,E:\Project\Mass upload shopee\foto-upload\toko3\pin-button\PB-0000228.png,https://cdn.jsdelivr.net/gh/dennypa77/mass-upload@main/foto-upload/toko3/pin-button/PB-0000228.png,1276275
Hangs on You,toko3,PIN BUTTON,PB-0000229,varian,E:\Project\Mass upload shopee\foto-upload\toko3\pin-button\PB-0000229.png,https://cdn.jsdelivr.net/gh/dennypa77/mass-upload@main/foto-upload/toko3/pin-button/PB-0000229.png,1239125
Hangs on You,toko3,PIN BUTTON,PB-0000230,varian,E:\Project\Mass upload shopee\foto-upload\toko3\pin-button\PB-0000230.png,https://cdn.jsdelivr.net/gh/dennypa77/mass-upload@main/foto-upload/toko3/pin-button/PB-0000230.png,1377267
Hangs on You,toko3,PIN BUTTON,PB-0000231,varian,E:\Project\Mass upload shopee\foto-upload\toko3\pin-button\PB-0000231.png,https://cdn.jsdelivr.net/gh/dennypa77/mass-upload@main/foto-upload/toko3/pin-button/PB-0000231.png,1260987
Hangs on You,toko3,PIN BUTTON,PB-0000232,varian,E:\Project\Mass upload shopee\foto-upload\toko3\pin-button\PB-0000232.png,https://cdn.jsdelivr.net/gh/dennypa77/mass-upload@main/foto-upload/toko3/pin-button/PB-0000232.png,1308122
Hangs on You,toko3,PIN BUTTON,PB-0000233,varian,E:\Project\Mass upload shopee\foto-upload\toko3\pin-button\PB-0000233.png,https://cdn.jsdelivr.net/gh/dennypa77/mass-upload@main/foto-upload/toko3/pin-button/PB-0000233.png,1528221
Hangs on You,toko3,PIN BUTTON,PB-0000234,varian,E:\Project\Mass upload shopee\foto-upload\toko3\pin-button\PB-0000234.png,https://cdn.jsdelivr.net/gh/dennypa77/mass-upload@main/foto-upload/toko3/pin-button/PB-0000234.png,1252067
Hangs on You,toko3,PIN BUTTON,PB-0000235,varian,E:\Project\Mass upload shopee\foto-upload\toko3\pin-button\PB-0000235.png,https://cdn.jsdelivr.net/gh/dennypa77/mass-upload@main/foto-upload/toko3/pin-button/PB-0000235.png,1311720
Hangs on You,toko3,PIN BUTTON,PB-0000236,varian,E:\Project\Mass upload shopee\foto-upload\toko3\pin-button\PB-0000236.png,https://cdn.jsdelivr.net/gh/dennypa77/mass-upload@main/foto-upload/toko3/pin-button/PB-0000236.png,1363106
Hangs on You,toko3,PIN BUTTON,PB-0000237,varian,E:\Project\Mass upload shopee\foto-upload\toko3\pin-button\PB-0000237.png,https://cdn.jsdelivr.net/gh/dennypa77/mass-upload@main/foto-upload/toko3/pin-button/PB-0000237.png,1227563
Hangs on You,toko3,PIN BUTTON,PB-0000238,varian,E:\Project\Mass upload shopee\foto-upload\toko3\pin-button\PB-0000238.png,https://cdn.jsdelivr.net/gh/dennypa77/mass-upload@main/foto-upload/toko3/pin-button/PB-0000238.png,1353890
Hangs on You,toko3,PIN BUTTON,PB-0000239,varian,E:\Project\Mass upload shopee\foto-upload\toko3\pin-button\PB-0000239.png,https://cdn.jsdelivr.net/gh/dennypa77/mass-upload@main/foto-upload/toko3/pin-button/PB-0000239.png,1051011
Hangs on You,toko3,PIN BUTTON,PB-0000240,varian,E:\Project\Mass upload shopee\foto-upload\toko3\pin-button\PB-0000240.png,https://cdn.jsdelivr.net/gh/dennypa77/mass-upload@main/foto-upload/toko3/pin-button/PB-0000240.png,983736
Hangs on You,toko3,PIN BUTTON,PB-0000241,varian,E:\Project\Mass upload shopee\foto-upload\toko3\pin-button\PB-0000241.png,https://cdn.jsdelivr.net/gh/dennypa77/mass-upload@main/foto-upload/toko3/pin-button/PB-0000241.png,1084129
Hangs on You,toko3,PIN BUTTON,PB-0000242,varian,E:\Project\Mass upload shopee\foto-upload\toko3\pin-button\PB-0000242.png,https://cdn.jsdelivr.net/gh/dennypa77/mass-upload@main/foto-upload/toko3/pin-button/PB-0000242.png,1177762
Hangs on You,toko3,PIN BUTTON,PB-0000243,varian,E:\Project\Mass upload shopee\foto-upload\toko3\pin-button\PB-0000243.png,https://cdn.jsdelivr.net/gh/dennypa77/mass-upload@main/foto-upload/toko3/pin-button/PB-0000243.png,1296906
Hangs on You,toko3,PIN BUTTON,PB-0000244,varian,E:\Project\Mass upload shopee\foto-upload\toko3\pin-button\PB-0000244.png,https://cdn.jsdelivr.net/gh/dennypa77/mass-upload@main/foto-upload/toko3/pin-button/PB-0000244.png,1492238
Hangs on You,toko3,PIN BUTTON,PB-0000245,varian,E:\Project\Mass upload shopee\foto-upload\toko3\pin-button\PB-0000245.png,https://cdn.jsdelivr.net/gh/dennypa77/mass-upload@main/foto-upload/toko3/pin-button/PB-0000245.png,1122291
Hangs on You,toko3,PIN BUTTON,PB-0000246,varian,E:\Project\Mass upload shopee\foto-upload\toko3\pin-button\PB-0000246.png,https://cdn.jsdelivr.net/gh/dennypa77/mass-upload@main/foto-upload/toko3/pin-button/PB-0000246.png,1260260
Hangs on You,toko3,PIN BUTTON,PB-0000247,varian,E:\Project\Mass upload shopee\foto-upload\toko3\pin-button\PB-0000247.png,https://cdn.jsdelivr.net/gh/dennypa77/mass-upload@main/foto-upload/toko3/pin-button/PB-0000247.png,1214320
Hangs on You,toko3,PIN BUTTON,PB-0000248,varian,E:\Project\Mass upload shopee\foto-upload\toko3\pin-button\PB-0000248.png,https://cdn.jsdelivr.net/gh/dennypa77/mass-upload@main/foto-upload/toko3/pin-button/PB-0000248.png,1278366
Hangs on You,toko3,PIN BUTTON,PB-0000249,varian,E:\Project\Mass upload shopee\foto-upload\toko3\pin-button\PB-0000249.png,https://cdn.jsdelivr.net/gh/dennypa77/mass-upload@main/foto-upload/toko3/pin-button/PB-0000249.png,1360840
Hangs on You,toko3,PIN BUTTON,PB-BLACKPINK-UTAMA1,utama,E:\Project\Mass upload shopee\foto-upload\toko3\pin-button\PB-BLACKPINK-utama1.png,https://cdn.jsdelivr.net/gh/dennypa77/mass-upload@main/foto-upload/toko3/pin-button/PB-BLACKPINK-utama1.png,1605955
Hangs on You,toko3,PIN BUTTON,PB-BLACKPINK-UTAMA2,utama,E:\Project\Mass upload shopee\foto-upload\toko3\pin-button\PB-BLACKPINK-utama2.png,https://cdn.jsdelivr.net/gh/dennypa77/mass-upload@main/foto-upload/toko3/pin-button/PB-BLACKPINK-utama2.png,862433
Hangs on You,toko3,PIN BUTTON,PB-BLACKPINK-UTAMA3,utama,E:\Project\Mass upload shopee\foto-upload\toko3\pin-button\PB-BLACKPINK-utama3.png,https://cdn.jsdelivr.net/gh/dennypa77/mass-upload@main/foto-upload/toko3/pin-button/PB-BLACKPINK-utama3.png,1665439
Hangs on You,toko3,PIN BUTTON,PB-BTS-UTAMA1,utama,E:\Project\Mass upload shopee\foto-upload\toko3\pin-button\PB-BTS-utama1.png,https://cdn.jsdelivr.net/gh/dennypa77/mass-upload@main/foto-upload/toko3/pin-button/PB-BTS-utama1.png,2075521
Hangs on You,toko3,PIN BUTTON,PB-BTS-UTAMA2,utama,E:\Project\Mass upload shopee\foto-upload\toko3\pin-button\PB-BTS-utama2.png,https://cdn.jsdelivr.net/gh/dennypa77/mass-upload@main/foto-upload/toko3/pin-button/PB-BTS-utama2.png,844110
Hangs on You,toko3,PIN BUTTON,PB-BTS-UTAMA3,utama,E:\Project\Mass upload shopee\foto-upload\toko3\pin-button\PB-BTS-utama3.png,https://cdn.jsdelivr.net/gh/dennypa77/mass-upload@main/foto-upload/toko3/pin-button/PB-BTS-utama3.png,1596751
Hangs on You,toko3,PIN BUTTON,PB-CORTIS-UTAMA1,utama,E:\Project\Mass upload shopee\foto-upload\toko3\pin-button\PB-CORTIS-utama1.png,https://cdn.jsdelivr.net/gh/dennypa77/mass-upload@main/foto-upload/toko3/pin-button/PB-CORTIS-utama1.png,1668391
Hangs on You,toko3,PIN BUTTON,PB-CORTIS-UTAMA2,utama,E:\Project\Mass upload shopee\foto-upload\toko3\pin-button\PB-CORTIS-utama2.png,https://cdn.jsdelivr.net/gh/dennypa77/mass-upload@main/foto-upload/toko3/pin-button/PB-CORTIS-utama2.png,1424732
Hangs on You,toko3,PIN BUTTON,PB-CORTIS-UTAMA3,utama,E:\Project\Mass upload shopee\foto-upload\toko3\pin-button\PB-CORTIS-utama3.png,https://cdn.jsdelivr.net/gh/dennypa77/mass-upload@main/foto-upload/toko3/pin-button/PB-CORTIS-utama3.png,1200239
Hangs on You,toko3,PIN BUTTON,PB-HEARTS2HEARTS-UTAMA1,utama,E:\Project\Mass upload shopee\foto-upload\toko3\pin-button\PB-HEARTS2HEARTS-utama1.png,https://cdn.jsdelivr.net/gh/dennypa77/mass-upload@main/foto-upload/toko3/pin-button/PB-HEARTS2HEARTS-utama1.png,1600496
Hangs on You,toko3,PIN BUTTON,PB-HEARTS2HEARTS-UTAMA2,utama,E:\Project\Mass upload shopee\foto-upload\toko3\pin-button\PB-HEARTS2HEARTS-utama2.png,https://cdn.jsdelivr.net/gh/dennypa77/mass-upload@main/foto-upload/toko3/pin-button/PB-HEARTS2HEARTS-utama2.png,855945
Hangs on You,toko3,PIN BUTTON,PB-HEARTS2HEARTS-UTAMA3,utama,E:\Project\Mass upload shopee\foto-upload\toko3\pin-button\PB-HEARTS2HEARTS-utama3.png,https://cdn.jsdelivr.net/gh/dennypa77/mass-upload@main/foto-upload/toko3/pin-button/PB-HEARTS2HEARTS-utama3.png,1214177
