nama_toko,folder_toko,jenis,kunci,tipe,file_lokal,url,ukuran_byte
Hangs on You,toko3,JIBBITZ,JB-0000001,varian,E:\Project\Mass upload shopee\foto-upload\toko3\jibbitz\JB-0000001.png,https://cdn.jsdelivr.net/gh/dennypa77/mass-upload@main/foto-upload/toko3/jibbitz/JB-0000001.png,332236
Hangs on You,toko3,JIBBITZ,JB-0000002,varian,E:\Project\Mass upload shopee\foto-upload\toko3\jibbitz\JB-0000002.png,https://cdn.jsdelivr.net/gh/dennypa77/mass-upload@main/foto-upload/toko3/jibbitz/JB-0000002.png,299417
Hangs on You,toko3,JIBBITZ,JB-0000003,varian,E:\Project\Mass upload shopee\foto-upload\toko3\jibbitz\JB-0000003.png,https://cdn.jsdelivr.net/gh/dennypa77/mass-upload@main/foto-upload/toko3/jibbitz/JB-0000003.png,300403
Hangs on You,toko3,JIBBITZ,JB-0000004,varian,E:\Project\Mass upload shopee\foto-upload\toko3\jibbitz\JB-0000004.png,https://cdn.jsdelivr.net/gh/dennypa77/mass-upload@main/foto-upload/toko3/jibbitz/JB-0000004.png,289355
Hangs on You,toko3,JIBBITZ,JB-0000005,varian,E:\Project\Mass upload shopee\foto-upload\toko3\jibbitz\JB-0000005.png,https://cdn.jsdelivr.net/gh/dennypa77/mass-upload@main/foto-upload/toko3/jibbitz/JB-0000005.png,316050
Hangs on You,toko3,JIBBITZ,JB-0000006,varian,E:\Project\Mass upload shopee\foto-upload\toko3\jibbitz\JB-0000006.png,https://cdn.jsdelivr.net/gh/dennypa77/mass-upload@main/foto-upload/toko3/jibbitz/JB-0000006.png,249699
Hangs on You,toko3,JIBBITZ,JB-0000007,varian,E:\Project\Mass upload shopee\foto-upload\toko3\jibbitz\JB-0000007.png,https://cdn.jsdelivr.net/gh/dennypa77/mass-upload@main/foto-upload/toko3/jibbitz/JB-0000007.png,306933
Hangs on You,toko3,JIBBITZ,JB-0000008,varian,E:\Project\Mass upload shopee\foto-upload\toko3\jibbitz\JB-0000008.png,https://cdn.jsdelivr.net/gh/dennypa77/mass-upload@main/foto-upload/toko3/jibbitz/JB-0000008.png,301481
Hangs on You,toko3,JIBBITZ,JB-0000009,varian,E:\Project\Mass upload shopee\foto-upload\toko3\jibbitz\JB-0000009.png,https://cdn.jsdelivr.net/gh/dennypa77/mass-upload@main/foto-upload/toko3/jibbitz/JB-0000009.png,280756
Hangs on You,toko3,JIBBITZ,JB-0000010,varian,E:\Project\Mass upload shopee\foto-upload\toko3\jibbitz\JB-0000010.png,https://cdn.jsdelivr.net/gh/dennypa77/mass-upload@main/foto-upload/toko3/jibbitz/JB-0000010.png,297967
Hangs on You,toko3,JIBBITZ,JB-0000011,varian,E:\Project\Mass upload shopee\foto-upload\toko3\jibbitz\JB-0000011.png,https://cdn.jsdelivr.net/gh/dennypa77/mass-upload@main/foto-upload/toko3/jibbitz/JB-0000011.png,263819
Hangs on You,toko3,JIBBITZ,JB-0000012,varian,E:\Project\Mass upload shopee\foto-upload\toko3\jibbitz\JB-0000012.png,https://cdn.jsdelivr.net/gh/dennypa77/mass-upload@main/foto-upload/toko3/jibbitz/JB-0000012.png,237606
Hangs on You,toko3,JIBBITZ,JB-0000013,varian,E:\Project\Mass upload shopee\foto-upload\toko3\jibbitz\JB-0000013.png,https://cdn.jsdelivr.net/gh/dennypa77/mass-upload@main/foto-upload/toko3/jibbitz/JB-0000013.png,281255
Hangs on You,toko3,JIBBITZ,JB-0000014,varian,E:\Project\Mass upload shopee\foto-upload\toko3\jibbitz\JB-0000014.png,https://cdn.jsdelivr.net/gh/dennypa77/mass-upload@main/foto-upload/toko3/jibbitz/JB-0000014.png,229323
Hangs on You,toko3,JIBBITZ,JB-0000015,varian,E:\Project\Mass upload shopee\foto-upload\toko3\jibbitz\JB-0000015.png,https://cdn.jsdelivr.net/gh/dennypa77/mass-upload@main/foto-upload/toko3/jibbitz/JB-0000015.png,272901
Hangs on You,toko3,JIBBITZ,JB-0000016,varian,E:\Project\Mass upload shopee\foto-upload\toko3\jibbitz\JB-0000016.png,https://cdn.jsdelivr.net/gh/dennypa77/mass-upload@main/foto-upload/toko3/jibbitz/JB-0000016.png,283259
Hangs on You,toko3,JIBBITZ,JB-0000017,varian,E:\Project\Mass upload shopee\foto-upload\toko3\jibbitz\JB-0000017.png,https://cdn.jsdelivr.net/gh/dennypa77/mass-upload@main/foto-upload/toko3/jibbitz/JB-0000017.png,253586
Hangs on You,toko3,JIBBITZ,JB-0000018,varian,E:\Project\Mass upload shopee\foto-upload\toko3\jibbitz\JB-0000018.png,https://cdn.jsdelivr.net/gh/dennypa77/mass-upload@main/foto-upload/toko3/jibbitz/JB-0000018.png,279174
Hangs on You,toko3,JIBBITZ,JB-0000019,varian,E:\Project\Mass upload shopee\foto-upload\toko3\jibbitz\JB-0000019.png,https://cdn.jsdelivr.net/gh/dennypa77/mass-upload@main/foto-upload/toko3/jibbitz/JB-0000019.png,240855
Hangs on You,toko3,JIBBITZ,JB-0000020,varian,E:\Project\Mass upload shopee\foto-upload\toko3\jibbitz\JB-0000020.png,https://cdn.jsdelivr.net/gh/dennypa77/mass-upload@main/foto-upload/toko3/jibbitz/JB-0000020.png,283519
Hangs on You,toko3,JIBBITZ,JB-0000021,varian,E:\Project\Mass upload shopee\foto-upload\toko3\jibbitz\JB-0000021.png,https://cdn.jsdelivr.net/gh/dennypa77/mass-upload@main/foto-upload/toko3/jibbitz/JB-0000021.png,276780
Hangs on You,toko3,JIBBITZ,JB-0000022,varian,E:\Project\Mass upload shopee\foto-upload\toko3\jibbitz\JB-0000022.png,https://cdn.jsdelivr.net/gh/dennypa77/mass-upload@main/foto-upload/toko3/jibbitz/JB-0000022.png,325640
Hangs on You,toko3,JIBBITZ,JB-0000023,varian,E:\Project\Mass upload shopee\foto-upload\toko3\jibbitz\JB-0000023.png,https://cdn.jsdelivr.net/gh/dennypa77/mass-upload@main/foto-upload/toko3/jibbitz/JB-0000023.png,272148
Hangs on You,toko3,JIBBITZ,JB-0000024,varian,E:\Project\Mass upload shopee\foto-upload\toko3\jibbitz\JB-0000024.png,https://cdn.jsdelivr.net/gh/dennypa77/mass-upload@main/foto-upload/toko3/jibbitz/JB-0000024.png,311177
Hangs on You,toko3,JIBBITZ,JB-0000025,varian,E:\Project\Mass upload shopee\foto-upload\toko3\jibbitz\JB-0000025.png,https://cdn.jsdelivr.net/gh/dennypa77/mass-upload@main/foto-upload/toko3/jibbitz/JB-0000025.png,306003
Hangs on You,toko3,JIBBITZ,JB-0000026,varian,E:\Project\Mass upload shopee\foto-upload\toko3\jibbitz\JB-0000026.png,https://cdn.jsdelivr.net/gh/dennypa77/mass-upload@main/foto-upload/toko3/jibbitz/JB-0000026.png,255246
Hangs on You,toko3,JIBBITZ,JB-0000027,varian,E:\Project\Mass upload shopee\foto-upload\toko3\jibbitz\JB-0000027.png,https://cdn.jsdelivr.net/gh/dennypa77/mass-upload@main/foto-upload/toko3/jibbitz/JB-0000027.png,267494
Hangs on You,toko3,JIBBITZ,JB-0000028,varian,E:\Project\Mass upload shopee\foto-upload\toko3\jibbitz\JB-0000028.png,https://cdn.jsdelivr.net/gh/dennypa77/mass-upload@main/foto-upload/toko3/jibbitz/JB-0000028.png,291458
Hangs on You,toko3,JIBBITZ,JB-0000029,varian,E:\Project\Mass upload shopee\foto-upload\toko3\jibbitz\JB-0000029.png,https://cdn.jsdelivr.net/gh/dennypa77/mass-upload@main/foto-upload/toko3/jibbitz/JB-0000029.png,292906
Hangs on You,toko3,JIBBITZ,JB-0000030,varian,E:\Project\Mass upload shopee\foto-upload\toko3\jibbitz\JB-0000030.png,https://cdn.jsdelivr.net/gh/dennypa77/mass-upload@main/foto-upload/toko3/jibbitz/JB-0000030.png,296629
Hangs on You,toko3,JIBBITZ,JB-0000031,varian,E:\Project\Mass upload shopee\foto-upload\toko3\jibbitz\JB-0000031.png,https://cdn.jsdelivr.net/gh/dennypa77/mass-upload@main/foto-upload/toko3/jibbitz/JB-0000031.png,248152
Hangs on You,toko3,JIBBITZ,JB-0000032,varian,E:\Project\Mass upload shopee\foto-upload\toko3\jibbitz\JB-0000032.png,https://cdn.jsdelivr.net/gh/dennypa77/mass-upload@main/foto-upload/toko3/jibbitz/JB-0000032.png,284340
Hangs on You,toko3,JIBBITZ,JB-0000033,varian,E:\Project\Mass upload shopee\foto-upload\toko3\jibbitz\JB-0000033.png,https://cdn.jsdelivr.net/gh/dennypa77/mass-upload@main/foto-upload/toko3/jibbitz/JB-0000033.png,305178
Hangs on You,toko3,JIBBITZ,JB-0000034,varian,E:\Project\Mass upload shopee\foto-upload\toko3\jibbitz\JB-0000034.png,https://cdn.jsdelivr.net/gh/dennypa77/mass-upload@main/foto-upload/toko3/jibbitz/JB-0000034.png,216529
Hangs on You,toko3,JIBBITZ,JB-0000035,varian,E:\Project\Mass upload shopee\foto-upload\toko3\jibbitz\JB-0000035.png,https://cdn.jsdelivr.net/gh/dennypa77/mass-upload@main/foto-upload/toko3/jibbitz/JB-0000035.png,262732
Hangs on You,toko3,JIBBITZ,JB-0000036,varian,E:\Project\Mass upload shopee\foto-upload\toko3\jibbitz\JB-0000036.png,https://cdn.jsdelivr.net/gh/dennypa77/mass-upload@main/foto-upload/toko3/jibbitz/JB-0000036.png,253719
Hangs on You,toko3,JIBBITZ,JB-0000037,varian,E:\Project\Mass upload shopee\foto-upload\toko3\jibbitz\JB-0000037.png,https://cdn.jsdelivr.net/gh/dennypa77/mass-upload@main/foto-upload/toko3/jibbitz/JB-0000037.png,275474
Hangs on You,toko3,JIBBITZ,JB-0000038,varian,E:\Project\Mass upload shopee\foto-upload\toko3\jibbitz\JB-0000038.png,https://cdn.jsdelivr.net/gh/dennypa77/mass-upload@main/foto-upload/toko3/jibbitz/JB-0000038.png,249647
Hangs on You,toko3,JIBBITZ,JB-0000039,varian,E:\Project\Mass upload shopee\foto-upload\toko3\jibbitz\JB-0000039.png,https://cdn.jsdelivr.net/gh/dennypa77/mass-upload@main/foto-upload/toko3/jibbitz/JB-0000039.png,262278
Hangs on You,toko3,JIBBITZ,JB-0000040,varian,E:\Project\Mass upload shopee\foto-upload\toko3\jibbitz\JB-0000040.png,https://cdn.jsdelivr.net/gh/dennypa77/mass-upload@main/foto-upload/toko3/jibbitz/JB-0000040.png,250597
Hangs on You,toko3,JIBBITZ,JB-0000041,varian,E:\Project\Mass upload shopee\foto-upload\toko3\jibbitz\JB-0000041.png,https://cdn.jsdelivr.net/gh/dennypa77/mass-upload@main/foto-upload/toko3/jibbitz/JB-0000041.png,276298
Hangs on You,toko3,JIBBITZ,JB-0000042,varian,E:\Project\Mass upload shopee\foto-upload\toko3\jibbitz\JB-0000042.png,https://cdn.jsdelivr.net/gh/dennypa77/mass-upload@main/foto-upload/toko3/jibbitz/JB-0000042.png,279472
Hangs on You,toko3,JIBBITZ,JB-0000043,varian,E:\Project\Mass upload shopee\foto-upload\toko3\jibbitz\JB-0000043.png,https://cdn.jsdelivr.net/gh/dennypa77/mass-upload@main/foto-upload/toko3/jibbitz/JB-0000043.png,280685
Hangs on You,toko3,JIBBITZ,JB-0000044,varian,E:\Project\Mass upload shopee\foto-upload\toko3\jibbitz\JB-0000044.png,https://cdn.jsdelivr.net/gh/dennypa77/mass-upload@main/foto-upload/toko3/jibbitz/JB-0000044.png,282917
Hangs on You,toko3,JIBBITZ,JB-0000045,varian,E:\Project\Mass upload shopee\foto-upload\toko3\jibbitz\JB-0000045.png,https://cdn.jsdelivr.net/gh/dennypa77/mass-upload@main/foto-upload/toko3/jibbitz/JB-0000045.png,285822
Hangs on You,toko3,JIBBITZ,JB-0000046,varian,E:\Project\Mass upload shopee\foto-upload\toko3\jibbitz\JB-0000046.png,https://cdn.jsdelivr.net/gh/dennypa77/mass-upload@main/foto-upload/toko3/jibbitz/JB-0000046.png,241631
Hangs on You,toko3,JIBBITZ,JB-0000047,varian,E:\Project\Mass upload shopee\foto-upload\toko3\jibbitz\JB-0000047.png,https://cdn.jsdelivr.net/gh/dennypa77/mass-upload@main/foto-upload/toko3/jibbitz/JB-0000047.png,218891
Hangs on You,toko3,JIBBITZ,JB-0000048,varian,E:\Project\Mass upload shopee\foto-upload\toko3\jibbitz\JB-0000048.png,https://cdn.jsdelivr.net/gh/dennypa77/mass-upload@main/foto-upload/toko3/jibbitz/JB-0000048.png,255366
Hangs on You,toko3,JIBBITZ,JB-0000049,varian,E:\Project\Mass upload shopee\foto-upload\toko3\jibbitz\JB-0000049.png,https://cdn.jsdelivr.net/gh/dennypa77/mass-upload@main/foto-upload/toko3/jibbitz/JB-0000049.png,230542
Hangs on You,toko3,JIBBITZ,JB-0000050,varian,E:\Project\Mass upload shopee\foto-upload\toko3\jibbitz\JB-0000050.png,https://cdn.jsdelivr.net/gh/dennypa77/mass-upload@main/foto-upload/toko3/jibbitz/JB-0000050.png,233022
Hangs on You,toko3,JIBBITZ,JB-0000051,varian,E:\Project\Mass upload shopee\foto-upload\toko3\jibbitz\JB-0000051.png,https://cdn.jsdelivr.net/gh/dennypa77/mass-upload@main/foto-upload/toko3/jibbitz/JB-0000051.png,290488
Hangs on You,toko3,JIBBITZ,JB-0000052,varian,E:\Project\Mass upload shopee\foto-upload\toko3\jibbitz\JB-0000052.png,https://cdn.jsdelivr.net/gh/dennypa77/mass-upload@main/foto-upload/toko3/jibbitz/JB-0000052.png,306192
Hangs on You,toko3,JIBBITZ,JB-0000053,varian,E:\Project\Mass upload shopee\foto-upload\toko3\jibbitz\JB-0000053.png,https://cdn.jsdelivr.net/gh/dennypa77/mass-upload@main/foto-upload/toko3/jibbitz/JB-0000053.png,319299
Hangs on You,toko3,JIBBITZ,JB-0000054,varian,E:\Project\Mass upload shopee\foto-upload\toko3\jibbitz\JB-0000054.png,https://cdn.jsdelivr.net/gh/dennypa77/mass-upload@main/foto-upload/toko3/jibbitz/JB-0000054.png,290060
Hangs on You,toko3,JIBBITZ,JB-0000055,varian,E:\Project\Mass upload shopee\foto-upload\toko3\jibbitz\JB-0000055.png,https://cdn.jsdelivr.net/gh/dennypa77/mass-upload@main/foto-upload/toko3/jibbitz/JB-0000055.png,308864
Hangs on You,toko3,JIBBITZ,JB-0000056,varian,E:\Project\Mass upload shopee\foto-upload\toko3\jibbitz\JB-0000056.png,https://cdn.jsdelivr.net/gh/dennypa77/mass-upload@main/foto-upload/toko3/jibbitz/JB-0000056.png,308706
Hangs on You,toko3,JIBBITZ,JB-0000057,varian,E:\Project\Mass upload shopee\foto-upload\toko3\jibbitz\JB-0000057.png,https://cdn.jsdelivr.net/gh/dennypa77/mass-upload@main/foto-upload/toko3/jibbitz/JB-0000057.png,313546
Hangs on You,toko3,JIBBITZ,JB-0000058,varian,E:\Project\Mass upload shopee\foto-upload\toko3\jibbitz\JB-0000058.png,https://cdn.jsdelivr.net/gh/dennypa77/mass-upload@main/foto-upload/toko3/jibbitz/JB-0000058.png,247576
Hangs on You,toko3,JIBBITZ,JB-0000059,varian,E:\Project\Mass upload shopee\foto-upload\toko3\jibbitz\JB-0000059.png,https://cdn.jsdelivr.net/gh/dennypa77/mass-upload@main/foto-upload/toko3/jibbitz/JB-0000059.png,254651
Hangs on You,toko3,JIBBITZ,JB-0000060,varian,E:\Project\Mass upload shopee\foto-upload\toko3\jibbitz\JB-0000060.png,https://cdn.jsdelivr.net/gh/dennypa77/mass-upload@main/foto-upload/toko3/jibbitz/JB-0000060.png,253762
Hangs on You,toko3,JIBBITZ,JB-0000061,varian,E:\Project\Mass upload shopee\foto-upload\toko3\jibbitz\JB-0000061.png,https://cdn.jsdelivr.net/gh/dennypa77/mass-upload@main/foto-upload/toko3/jibbitz/JB-0000061.png,279548
Hangs on You,toko3,JIBBITZ,JB-0000062,varian,E:\Project\Mass upload shopee\foto-upload\toko3\jibbitz\JB-0000062.png,https://cdn.jsdelivr.net/gh/dennypa77/mass-upload@main/foto-upload/toko3/jibbitz/JB-0000062.png,259114
Hangs on You,toko3,JIBBITZ,JB-0000063,varian,E:\Project\Mass upload shopee\foto-upload\toko3\jibbitz\JB-0000063.png,https://cdn.jsdelivr.net/gh/dennypa77/mass-upload@main/foto-upload/toko3/jibbitz/JB-0000063.png,261995
Hangs on You,toko3,JIBBITZ,JB-0000064,varian,E:\Project\Mass upload shopee\foto-upload\toko3\jibbitz\JB-0000064.png,https://cdn.jsdelivr.net/gh/dennypa77/mass-upload@main/foto-upload/toko3/jibbitz/JB-0000064.png,268764
Hangs on You,toko3,JIBBITZ,JB-0000065,varian,E:\Project\Mass upload shopee\foto-upload\toko3\jibbitz\JB-0000065.png,https://cdn.jsdelivr.net/gh/dennypa77/mass-upload@main/foto-upload/toko3/jibbitz/JB-0000065.png,210320
Hangs on You,toko3,JIBBITZ,JB-0000066,varian,E:\Project\Mass upload shopee\foto-upload\toko3\jibbitz\JB-0000066.png,https://cdn.jsdelivr.net/gh/dennypa77/mass-upload@main/foto-upload/toko3/jibbitz/JB-0000066.png,220818
Hangs on You,toko3,JIBBITZ,JB-0000067,varian,E:\Project\Mass upload shopee\foto-upload\toko3\jibbitz\JB-0000067.png,https://cdn.jsdelivr.net/gh/dennypa77/mass-upload@main/foto-upload/toko3/jibbitz/JB-0000067.png,225723
Hangs on You,toko3,JIBBITZ,JB-0000068,varian,E:\Project\Mass upload shopee\foto-upload\toko3\jibbitz\JB-0000068.png,https://cdn.jsdelivr.net/gh/dennypa77/mass-upload@main/foto-upload/toko3/jibbitz/JB-0000068.png,216979
Hangs on You,toko3,JIBBITZ,JB-0000069,varian,E:\Project\Mass upload shopee\foto-upload\toko3\jibbitz\JB-0000069.png,https://cdn.jsdelivr.net/gh/dennypa77/mass-upload@main/foto-upload/toko3/jibbitz/JB-0000069.png,224152
Hangs on You,toko3,JIBBITZ,JB-0000070,varian,E:\Project\Mass upload shopee\foto-upload\toko3\jibbitz\JB-0000070.png,https://cdn.jsdelivr.net/gh/dennypa77/mass-upload@main/foto-upload/toko3/jibbitz/JB-0000070.png,227802
Hangs on You,toko3,JIBBITZ,JB-0000071,varian,E:\Project\Mass upload shopee\foto-upload\toko3\jibbitz\JB-0000071.png,https://cdn.jsdelivr.net/gh/dennypa77/mass-upload@main/foto-upload/toko3/jibbitz/JB-0000071.png,215669
Hangs on You,toko3,JIBBITZ,JB-0000072,varian,E:\Project\Mass upload shopee\foto-upload\toko3\jibbitz\JB-0000072.png,https://cdn.jsdelivr.net/gh/dennypa77/mass-upload@main/foto-upload/toko3/jibbitz/JB-0000072.png,209222
Hangs on You,toko3,JIBBITZ,JB-0000073,varian,E:\Project\Mass upload shopee\foto-upload\toko3\jibbitz\JB-0000073.png,https://cdn.jsdelivr.net/gh/dennypa77/mass-upload@main/foto-upload/toko3/jibbitz/JB-0000073.png,201334
Hangs on You,toko3,JIBBITZ,JB-0000074,varian,E:\Project\Mass upload shopee\foto-upload\toko3\jibbitz\JB-0000074.png,https://cdn.jsdelivr.net/gh/dennypa77/mass-upload@main/foto-upload/toko3/jibbitz/JB-0000074.png,203170
Hangs on You,toko3,JIBBITZ,JB-0000075,varian,E:\Project\Mass upload shopee\foto-upload\toko3\jibbitz\JB-0000075.png,https://cdn.jsdelivr.net/gh/dennypa77/mass-upload@main/foto-upload/toko3/jibbitz/JB-0000075.png,211372
Hangs on You,toko3,JIBBITZ,JB-0000076,varian,E:\Project\Mass upload shopee\foto-upload\toko3\jibbitz\JB-0000076.png,https://cdn.jsdelivr.net/gh/dennypa77/mass-upload@main/foto-upload/toko3/jibbitz/JB-0000076.png,202498
Hangs on You,toko3,JIBBITZ,JB-0000077,varian,E:\Project\Mass upload shopee\foto-upload\toko3\jibbitz\JB-0000077.png,https://cdn.jsdelivr.net/gh/dennypa77/mass-upload@main/foto-upload/toko3/jibbitz/JB-0000077.png,205650
Hangs on You,toko3,JIBBITZ,JB-0000078,varian,E:\Project\Mass upload shopee\foto-upload\toko3\jibbitz\JB-0000078.png,https://cdn.jsdelivr.net/gh/dennypa77/mass-upload@main/foto-upload/toko3/jibbitz/JB-0000078.png,210403
Hangs on You,toko3,JIBBITZ,JB-0000079,varian,E:\Project\Mass upload shopee\foto-upload\toko3\jibbitz\JB-0000079.png,https://cdn.jsdelivr.net/gh/dennypa77/mass-upload@main/foto-upload/toko3/jibbitz/JB-0000079.png,263326
Hangs on You,toko3,JIBBITZ,JB-0000080,varian,E:\Project\Mass upload shopee\foto-upload\toko3\jibbitz\JB-0000080.png,https://cdn.jsdelivr.net/gh/dennypa77/mass-upload@main/foto-upload/toko3/jibbitz/JB-0000080.png,279312
Hangs on You,toko3,JIBBITZ,JB-0000081,varian,E:\Project\Mass upload shopee\foto-upload\toko3\jibbitz\JB-0000081.png,https://cdn.jsdelivr.net/gh/dennypa77/mass-upload@main/foto-upload/toko3/jibbitz/JB-0000081.png,329749
Hangs on You,toko3,JIBBITZ,JB-0000082,varian,E:\Project\Mass upload shopee\foto-upload\toko3\jibbitz\JB-0000082.png,https://cdn.jsdelivr.net/gh/dennypa77/mass-upload@main/foto-upload/toko3/jibbitz/JB-0000082.png,296517
Hangs on You,toko3,JIBBITZ,JB-0000083,varian,E:\Project\Mass upload shopee\foto-upload\toko3\jibbitz\JB-0000083.png,https://cdn.jsdelivr.net/gh/dennypa77/mass-upload@main/foto-upload/toko3/jibbitz/JB-0000083.png,270360
Hangs on You,toko3,JIBBITZ,JB-0000084,varian,E:\Project\Mass upload shopee\foto-upload\toko3\jibbitz\JB-0000084.png,https://cdn.jsdelivr.net/gh/dennypa77/mass-upload@main/foto-upload/toko3/jibbitz/JB-0000084.png,281001
Hangs on You,toko3,JIBBITZ,JB-0000085,varian,E:\Project\Mass upload shopee\foto-upload\toko3\jibbitz\JB-0000085.png,https://cdn.jsdelivr.net/gh/dennypa77/mass-upload@main/foto-upload/toko3/jibbitz/JB-0000085.png,287713
Hangs on You,toko3,JIBBITZ,JB-0000086,varian,E:\Project\Mass upload shopee\foto-upload\toko3\jibbitz\JB-0000086.png,https://cdn.jsdelivr.net/gh/dennypa77/mass-upload@main/foto-upload/toko3/jibbitz/JB-0000086.png,303399
Hangs on You,toko3,JIBBITZ,JB-0000087,varian,E:\Project\Mass upload shopee\foto-upload\toko3\jibbitz\JB-0000087.png,https://cdn.jsdelivr.net/gh/dennypa77/mass-upload@main/foto-upload/toko3/jibbitz/JB-0000087.png,225313
Hangs on You,toko3,JIBBITZ,JB-0000088,varian,E:\Project\Mass upload shopee\foto-upload\toko3\jibbitz\JB-0000088.png,https://cdn.jsdelivr.net/gh/dennypa77/mass-upload@main/foto-upload/toko3/jibbitz/JB-0000088.png,259452
Hangs on You,toko3,JIBBITZ,JB-0000089,varian,E:\Project\Mass upload shopee\foto-upload\toko3\jibbitz\JB-0000089.png,https://cdn.jsdelivr.net/gh/dennypa77/mass-upload@main/foto-upload/toko3/jibbitz/JB-0000089.png,203613
Hangs on You,toko3,JIBBITZ,JB-0000090,varian,E:\Project\Mass upload shopee\foto-upload\toko3\jibbitz\JB-0000090.png,https://cdn.jsdelivr.net/gh/dennypa77/mass-upload@main/foto-upload/toko3/jibbitz/JB-0000090.png,251964
Hangs on You,toko3,JIBBITZ,JB-0000091,varian,E:\Project\Mass upload shopee\foto-upload\toko3\jibbitz\JB-0000091.png,https://cdn.jsdelivr.net/gh/dennypa77/mass-upload@main/foto-upload/toko3/jibbitz/JB-0000091.png,246568
Hangs on You,toko3,JIBBITZ,JB-0000092,varian,E:\Project\Mass upload shopee\foto-upload\toko3\jibbitz\JB-0000092.png,https://cdn.jsdelivr.net/gh/dennypa77/mass-upload@main/foto-upload/toko3/jibbitz/JB-0000092.png,253503
Hangs on You,toko3,JIBBITZ,JB-0000093,varian,E:\Project\Mass upload shopee\foto-upload\toko3\jibbitz\JB-0000093.png,https://cdn.jsdelivr.net/gh/dennypa77/mass-upload@main/foto-upload/toko3/jibbitz/JB-0000093.png,286395
Hangs on You,toko3,JIBBITZ,JB-0000094,varian,E:\Project\Mass upload shopee\foto-upload\toko3\jibbitz\JB-0000094.png,https://cdn.jsdelivr.net/gh/dennypa77/mass-upload@main/foto-upload/toko3/jibbitz/JB-0000094.png,296787
Hangs on You,toko3,JIBBITZ,JB-0000095,varian,E:\Project\Mass upload shopee\foto-upload\toko3\jibbitz\JB-0000095.png,https://cdn.jsdelivr.net/gh/dennypa77/mass-upload@main/foto-upload/toko3/jibbitz/JB-0000095.png,293630
Hangs on You,toko3,JIBBITZ,JB-0000096,varian,E:\Project\Mass upload shopee\foto-upload\toko3\jibbitz\JB-0000096.png,https://cdn.jsdelivr.net/gh/dennypa77/mass-upload@main/foto-upload/toko3/jibbitz/JB-0000096.png,267083
Hangs on You,toko3,JIBBITZ,JB-0000097,varian,E:\Project\Mass upload shopee\foto-upload\toko3\jibbitz\JB-0000097.png,https://cdn.jsdelivr.net/gh/dennypa77/mass-upload@main/foto-upload/toko3/jibbitz/JB-0000097.png,261008
Hangs on You,toko3,JIBBITZ,JB-0000098,varian,E:\Project\Mass upload shopee\foto-upload\toko3\jibbitz\JB-0000098.png,https://cdn.jsdelivr.net/gh/dennypa77/mass-upload@main/foto-upload/toko3/jibbitz/JB-0000098.png,281582
Hangs on You,toko3,JIBBITZ,JB-0000099,varian,E:\Project\Mass upload shopee\foto-upload\toko3\jibbitz\JB-0000099.png,https://cdn.jsdelivr.net/gh/dennypa77/mass-upload@main/foto-upload/toko3/jibbitz/JB-0000099.png,270144
Hangs on You,toko3,JIBBITZ,JB-0000100,varian,E:\Project\Mass upload shopee\foto-upload\toko3\jibbitz\JB-0000100.png,https://cdn.jsdelivr.net/gh/dennypa77/mass-upload@main/foto-upload/toko3/jibbitz/JB-0000100.png,290415
Hangs on You,toko3,JIBBITZ,JB-0000151,varian,E:\Project\Mass upload shopee\foto-upload\toko3\jibbitz\JB-0000151.png,https://cdn.jsdelivr.net/gh/dennypa77/mass-upload@main/foto-upload/toko3/jibbitz/JB-0000151.png,235535
Hangs on You,toko3,JIBBITZ,JB-0000152,varian,E:\Project\Mass upload shopee\foto-upload\toko3\jibbitz\JB-0000152.png,https://cdn.jsdelivr.net/gh/dennypa77/mass-upload@main/foto-upload/toko3/jibbitz/JB-0000152.png,270181
Hangs on You,toko3,JIBBITZ,JB-0000153,varian,E:\Project\Mass upload shopee\foto-upload\toko3\jibbitz\JB-0000153.png,https://cdn.jsdelivr.net/gh/dennypa77/mass-upload@main/foto-upload/toko3/jibbitz/JB-0000153.png,260735
Hangs on You,toko3,JIBBITZ,JB-0000154,varian,E:\Project\Mass upload shopee\foto-upload\toko3\jibbitz\JB-0000154.png,https://cdn.jsdelivr.net/gh/dennypa77/mass-upload@main/foto-upload/toko3/jibbitz/JB-0000154.png,262769
Hangs on You,toko3,JIBBITZ,JB-0000155,varian,E:\Project\Mass upload shopee\foto-upload\toko3\jibbitz\JB-0000155.png,https://cdn.jsdelivr.net/gh/dennypa77/mass-upload@main/foto-upload/toko3/jibbitz/JB-0000155.png,300689
Hangs on You,toko3,JIBBITZ,JB-0000156,varian,E:\Project\Mass upload shopee\foto-upload\toko3\jibbitz\JB-0000156.png,https://cdn.jsdelivr.net/gh/dennypa77/mass-upload@main/foto-upload/toko3/jibbitz/JB-0000156.png,274204
Hangs on You,toko3,JIBBITZ,JB-0000157,varian,E:\Project\Mass upload shopee\foto-upload\toko3\jibbitz\JB-0000157.png,https://cdn.jsdelivr.net/gh/dennypa77/mass-upload@main/foto-upload/toko3/jibbitz/JB-0000157.png,324284
Hangs on You,toko3,JIBBITZ,JB-0000158,varian,E:\Project\Mass upload shopee\foto-upload\toko3\jibbitz\JB-0000158.png,https://cdn.jsdelivr.net/gh/dennypa77/mass-upload@main/foto-upload/toko3/jibbitz/JB-0000158.png,292505
Hangs on You,toko3,JIBBITZ,JB-0000159,varian,E:\Project\Mass upload shopee\foto-upload\toko3\jibbitz\JB-0000159.png,https://cdn.jsdelivr.net/gh/dennypa77/mass-upload@main/foto-upload/toko3/jibbitz/JB-0000159.png,244933
Hangs on You,toko3,JIBBITZ,JB-0000160,varian,E:\Project\Mass upload shopee\foto-upload\toko3\jibbitz\JB-0000160.png,https://cdn.jsdelivr.net/gh/dennypa77/mass-upload@main/foto-upload/toko3/jibbitz/JB-0000160.png,279665
Hangs on You,toko3,JIBBITZ,JB-0000161,varian,E:\Project\Mass upload shopee\foto-upload\toko3\jibbitz\JB-0000161.png,https://cdn.jsdelivr.net/gh/dennypa77/mass-upload@main/foto-upload/toko3/jibbitz/JB-0000161.png,195275
Hangs on You,toko3,JIBBITZ,JB-0000162,varian,E:\Project\Mass upload shopee\foto-upload\toko3\jibbitz\JB-0000162.png,https://cdn.jsdelivr.net/gh/dennypa77/mass-upload@main/foto-upload/toko3/jibbitz/JB-0000162.png,287764
Hangs on You,toko3,JIBBITZ,JB-0000163,varian,E:\Project\Mass upload shopee\foto-upload\toko3\jibbitz\JB-0000163.png,https://cdn.jsdelivr.net/gh/dennypa77/mass-upload@main/foto-upload/toko3/jibbitz/JB-0000163.png,260156
Hangs on You,toko3,JIBBITZ,JB-0000164,varian,E:\Project\Mass upload shopee\foto-upload\toko3\jibbitz\JB-0000164.png,https://cdn.jsdelivr.net/gh/dennypa77/mass-upload@main/foto-upload/toko3/jibbitz/JB-0000164.png,319824
Hangs on You,toko3,JIBBITZ,JB-0000165,varian,E:\Project\Mass upload shopee\foto-upload\toko3\jibbitz\JB-0000165.png,https://cdn.jsdelivr.net/gh/dennypa77/mass-upload@main/foto-upload/toko3/jibbitz/JB-0000165.png,265731
Hangs on You,toko3,JIBBITZ,JB-0000166,varian,E:\Project\Mass upload shopee\foto-upload\toko3\jibbitz\JB-0000166.png,https://cdn.jsdelivr.net/gh/dennypa77/mass-upload@main/foto-upload/toko3/jibbitz/JB-0000166.png,302172
Hangs on You,toko3,JIBBITZ,JB-0000167,varian,E:\Project\Mass upload shopee\foto-upload\toko3\jibbitz\JB-0000167.png,https://cdn.jsdelivr.net/gh/dennypa77/mass-upload@main/foto-upload/toko3/jibbitz/JB-0000167.png,271657
Hangs on You,toko3,JIBBITZ,JB-0000168,varian,E:\Project\Mass upload shopee\foto-upload\toko3\jibbitz\JB-0000168.png,https://cdn.jsdelivr.net/gh/dennypa77/mass-upload@main/foto-upload/toko3/jibbitz/JB-0000168.png,296658
Hangs on You,toko3,JIBBITZ,JB-0000169,varian,E:\Project\Mass upload shopee\foto-upload\toko3\jibbitz\JB-0000169.png,https://cdn.jsdelivr.net/gh/dennypa77/mass-upload@main/foto-upload/toko3/jibbitz/JB-0000169.png,260746
Hangs on You,toko3,JIBBITZ,JB-0000170,varian,E:\Project\Mass upload shopee\foto-upload\toko3\jibbitz\JB-0000170.png,https://cdn.jsdelivr.net/gh/dennypa77/mass-upload@main/foto-upload/toko3/jibbitz/JB-0000170.png,246224
Hangs on You,toko3,JIBBITZ,JB-0000171,varian,E:\Project\Mass upload shopee\foto-upload\toko3\jibbitz\JB-0000171.png,https://cdn.jsdelivr.net/gh/dennypa77/mass-upload@main/foto-upload/toko3/jibbitz/JB-0000171.png,227562
Hangs on You,toko3,JIBBITZ,JB-0000172,varian,E:\Project\Mass upload shopee\foto-upload\toko3\jibbitz\JB-0000172.png,https://cdn.jsdelivr.net/gh/dennypa77/mass-upload@main/foto-upload/toko3/jibbitz/JB-0000172.png,228584
Hangs on You,toko3,JIBBITZ,JB-0000173,varian,E:\Project\Mass upload shopee\foto-upload\toko3\jibbitz\JB-0000173.png,https://cdn.jsdelivr.net/gh/dennypa77/mass-upload@main/foto-upload/toko3/jibbitz/JB-0000173.png,263714
Hangs on You,toko3,JIBBITZ,JB-0000174,varian,E:\Project\Mass upload shopee\foto-upload\toko3\jibbitz\JB-0000174.png,https://cdn.jsdelivr.net/gh/dennypa77/mass-upload@main/foto-upload/toko3/jibbitz/JB-0000174.png,251145
Hangs on You,toko3,JIBBITZ,JB-0000175,varian,E:\Project\Mass upload shopee\foto-upload\toko3\jibbitz\JB-0000175.png,https://cdn.jsdelivr.net/gh/dennypa77/mass-upload@main/foto-upload/toko3/jibbitz/JB-0000175.png,276414
Hangs on You,toko3,JIBBITZ,JB-0000176,varian,E:\Project\Mass upload shopee\foto-upload\toko3\jibbitz\JB-0000176.png,https://cdn.jsdelivr.net/gh/dennypa77/mass-upload@main/foto-upload/toko3/jibbitz/JB-0000176.png,272534
Hangs on You,toko3,JIBBITZ,JB-0000177,varian,E:\Project\Mass upload shopee\foto-upload\toko3\jibbitz\JB-0000177.png,https://cdn.jsdelivr.net/gh/dennypa77/mass-upload@main/foto-upload/toko3/jibbitz/JB-0000177.png,263579
Hangs on You,toko3,JIBBITZ,JB-0000178,varian,E:\Project\Mass upload shopee\foto-upload\toko3\jibbitz\JB-0000178.png,https://cdn.jsdelivr.net/gh/dennypa77/mass-upload@main/foto-upload/toko3/jibbitz/JB-0000178.png,257761
Hangs on You,toko3,JIBBITZ,JB-0000179,varian,E:\Project\Mass upload shopee\foto-upload\toko3\jibbitz\JB-0000179.png,https://cdn.jsdelivr.net/gh/dennypa77/mass-upload@main/foto-upload/toko3/jibbitz/JB-0000179.png,310868
Hangs on You,toko3,JIBBITZ,JB-0000180,varian,E:\Project\Mass upload shopee\foto-upload\toko3\jibbitz\JB-0000180.png,https://cdn.jsdelivr.net/gh/dennypa77/mass-upload@main/foto-upload/toko3/jibbitz/JB-0000180.png,301727
Hangs on You,toko3,JIBBITZ,JB-0000181,varian,E:\Project\Mass upload shopee\foto-upload\toko3\jibbitz\JB-0000181.png,https://cdn.jsdelivr.net/gh/dennypa77/mass-upload@main/foto-upload/toko3/jibbitz/JB-0000181.png,218819
Hangs on You,toko3,JIBBITZ,JB-0000182,varian,E:\Project\Mass upload shopee\foto-upload\toko3\jibbitz\JB-0000182.png,https://cdn.jsdelivr.net/gh/dennypa77/mass-upload@main/foto-upload/toko3/jibbitz/JB-0000182.png,297948
Hangs on You,toko3,JIBBITZ,JB-0000183,varian,E:\Project\Mass upload shopee\foto-upload\toko3\jibbitz\JB-0000183.png,https://cdn.jsdelivr.net/gh/dennypa77/mass-upload@main/foto-upload/toko3/jibbitz/JB-0000183.png,269930
Hangs on You,toko3,JIBBITZ,JB-0000184,varian,E:\Project\Mass upload shopee\foto-upload\toko3\jibbitz\JB-0000184.png,https://cdn.jsdelivr.net/gh/dennypa77/mass-upload@main/foto-upload/toko3/jibbitz/JB-0000184.png,255454
Hangs on You,toko3,JIBBITZ,JB-0000185,varian,E:\Project\Mass upload shopee\foto-upload\toko3\jibbitz\JB-0000185.png,https://cdn.jsdelivr.net/gh/dennypa77/mass-upload@main/foto-upload/toko3/jibbitz/JB-0000185.png,246364
Hangs on You,toko3,JIBBITZ,JB-0000186,varian,E:\Project\Mass upload shopee\foto-upload\toko3\jibbitz\JB-0000186.png,https://cdn.jsdelivr.net/gh/dennypa77/mass-upload@main/foto-upload/toko3/jibbitz/JB-0000186.png,249174
Hangs on You,toko3,JIBBITZ,JB-0000187,varian,E:\Project\Mass upload shopee\foto-upload\toko3\jibbitz\JB-0000187.png,https://cdn.jsdelivr.net/gh/dennypa77/mass-upload@main/foto-upload/toko3/jibbitz/JB-0000187.png,249615
Hangs on You,toko3,JIBBITZ,JB-0000188,varian,E:\Project\Mass upload shopee\foto-upload\toko3\jibbitz\JB-0000188.png,https://cdn.jsdelivr.net/gh/dennypa77/mass-upload@main/foto-upload/toko3/jibbitz/JB-0000188.png,324845
Hangs on You,toko3,JIBBITZ,JB-0000189,varian,E:\Project\Mass upload shopee\foto-upload\toko3\jibbitz\JB-0000189.png,https://cdn.jsdelivr.net/gh/dennypa77/mass-upload@main/foto-upload/toko3/jibbitz/JB-0000189.png,235732
Hangs on You,toko3,JIBBITZ,JB-0000190,varian,E:\Project\Mass upload shopee\foto-upload\toko3\jibbitz\JB-0000190.png,https://cdn.jsdelivr.net/gh/dennypa77/mass-upload@main/foto-upload/toko3/jibbitz/JB-0000190.png,291371
Hangs on You,toko3,JIBBITZ,JB-0000191,varian,E:\Project\Mass upload shopee\foto-upload\toko3\jibbitz\JB-0000191.png,https://cdn.jsdelivr.net/gh/dennypa77/mass-upload@main/foto-upload/toko3/jibbitz/JB-0000191.png,186173
Hangs on You,toko3,JIBBITZ,JB-0000192,varian,E:\Project\Mass upload shopee\foto-upload\toko3\jibbitz\JB-0000192.png,https://cdn.jsdelivr.net/gh/dennypa77/mass-upload@main/foto-upload/toko3/jibbitz/JB-0000192.png,290901
Hangs on You,toko3,JIBBITZ,JB-0000193,varian,E:\Project\Mass upload shopee\foto-upload\toko3\jibbitz\JB-0000193.png,https://cdn.jsdelivr.net/gh/dennypa77/mass-upload@main/foto-upload/toko3/jibbitz/JB-0000193.png,332016
Hangs on You,toko3,JIBBITZ,JB-0000194,varian,E:\Project\Mass upload shopee\foto-upload\toko3\jibbitz\JB-0000194.png,https://cdn.jsdelivr.net/gh/dennypa77/mass-upload@main/foto-upload/toko3/jibbitz/JB-0000194.png,308984
Hangs on You,toko3,JIBBITZ,JB-0000195,varian,E:\Project\Mass upload shopee\foto-upload\toko3\jibbitz\JB-0000195.png,https://cdn.jsdelivr.net/gh/dennypa77/mass-upload@main/foto-upload/toko3/jibbitz/JB-0000195.png,352597
Hangs on You,toko3,JIBBITZ,JB-0000196,varian,E:\Project\Mass upload shopee\foto-upload\toko3\jibbitz\JB-0000196.png,https://cdn.jsdelivr.net/gh/dennypa77/mass-upload@main/foto-upload/toko3/jibbitz/JB-0000196.png,314819
Hangs on You,toko3,JIBBITZ,JB-0000197,varian,E:\Project\Mass upload shopee\foto-upload\toko3\jibbitz\JB-0000197.png,https://cdn.jsdelivr.net/gh/dennypa77/mass-upload@main/foto-upload/toko3/jibbitz/JB-0000197.png,225662
Hangs on You,toko3,JIBBITZ,JB-0000198,varian,E:\Project\Mass upload shopee\foto-upload\toko3\jibbitz\JB-0000198.png,https://cdn.jsdelivr.net/gh/dennypa77/mass-upload@main/foto-upload/toko3/jibbitz/JB-0000198.png,283629
Hangs on You,toko3,JIBBITZ,JB-0000199,varian,E:\Project\Mass upload shopee\foto-upload\toko3\jibbitz\JB-0000199.png,https://cdn.jsdelivr.net/gh/dennypa77/mass-upload@main/foto-upload/toko3/jibbitz/JB-0000199.png,273826
Hangs on You,toko3,JIBBITZ,JB-0000200,varian,E:\Project\Mass upload shopee\foto-upload\toko3\jibbitz\JB-0000200.png,https://cdn.jsdelivr.net/gh/dennypa77/mass-upload@main/foto-upload/toko3/jibbitz/JB-0000200.png,257198
Hangs on You,toko3,JIBBITZ,JB-0000201,varian,E:\Project\Mass upload shopee\foto-upload\toko3\jibbitz\JB-0000201.png,https://cdn.jsdelivr.net/gh/dennypa77/mass-upload@main/foto-upload/toko3/jibbitz/JB-0000201.png,735302
Hangs on You,toko3,JIBBITZ,JB-0000202,varian,E:\Project\Mass upload shopee\foto-upload\toko3\jibbitz\JB-0000202.png,https://cdn.jsdelivr.net/gh/dennypa77/mass-upload@main/foto-upload/toko3/jibbitz/JB-0000202.png,720035
Hangs on You,toko3,JIBBITZ,JB-0000203,varian,E:\Project\Mass upload shopee\foto-upload\toko3\jibbitz\JB-0000203.png,https://cdn.jsdelivr.net/gh/dennypa77/mass-upload@main/foto-upload/toko3/jibbitz/JB-0000203.png,687891
Hangs on You,toko3,JIBBITZ,JB-0000204,varian,E:\Project\Mass upload shopee\foto-upload\toko3\jibbitz\JB-0000204.png,https://cdn.jsdelivr.net/gh/dennypa77/mass-upload@main/foto-upload/toko3/jibbitz/JB-0000204.png,738446
Hangs on You,toko3,JIBBITZ,JB-0000205,varian,E:\Project\Mass upload shopee\foto-upload\toko3\jibbitz\JB-0000205.png,https://cdn.jsdelivr.net/gh/dennypa77/mass-upload@main/foto-upload/toko3/jibbitz/JB-0000205.png,731577
Hangs on You,toko3,JIBBITZ,JB-0000206,varian,E:\Project\Mass upload shopee\foto-upload\toko3\jibbitz\JB-0000206.png,https://cdn.jsdelivr.net/gh/dennypa77/mass-upload@main/foto-upload/toko3/jibbitz/JB-0000206.png,702518
Hangs on You,toko3,JIBBITZ,JB-0000207,varian,E:\Project\Mass upload shopee\foto-upload\toko3\jibbitz\JB-0000207.png,https://cdn.jsdelivr.net/gh/dennypa77/mass-upload@main/foto-upload/toko3/jibbitz/JB-0000207.png,694515
Hangs on You,toko3,JIBBITZ,JB-0000208,varian,E:\Project\Mass upload shopee\foto-upload\toko3\jibbitz\JB-0000208.png,https://cdn.jsdelivr.net/gh/dennypa77/mass-upload@main/foto-upload/toko3/jibbitz/JB-0000208.png,776501
Hangs on You,toko3,JIBBITZ,JB-0000209,varian,E:\Project\Mass upload shopee\foto-upload\toko3\jibbitz\JB-0000209.png,https://cdn.jsdelivr.net/gh/dennypa77/mass-upload@main/foto-upload/toko3/jibbitz/JB-0000209.png,734142
Hangs on You,toko3,JIBBITZ,JB-0000210,varian,E:\Project\Mass upload shopee\foto-upload\toko3\jibbitz\JB-0000210.png,https://cdn.jsdelivr.net/gh/dennypa77/mass-upload@main/foto-upload/toko3/jibbitz/JB-0000210.png,781271
Hangs on You,toko3,JIBBITZ,JB-0000211,varian,E:\Project\Mass upload shopee\foto-upload\toko3\jibbitz\JB-0000211.png,https://cdn.jsdelivr.net/gh/dennypa77/mass-upload@main/foto-upload/toko3/jibbitz/JB-0000211.png,692490
Hangs on You,toko3,JIBBITZ,JB-0000212,varian,E:\Project\Mass upload shopee\foto-upload\toko3\jibbitz\JB-0000212.png,https://cdn.jsdelivr.net/gh/dennypa77/mass-upload@main/foto-upload/toko3/jibbitz/JB-0000212.png,797024
Hangs on You,toko3,JIBBITZ,JB-0000213,varian,E:\Project\Mass upload shopee\foto-upload\toko3\jibbitz\JB-0000213.png,https://cdn.jsdelivr.net/gh/dennypa77/mass-upload@main/foto-upload/toko3/jibbitz/JB-0000213.png,660384
Hangs on You,toko3,JIBBITZ,JB-0000214,varian,E:\Project\Mass upload shopee\foto-upload\toko3\jibbitz\JB-0000214.png,https://cdn.jsdelivr.net/gh/dennypa77/mass-upload@main/foto-upload/toko3/jibbitz/JB-0000214.png,605785
Hangs on You,toko3,JIBBITZ,JB-0000215,varian,E:\Project\Mass upload shopee\foto-upload\toko3\jibbitz\JB-0000215.png,https://cdn.jsdelivr.net/gh/dennypa77/mass-upload@main/foto-upload/toko3/jibbitz/JB-0000215.png,843909
Hangs on You,toko3,JIBBITZ,JB-0000216,varian,E:\Project\Mass upload shopee\foto-upload\toko3\jibbitz\JB-0000216.png,https://cdn.jsdelivr.net/gh/dennypa77/mass-upload@main/foto-upload/toko3/jibbitz/JB-0000216.png,599554
Hangs on You,toko3,JIBBITZ,JB-0000217,varian,E:\Project\Mass upload shopee\foto-upload\toko3\jibbitz\JB-0000217.png,https://cdn.jsdelivr.net/gh/dennypa77/mass-upload@main/foto-upload/toko3/jibbitz/JB-0000217.png,679583
Hangs on You,toko3,JIBBITZ,JB-0000218,varian,E:\Project\Mass upload shopee\foto-upload\toko3\jibbitz\JB-0000218.png,https://cdn.jsdelivr.net/gh/dennypa77/mass-upload@main/foto-upload/toko3/jibbitz/JB-0000218.png,650837
Hangs on You,toko3,JIBBITZ,JB-0000219,varian,E:\Project\Mass upload shopee\foto-upload\toko3\jibbitz\JB-0000219.png,https://cdn.jsdelivr.net/gh/dennypa77/mass-upload@main/foto-upload/toko3/jibbitz/JB-0000219.png,657951
Hangs on You,toko3,JIBBITZ,JB-0000220,varian,E:\Project\Mass upload shopee\foto-upload\toko3\jibbitz\JB-0000220.png,https://cdn.jsdelivr.net/gh/dennypa77/mass-upload@main/foto-upload/toko3/jibbitz/JB-0000220.png,720682
Hangs on You,toko3,JIBBITZ,JB-0000221,varian,E:\Project\Mass upload shopee\foto-upload\toko3\jibbitz\JB-0000221.png,https://cdn.jsdelivr.net/gh/dennypa77/mass-upload@main/foto-upload/toko3/jibbitz/JB-0000221.png,528738
Hangs on You,toko3,JIBBITZ,JB-0000222,varian,E:\Project\Mass upload shopee\foto-upload\toko3\jibbitz\JB-0000222.png,https://cdn.jsdelivr.net/gh/dennypa77/mass-upload@main/foto-upload/toko3/jibbitz/JB-0000222.png,687279
Hangs on You,toko3,JIBBITZ,JB-0000223,varian,E:\Project\Mass upload shopee\foto-upload\toko3\jibbitz\JB-0000223.png,https://cdn.jsdelivr.net/gh/dennypa77/mass-upload@main/foto-upload/toko3/jibbitz/JB-0000223.png,774634
Hangs on You,toko3,JIBBITZ,JB-0000224,varian,E:\Project\Mass upload shopee\foto-upload\toko3\jibbitz\JB-0000224.png,https://cdn.jsdelivr.net/gh/dennypa77/mass-upload@main/foto-upload/toko3/jibbitz/JB-0000224.png,706233
Hangs on You,toko3,JIBBITZ,JB-0000225,varian,E:\Project\Mass upload shopee\foto-upload\toko3\jibbitz\JB-0000225.png,https://cdn.jsdelivr.net/gh/dennypa77/mass-upload@main/foto-upload/toko3/jibbitz/JB-0000225.png,698505
Hangs on You,toko3,JIBBITZ,JB-0000226,varian,E:\Project\Mass upload shopee\foto-upload\toko3\jibbitz\JB-0000226.png,https://cdn.jsdelivr.net/gh/dennypa77/mass-upload@main/foto-upload/toko3/jibbitz/JB-0000226.png,603197
Hangs on You,toko3,JIBBITZ,JB-0000227,varian,E:\Project\Mass upload shopee\foto-upload\toko3\jibbitz\JB-0000227.png,https://cdn.jsdelivr.net/gh/dennypa77/mass-upload@main/foto-upload/toko3/jibbitz/JB-0000227.png,628804
Hangs on You,toko3,JIBBITZ,JB-0000228,varian,E:\Project\Mass upload shopee\foto-upload\toko3\jibbitz\JB-0000228.png,https://cdn.jsdelivr.net/gh/dennypa77/mass-upload@main/foto-upload/toko3/jibbitz/JB-0000228.png,560766
Hangs on You,toko3,JIBBITZ,JB-0000229,varian,E:\Project\Mass upload shopee\foto-upload\toko3\jibbitz\JB-0000229.png,https://cdn.jsdelivr.net/gh/dennypa77/mass-upload@main/foto-upload/toko3/jibbitz/JB-0000229.png,829785
Hangs on You,toko3,JIBBITZ,JB-0000230,varian,E:\Project\Mass upload shopee\foto-upload\toko3\jibbitz\JB-0000230.png,https://cdn.jsdelivr.net/gh/dennypa77/mass-upload@main/foto-upload/toko3/jibbitz/JB-0000230.png,673084
Hangs on You,toko3,JIBBITZ,JB-0000231,varian,E:\Project\Mass upload shopee\foto-upload\toko3\jibbitz\JB-0000231.png,https://cdn.jsdelivr.net/gh/dennypa77/mass-upload@main/foto-upload/toko3/jibbitz/JB-0000231.png,558948
Hangs on You,toko3,JIBBITZ,JB-0000232,varian,E:\Project\Mass upload shopee\foto-upload\toko3\jibbitz\JB-0000232.png,https://cdn.jsdelivr.net/gh/dennypa77/mass-upload@main/foto-upload/toko3/jibbitz/JB-0000232.png,635388
Hangs on You,toko3,JIBBITZ,JB-0000233,varian,E:\Project\Mass upload shopee\foto-upload\toko3\jibbitz\JB-0000233.png,https://cdn.jsdelivr.net/gh/dennypa77/mass-upload@main/foto-upload/toko3/jibbitz/JB-0000233.png,641925
Hangs on You,toko3,JIBBITZ,JB-0000234,varian,E:\Project\Mass upload shopee\foto-upload\toko3\jibbitz\JB-0000234.png,https://cdn.jsdelivr.net/gh/dennypa77/mass-upload@main/foto-upload/toko3/jibbitz/JB-0000234.png,664617
Hangs on You,toko3,JIBBITZ,JB-0000235,varian,E:\Project\Mass upload shopee\foto-upload\toko3\jibbitz\JB-0000235.png,https://cdn.jsdelivr.net/gh/dennypa77/mass-upload@main/foto-upload/toko3/jibbitz/JB-0000235.png,648443
Hangs on You,toko3,JIBBITZ,JB-0000236,varian,E:\Project\Mass upload shopee\foto-upload\toko3\jibbitz\JB-0000236.png,https://cdn.jsdelivr.net/gh/dennypa77/mass-upload@main/foto-upload/toko3/jibbitz/JB-0000236.png,565474
Hangs on You,toko3,JIBBITZ,JB-0000237,varian,E:\Project\Mass upload shopee\foto-upload\toko3\jibbitz\JB-0000237.png,https://cdn.jsdelivr.net/gh/dennypa77/mass-upload@main/foto-upload/toko3/jibbitz/JB-0000237.png,580792
Hangs on You,toko3,JIBBITZ,JB-0000238,varian,E:\Project\Mass upload shopee\foto-upload\toko3\jibbitz\JB-0000238.png,https://cdn.jsdelivr.net/gh/dennypa77/mass-upload@main/foto-upload/toko3/jibbitz/JB-0000238.png,579015
Hangs on You,toko3,JIBBITZ,JB-0000239,varian,E:\Project\Mass upload shopee\foto-upload\toko3\jibbitz\JB-0000239.png,https://cdn.jsdelivr.net/gh/dennypa77/mass-upload@main/foto-upload/toko3/jibbitz/JB-0000239.png,653416
Hangs on You,toko3,JIBBITZ,JB-0000240,varian,E:\Project\Mass upload shopee\foto-upload\toko3\jibbitz\JB-0000240.png,https://cdn.jsdelivr.net/gh/dennypa77/mass-upload@main/foto-upload/toko3/jibbitz/JB-0000240.png,668082
Hangs on You,toko3,JIBBITZ,JB-0000241,varian,E:\Project\Mass upload shopee\foto-upload\toko3\jibbitz\JB-0000241.png,https://cdn.jsdelivr.net/gh/dennypa77/mass-upload@main/foto-upload/toko3/jibbitz/JB-0000241.png,665127
Hangs on You,toko3,JIBBITZ,JB-0000242,varian,E:\Project\Mass upload shopee\foto-upload\toko3\jibbitz\JB-0000242.png,https://cdn.jsdelivr.net/gh/dennypa77/mass-upload@main/foto-upload/toko3/jibbitz/JB-0000242.png,704197
Hangs on You,toko3,JIBBITZ,JB-0000243,varian,E:\Project\Mass upload shopee\foto-upload\toko3\jibbitz\JB-0000243.png,https://cdn.jsdelivr.net/gh/dennypa77/mass-upload@main/foto-upload/toko3/jibbitz/JB-0000243.png,684850
Hangs on You,toko3,JIBBITZ,JB-0000244,varian,E:\Project\Mass upload shopee\foto-upload\toko3\jibbitz\JB-0000244.png,https://cdn.jsdelivr.net/gh/dennypa77/mass-upload@main/foto-upload/toko3/jibbitz/JB-0000244.png,813196
Hangs on You,toko3,JIBBITZ,JB-0000245,varian,E:\Project\Mass upload shopee\foto-upload\toko3\jibbitz\JB-0000245.png,https://cdn.jsdelivr.net/gh/dennypa77/mass-upload@main/foto-upload/toko3/jibbitz/JB-0000245.png,614408
Hangs on You,toko3,JIBBITZ,JB-0000246,varian,E:\Project\Mass upload shopee\foto-upload\toko3\jibbitz\JB-0000246.png,https://cdn.jsdelivr.net/gh/dennypa77/mass-upload@main/foto-upload/toko3/jibbitz/JB-0000246.png,748047
Hangs on You,toko3,JIBBITZ,JB-0000247,varian,E:\Project\Mass upload shopee\foto-upload\toko3\jibbitz\JB-0000247.png,https://cdn.jsdelivr.net/gh/dennypa77/mass-upload@main/foto-upload/toko3/jibbitz/JB-0000247.png,701041
Hangs on You,toko3,JIBBITZ,JB-0000248,varian,E:\Project\Mass upload shopee\foto-upload\toko3\jibbitz\JB-0000248.png,https://cdn.jsdelivr.net/gh/dennypa77/mass-upload@main/foto-upload/toko3/jibbitz/JB-0000248.png,720374
Hangs on You,toko3,JIBBITZ,JB-0000249,varian,E:\Project\Mass upload shopee\foto-upload\toko3\jibbitz\JB-0000249.png,https://cdn.jsdelivr.net/gh/dennypa77/mass-upload@main/foto-upload/toko3/jibbitz/JB-0000249.png,556783
Hangs on You,toko3,JIBBITZ,JB-0000250,varian,E:\Project\Mass upload shopee\foto-upload\toko3\jibbitz\JB-0000250.png,https://cdn.jsdelivr.net/gh/dennypa77/mass-upload@main/foto-upload/toko3/jibbitz/JB-0000250.png,555111
Hangs on You,toko3,JIBBITZ,JB-0000751,varian,E:\Project\Mass upload shopee\foto-upload\toko3\jibbitz\JB-0000751.png,https://cdn.jsdelivr.net/gh/dennypa77/mass-upload@main/foto-upload/toko3/jibbitz/JB-0000751.png,123674
Hangs on You,toko3,JIBBITZ,JB-0000752,varian,E:\Project\Mass upload shopee\foto-upload\toko3\jibbitz\JB-0000752.png,https://cdn.jsdelivr.net/gh/dennypa77/mass-upload@main/foto-upload/toko3/jibbitz/JB-0000752.png,96937
Hangs on You,toko3,JIBBITZ,JB-0000753,varian,E:\Project\Mass upload shopee\foto-upload\toko3\jibbitz\JB-0000753.png,https://cdn.jsdelivr.net/gh/dennypa77/mass-upload@main/foto-upload/toko3/jibbitz/JB-0000753.png,97794
Hangs on You,toko3,JIBBITZ,JB-0000754,varian,E:\Project\Mass upload shopee\foto-upload\toko3\jibbitz\JB-0000754.png,https://cdn.jsdelivr.net/gh/dennypa77/mass-upload@main/foto-upload/toko3/jibbitz/JB-0000754.png,98210
Hangs on You,toko3,JIBBITZ,JB-0000755,varian,E:\Project\Mass upload shopee\foto-upload\toko3\jibbitz\JB-0000755.png,https://cdn.jsdelivr.net/gh/dennypa77/mass-upload@main/foto-upload/toko3/jibbitz/JB-0000755.png,97153
Hangs on You,toko3,JIBBITZ,JB-0000756,varian,E:\Project\Mass upload shopee\foto-upload\toko3\jibbitz\JB-0000756.png,https://cdn.jsdelivr.net/gh/dennypa77/mass-upload@main/foto-upload/toko3/jibbitz/JB-0000756.png,108978
Hangs on You,toko3,JIBBITZ,JB-0000757,varian,E:\Project\Mass upload shopee\foto-upload\toko3\jibbitz\JB-0000757.png,https://cdn.jsdelivr.net/gh/dennypa77/mass-upload@main/foto-upload/toko3/jibbitz/JB-0000757.png,111839
Hangs on You,toko3,JIBBITZ,JB-0000758,varian,E:\Project\Mass upload shopee\foto-upload\toko3\jibbitz\JB-0000758.png,https://cdn.jsdelivr.net/gh/dennypa77/mass-upload@main/foto-upload/toko3/jibbitz/JB-0000758.png,99622
Hangs on You,toko3,JIBBITZ,JB-0000759,varian,E:\Project\Mass upload shopee\foto-upload\toko3\jibbitz\JB-0000759.png,https://cdn.jsdelivr.net/gh/dennypa77/mass-upload@main/foto-upload/toko3/jibbitz/JB-0000759.png,103282
Hangs on You,toko3,JIBBITZ,JB-0000760,varian,E:\Project\Mass upload shopee\foto-upload\toko3\jibbitz\JB-0000760.png,https://cdn.jsdelivr.net/gh/dennypa77/mass-upload@main/foto-upload/toko3/jibbitz/JB-0000760.png,80449
Hangs on You,toko3,JIBBITZ,JB-0000761,varian,E:\Project\Mass upload shopee\foto-upload\toko3\jibbitz\JB-0000761.png,https://cdn.jsdelivr.net/gh/dennypa77/mass-upload@main/foto-upload/toko3/jibbitz/JB-0000761.png,94736
Hangs on You,toko3,JIBBITZ,JB-0000762,varian,E:\Project\Mass upload shopee\foto-upload\toko3\jibbitz\JB-0000762.png,https://cdn.jsdelivr.net/gh/dennypa77/mass-upload@main/foto-upload/toko3/jibbitz/JB-0000762.png,86099
Hangs on You,toko3,JIBBITZ,JB-0000763,varian,E:\Project\Mass upload shopee\foto-upload\toko3\jibbitz\JB-0000763.png,https://cdn.jsdelivr.net/gh/dennypa77/mass-upload@main/foto-upload/toko3/jibbitz/JB-0000763.png,91309
Hangs on You,toko3,JIBBITZ,JB-0000764,varian,E:\Project\Mass upload shopee\foto-upload\toko3\jibbitz\JB-0000764.png,https://cdn.jsdelivr.net/gh/dennypa77/mass-upload@main/foto-upload/toko3/jibbitz/JB-0000764.png,100872
Hangs on You,toko3,JIBBITZ,JB-0000765,varian,E:\Project\Mass upload shopee\foto-upload\toko3\jibbitz\JB-0000765.png,https://cdn.jsdelivr.net/gh/dennypa77/mass-upload@main/foto-upload/toko3/jibbitz/JB-0000765.png,85937
Hangs on You,toko3,JIBBITZ,JB-0000766,varian,E:\Project\Mass upload shopee\foto-upload\toko3\jibbitz\JB-0000766.png,https://cdn.jsdelivr.net/gh/dennypa77/mass-upload@main/foto-upload/toko3/jibbitz/JB-0000766.png,79770
Hangs on You,toko3,JIBBITZ,JB-0000767,varian,E:\Project\Mass upload shopee\foto-upload\toko3\jibbitz\JB-0000767.png,https://cdn.jsdelivr.net/gh/dennypa77/mass-upload@main/foto-upload/toko3/jibbitz/JB-0000767.png,103757
Hangs on You,toko3,JIBBITZ,JB-0000768,varian,E:\Project\Mass upload shopee\foto-upload\toko3\jibbitz\JB-0000768.png,https://cdn.jsdelivr.net/gh/dennypa77/mass-upload@main/foto-upload/toko3/jibbitz/JB-0000768.png,100178
Hangs on You,toko3,JIBBITZ,JB-0000769,varian,E:\Project\Mass upload shopee\foto-upload\toko3\jibbitz\JB-0000769.png,https://cdn.jsdelivr.net/gh/dennypa77/mass-upload@main/foto-upload/toko3/jibbitz/JB-0000769.png,78424
Hangs on You,toko3,JIBBITZ,JB-0000770,varian,E:\Project\Mass upload shopee\foto-upload\toko3\jibbitz\JB-0000770.png,https://cdn.jsdelivr.net/gh/dennypa77/mass-upload@main/foto-upload/toko3/jibbitz/JB-0000770.png,85208
Hangs on You,toko3,JIBBITZ,JB-0000771,varian,E:\Project\Mass upload shopee\foto-upload\toko3\jibbitz\JB-0000771.png,https://cdn.jsdelivr.net/gh/dennypa77/mass-upload@main/foto-upload/toko3/jibbitz/JB-0000771.png,107734
Hangs on You,toko3,JIBBITZ,JB-0000772,varian,E:\Project\Mass upload shopee\foto-upload\toko3\jibbitz\JB-0000772.png,https://cdn.jsdelivr.net/gh/dennypa77/mass-upload@main/foto-upload/toko3/jibbitz/JB-0000772.png,92655
Hangs on You,toko3,JIBBITZ,JB-0000773,varian,E:\Project\Mass upload shopee\foto-upload\toko3\jibbitz\JB-0000773.png,https://cdn.jsdelivr.net/gh/dennypa77/mass-upload@main/foto-upload/toko3/jibbitz/JB-0000773.png,96138
Hangs on You,toko3,JIBBITZ,JB-0000774,varian,E:\Project\Mass upload shopee\foto-upload\toko3\jibbitz\JB-0000774.png,https://cdn.jsdelivr.net/gh/dennypa77/mass-upload@main/foto-upload/toko3/jibbitz/JB-0000774.png,90976
Hangs on You,toko3,JIBBITZ,JB-0000775,varian,E:\Project\Mass upload shopee\foto-upload\toko3\jibbitz\JB-0000775.png,https://cdn.jsdelivr.net/gh/dennypa77/mass-upload@main/foto-upload/toko3/jibbitz/JB-0000775.png,85679
Hangs on You,toko3,JIBBITZ,JB-0000776,varian,E:\Project\Mass upload shopee\foto-upload\toko3\jibbitz\JB-0000776.png,https://cdn.jsdelivr.net/gh/dennypa77/mass-upload@main/foto-upload/toko3/jibbitz/JB-0000776.png,73240
Hangs on You,toko3,JIBBITZ,JB-0000777,varian,E:\Project\Mass upload shopee\foto-upload\toko3\jibbitz\JB-0000777.png,https://cdn.jsdelivr.net/gh/dennypa77/mass-upload@main/foto-upload/toko3/jibbitz/JB-0000777.png,89670
Hangs on You,toko3,JIBBITZ,JB-0000778,varian,E:\Project\Mass upload shopee\foto-upload\toko3\jibbitz\JB-0000778.png,https://cdn.jsdelivr.net/gh/dennypa77/mass-upload@main/foto-upload/toko3/jibbitz/JB-0000778.png,71578
Hangs on You,toko3,JIBBITZ,JB-0000779,varian,E:\Project\Mass upload shopee\foto-upload\toko3\jibbitz\JB-0000779.png,https://cdn.jsdelivr.net/gh/dennypa77/mass-upload@main/foto-upload/toko3/jibbitz/JB-0000779.png,87597
Hangs on You,toko3,JIBBITZ,JB-0000780,varian,E:\Project\Mass upload shopee\foto-upload\toko3\jibbitz\JB-0000780.png,https://cdn.jsdelivr.net/gh/dennypa77/mass-upload@main/foto-upload/toko3/jibbitz/JB-0000780.png,102873
Hangs on You,toko3,JIBBITZ,JB-0000781,varian,E:\Project\Mass upload shopee\foto-upload\toko3\jibbitz\JB-0000781.png,https://cdn.jsdelivr.net/gh/dennypa77/mass-upload@main/foto-upload/toko3/jibbitz/JB-0000781.png,85542
Hangs on You,toko3,JIBBITZ,JB-0000782,varian,E:\Project\Mass upload shopee\foto-upload\toko3\jibbitz\JB-0000782.png,https://cdn.jsdelivr.net/gh/dennypa77/mass-upload@main/foto-upload/toko3/jibbitz/JB-0000782.png,96487
Hangs on You,toko3,JIBBITZ,JB-0000783,varian,E:\Project\Mass upload shopee\foto-upload\toko3\jibbitz\JB-0000783.png,https://cdn.jsdelivr.net/gh/dennypa77/mass-upload@main/foto-upload/toko3/jibbitz/JB-0000783.png,89208
Hangs on You,toko3,JIBBITZ,JB-0000784,varian,E:\Project\Mass upload shopee\foto-upload\toko3\jibbitz\JB-0000784.png,https://cdn.jsdelivr.net/gh/dennypa77/mass-upload@main/foto-upload/toko3/jibbitz/JB-0000784.png,113707
Hangs on You,toko3,JIBBITZ,JB-0000785,varian,E:\Project\Mass upload shopee\foto-upload\toko3\jibbitz\JB-0000785.png,https://cdn.jsdelivr.net/gh/dennypa77/mass-upload@main/foto-upload/toko3/jibbitz/JB-0000785.png,102583
Hangs on You,toko3,JIBBITZ,JB-0000786,varian,E:\Project\Mass upload shopee\foto-upload\toko3\jibbitz\JB-0000786.png,https://cdn.jsdelivr.net/gh/dennypa77/mass-upload@main/foto-upload/toko3/jibbitz/JB-0000786.png,107634
Hangs on You,toko3,JIBBITZ,JB-0000787,varian,E:\Project\Mass upload shopee\foto-upload\toko3\jibbitz\JB-0000787.png,https://cdn.jsdelivr.net/gh/dennypa77/mass-upload@main/foto-upload/toko3/jibbitz/JB-0000787.png,110386
Hangs on You,toko3,JIBBITZ,JB-0000788,varian,E:\Project\Mass upload shopee\foto-upload\toko3\jibbitz\JB-0000788.png,https://cdn.jsdelivr.net/gh/dennypa77/mass-upload@main/foto-upload/toko3/jibbitz/JB-0000788.png,82084
Hangs on You,toko3,JIBBITZ,JB-0000789,varian,E:\Project\Mass upload shopee\foto-upload\toko3\jibbitz\JB-0000789.png,https://cdn.jsdelivr.net/gh/dennypa77/mass-upload@main/foto-upload/toko3/jibbitz/JB-0000789.png,78740
Hangs on You,toko3,JIBBITZ,JB-0000790,varian,E:\Project\Mass upload shopee\foto-upload\toko3\jibbitz\JB-0000790.png,https://cdn.jsdelivr.net/gh/dennypa77/mass-upload@main/foto-upload/toko3/jibbitz/JB-0000790.png,105458
Hangs on You,toko3,JIBBITZ,JB-0000791,varian,E:\Project\Mass upload shopee\foto-upload\toko3\jibbitz\JB-0000791.png,https://cdn.jsdelivr.net/gh/dennypa77/mass-upload@main/foto-upload/toko3/jibbitz/JB-0000791.png,69193
Hangs on You,toko3,JIBBITZ,JB-0000792,varian,E:\Project\Mass upload shopee\foto-upload\toko3\jibbitz\JB-0000792.png,https://cdn.jsdelivr.net/gh/dennypa77/mass-upload@main/foto-upload/toko3/jibbitz/JB-0000792.png,120568
Hangs on You,toko3,JIBBITZ,JB-0000793,varian,E:\Project\Mass upload shopee\foto-upload\toko3\jibbitz\JB-0000793.png,https://cdn.jsdelivr.net/gh/dennypa77/mass-upload@main/foto-upload/toko3/jibbitz/JB-0000793.png,83718
Hangs on You,toko3,JIBBITZ,JB-0000794,varian,E:\Project\Mass upload shopee\foto-upload\toko3\jibbitz\JB-0000794.png,https://cdn.jsdelivr.net/gh/dennypa77/mass-upload@main/foto-upload/toko3/jibbitz/JB-0000794.png,77650
Hangs on You,toko3,JIBBITZ,JB-0000795,varian,E:\Project\Mass upload shopee\foto-upload\toko3\jibbitz\JB-0000795.png,https://cdn.jsdelivr.net/gh/dennypa77/mass-upload@main/foto-upload/toko3/jibbitz/JB-0000795.png,104915
Hangs on You,toko3,JIBBITZ,JB-0000796,varian,E:\Project\Mass upload shopee\foto-upload\toko3\jibbitz\JB-0000796.png,https://cdn.jsdelivr.net/gh/dennypa77/mass-upload@main/foto-upload/toko3/jibbitz/JB-0000796.png,82436
Hangs on You,toko3,JIBBITZ,JB-0000797,varian,E:\Project\Mass upload shopee\foto-upload\toko3\jibbitz\JB-0000797.png,https://cdn.jsdelivr.net/gh/dennypa77/mass-upload@main/foto-upload/toko3/jibbitz/JB-0000797.png,78102
Hangs on You,toko3,JIBBITZ,JB-0000798,varian,E:\Project\Mass upload shopee\foto-upload\toko3\jibbitz\JB-0000798.png,https://cdn.jsdelivr.net/gh/dennypa77/mass-upload@main/foto-upload/toko3/jibbitz/JB-0000798.png,95637
Hangs on You,toko3,JIBBITZ,JB-0000799,varian,E:\Project\Mass upload shopee\foto-upload\toko3\jibbitz\JB-0000799.png,https://cdn.jsdelivr.net/gh/dennypa77/mass-upload@main/foto-upload/toko3/jibbitz/JB-0000799.png,87050
Hangs on You,toko3,JIBBITZ,JB-0000800,varian,E:\Project\Mass upload shopee\foto-upload\toko3\jibbitz\JB-0000800.png,https://cdn.jsdelivr.net/gh/dennypa77/mass-upload@main/foto-upload/toko3/jibbitz/JB-0000800.png,72289
Hangs on You,toko3,JIBBITZ,JB-BLACKPINK-UTAMA1,utama,E:\Project\Mass upload shopee\foto-upload\toko3\jibbitz\JB-BLACKPINK-utama1.png,https://cdn.jsdelivr.net/gh/dennypa77/mass-upload@main/foto-upload/toko3/jibbitz/JB-BLACKPINK-utama1.png,1845865
Hangs on You,toko3,JIBBITZ,JB-BLACKPINK-UTAMA2,utama,E:\Project\Mass upload shopee\foto-upload\toko3\jibbitz\JB-BLACKPINK-utama2.png,https://cdn.jsdelivr.net/gh/dennypa77/mass-upload@main/foto-upload/toko3/jibbitz/JB-BLACKPINK-utama2.png,840429
Hangs on You,toko3,JIBBITZ,JB-BLACKPINK-UTAMA3,utama,E:\Project\Mass upload shopee\foto-upload\toko3\jibbitz\JB-BLACKPINK-utama3.png,https://cdn.jsdelivr.net/gh/dennypa77/mass-upload@main/foto-upload/toko3/jibbitz/JB-BLACKPINK-utama3.png,1424050
Hangs on You,toko3,JIBBITZ,JB-BTS-UTAMA1,utama,E:\Project\Mass upload shopee\foto-upload\toko3\jibbitz\JB-BTS-utama1.png,https://cdn.jsdelivr.net/gh/dennypa77/mass-upload@main/foto-upload/toko3/jibbitz/JB-BTS-utama1.png,1623829
Hangs on You,toko3,JIBBITZ,JB-BTS-UTAMA2,utama,E:\Project\Mass upload shopee\foto-upload\toko3\jibbitz\JB-BTS-utama2.png,https://cdn.jsdelivr.net/gh/dennypa77/mass-upload@main/foto-upload/toko3/jibbitz/JB-BTS-utama2.png,818210
Hangs on You,toko3,JIBBITZ,JB-BTS-UTAMA3,utama,E:\Project\Mass upload shopee\foto-upload\toko3\jibbitz\JB-BTS-utama3.png,https://cdn.jsdelivr.net/gh/dennypa77/mass-upload@main/foto-upload/toko3/jibbitz/JB-BTS-utama3.png,1418299
Hangs on You,toko3,JIBBITZ,JB-CORTIS-UTAMA1,utama,E:\Project\Mass upload shopee\foto-upload\toko3\jibbitz\JB-CORTIS-utama1.png,https://cdn.jsdelivr.net/gh/dennypa77/mass-upload@main/foto-upload/toko3/jibbitz/JB-CORTIS-utama1.png,1713072
Hangs on You,toko3,JIBBITZ,JB-CORTIS-UTAMA2,utama,E:\Project\Mass upload shopee\foto-upload\toko3\jibbitz\JB-CORTIS-utama2.png,https://cdn.jsdelivr.net/gh/dennypa77/mass-upload@main/foto-upload/toko3/jibbitz/JB-CORTIS-utama2.png,1240458
Hangs on You,toko3,JIBBITZ,JB-CORTIS-UTAMA3,utama,E:\Project\Mass upload shopee\foto-upload\toko3\jibbitz\JB-CORTIS-utama3.png,https://cdn.jsdelivr.net/gh/dennypa77/mass-upload@main/foto-upload/toko3/jibbitz/JB-CORTIS-utama3.png,1578351
Hangs on You,toko3,JIBBITZ,JB-HEARTS2HEARTS-UTAMA1,utama,E:\Project\Mass upload shopee\foto-upload\toko3\jibbitz\JB-HEARTS2HEARTS-utama1.png,https://cdn.jsdelivr.net/gh/dennypa77/mass-upload@main/foto-upload/toko3/jibbitz/JB-HEARTS2HEARTS-utama1.png,1773698
Hangs on You,toko3,JIBBITZ,JB-HEARTS2HEARTS-UTAMA2,utama,E:\Project\Mass upload shopee\foto-upload\toko3\jibbitz\JB-HEARTS2HEARTS-utama2.png,https://cdn.jsdelivr.net/gh/dennypa77/mass-upload@main/foto-upload/toko3/jibbitz/JB-HEARTS2HEARTS-utama2.png,1214297
Hangs on You,toko3,JIBBITZ,JB-HEARTS2HEARTS-UTAMA3,utama,E:\Project\Mass upload shopee\foto-upload\toko3\jibbitz\JB-HEARTS2HEARTS-utama3.png,https://cdn.jsdelivr.net/gh/dennypa77/mass-upload@main/foto-upload/toko3/jibbitz/JB-HEARTS2HEARTS-utama3.png,1562757
Hangs on You,toko3,PIN AKRILIK,PA-0000001,varian,E:\Project\Mass upload shopee\foto-upload\toko3\pin-akrilik\PA-0000001.png,https://cdn.jsdelivr.net/gh/dennypa77/mass-upload@main/foto-upload/toko3/pin-akrilik/PA-0000001.png,775614
Hangs on You,toko3,PIN AKRILIK,PA-0000002,varian,E:\Project\Mass upload shopee\foto-upload\toko3\pin-akrilik\PA-0000002.png,https://cdn.jsdelivr.net/gh/dennypa77/mass-upload@main/foto-upload/toko3/pin-akrilik/PA-0000002.png,736490
Hangs on You,toko3,PIN AKRILIK,PA-0000003,varian,E:\Project\Mass upload shopee\foto-upload\toko3\pin-akrilik\PA-0000003.png,https://cdn.jsdelivr.net/gh/dennypa77/mass-upload@main/foto-upload/toko3/pin-akrilik/PA-0000003.png,748490
Hangs on You,toko3,PIN AKRILIK,PA-0000004,varian,E:\Project\Mass upload shopee\foto-upload\toko3\pin-akrilik\PA-0000004.png,https://cdn.jsdelivr.net/gh/dennypa77/mass-upload@main/foto-upload/toko3/pin-akrilik/PA-0000004.png,730492
Hangs on You,toko3,PIN AKRILIK,PA-0000005,varian,E:\Project\Mass upload shopee\foto-upload\toko3\pin-akrilik\PA-0000005.png,https://cdn.jsdelivr.net/gh/dennypa77/mass-upload@main/foto-upload/toko3/pin-akrilik/PA-0000005.png,749149
Hangs on You,toko3,PIN AKRILIK,PA-0000006,varian,E:\Project\Mass upload shopee\foto-upload\toko3\pin-akrilik\PA-0000006.png,https://cdn.jsdelivr.net/gh/dennypa77/mass-upload@main/foto-upload/toko3/pin-akrilik/PA-0000006.png,696765
Hangs on You,toko3,PIN AKRILIK,PA-0000007,varian,E:\Project\Mass upload shopee\foto-upload\toko3\pin-akrilik\PA-0000007.png,https://cdn.jsdelivr.net/gh/dennypa77/mass-upload@main/foto-upload/toko3/pin-akrilik/PA-0000007.png,742248
Hangs on You,toko3,PIN AKRILIK,PA-0000008,varian,E:\Project\Mass upload shopee\foto-upload\toko3\pin-akrilik\PA-0000008.png,https://cdn.jsdelivr.net/gh/dennypa77/mass-upload@main/foto-upload/toko3/pin-akrilik/PA-0000008.png,729334
Hangs on You,toko3,PIN AKRILIK,PA-0000009,varian,E:\Project\Mass upload shopee\foto-upload\toko3\pin-akrilik\PA-0000009.png,https://cdn.jsdelivr.net/gh/dennypa77/mass-upload@main/foto-upload/toko3/pin-akrilik/PA-0000009.png,724810
Hangs on You,toko3,PIN AKRILIK,PA-0000010,varian,E:\Project\Mass upload shopee\foto-upload\toko3\pin-akrilik\PA-0000010.png,https://cdn.jsdelivr.net/gh/dennypa77/mass-upload@main/foto-upload/toko3/pin-akrilik/PA-0000010.png,738522
Hangs on You,toko3,PIN AKRILIK,PA-0000011,varian,E:\Project\Mass upload shopee\foto-upload\toko3\pin-akrilik\PA-0000011.png,https://cdn.jsdelivr.net/gh/dennypa77/mass-upload@main/foto-upload/toko3/pin-akrilik/PA-0000011.png,708901
Hangs on You,toko3,PIN AKRILIK,PA-0000012,varian,E:\Project\Mass upload shopee\foto-upload\toko3\pin-akrilik\PA-0000012.png,https://cdn.jsdelivr.net/gh/dennypa77/mass-upload@main/foto-upload/toko3/pin-akrilik/PA-0000012.png,698856
Hangs on You,toko3,PIN AKRILIK,PA-0000013,varian,E:\Project\Mass upload shopee\foto-upload\toko3\pin-akrilik\PA-0000013.png,https://cdn.jsdelivr.net/gh/dennypa77/mass-upload@main/foto-upload/toko3/pin-akrilik/PA-0000013.png,730373
Hangs on You,toko3,PIN AKRILIK,PA-0000014,varian,E:\Project\Mass upload shopee\foto-upload\toko3\pin-akrilik\PA-0000014.png,https://cdn.jsdelivr.net/gh/dennypa77/mass-upload@main/foto-upload/toko3/pin-akrilik/PA-0000014.png,698768
Hangs on You,toko3,PIN AKRILIK,PA-0000015,varian,E:\Project\Mass upload shopee\foto-upload\toko3\pin-akrilik\PA-0000015.png,https://cdn.jsdelivr.net/gh/dennypa77/mass-upload@main/foto-upload/toko3/pin-akrilik/PA-0000015.png,711216
Hangs on You,toko3,PIN AKRILIK,PA-0000016,varian,E:\Project\Mass upload shopee\foto-upload\toko3\pin-akrilik\PA-0000016.png,https://cdn.jsdelivr.net/gh/dennypa77/mass-upload@main/foto-upload/toko3/pin-akrilik/PA-0000016.png,721330
Hangs on You,toko3,PIN AKRILIK,PA-0000017,varian,E:\Project\Mass upload shopee\foto-upload\toko3\pin-akrilik\PA-0000017.png,https://cdn.jsdelivr.net/gh/dennypa77/mass-upload@main/foto-upload/toko3/pin-akrilik/PA-0000017.png,713298
Hangs on You,toko3,PIN AKRILIK,PA-0000018,varian,E:\Project\Mass upload shopee\foto-upload\toko3\pin-akrilik\PA-0000018.png,https://cdn.jsdelivr.net/gh/dennypa77/mass-upload@main/foto-upload/toko3/pin-akrilik/PA-0000018.png,724401
Hangs on You,toko3,PIN AKRILIK,PA-0000019,varian,E:\Project\Mass upload shopee\foto-upload\toko3\pin-akrilik\PA-0000019.png,https://cdn.jsdelivr.net/gh/dennypa77/mass-upload@main/foto-upload/toko3/pin-akrilik/PA-0000019.png,699355
Hangs on You,toko3,PIN AKRILIK,PA-0000020,varian,E:\Project\Mass upload shopee\foto-upload\toko3\pin-akrilik\PA-0000020.png,https://cdn.jsdelivr.net/gh/dennypa77/mass-upload@main/foto-upload/toko3/pin-akrilik/PA-0000020.png,718514
Hangs on You,toko3,PIN AKRILIK,PA-0000021,varian,E:\Project\Mass upload shopee\foto-upload\toko3\pin-akrilik\PA-0000021.png,https://cdn.jsdelivr.net/gh/dennypa77/mass-upload@main/foto-upload/toko3/pin-akrilik/PA-0000021.png,713838
Hangs on You,toko3,PIN AKRILIK,PA-0000022,varian,E:\Project\Mass upload shopee\foto-upload\toko3\pin-akrilik\PA-0000022.png,https://cdn.jsdelivr.net/gh/dennypa77/mass-upload@main/foto-upload/toko3/pin-akrilik/PA-0000022.png,753338
Hangs on You,toko3,PIN AKRILIK,PA-0000023,varian,E:\Project\Mass upload shopee\foto-upload\toko3\pin-akrilik\PA-0000023.png,https://cdn.jsdelivr.net/gh/dennypa77/mass-upload@main/foto-upload/toko3/pin-akrilik/PA-0000023.png,717277
Hangs on You,toko3,PIN AKRILIK,PA-0000024,varian,E:\Project\Mass upload shopee\foto-upload\toko3\pin-akrilik\PA-0000024.png,https://cdn.jsdelivr.net/gh/dennypa77/mass-upload@main/foto-upload/toko3/pin-akrilik/PA-0000024.png,726199
Hangs on You,toko3,PIN AKRILIK,PA-0000025,varian,E:\Project\Mass upload shopee\foto-upload\toko3\pin-akrilik\PA-0000025.png,https://cdn.jsdelivr.net/gh/dennypa77/mass-upload@main/foto-upload/toko3/pin-akrilik/PA-0000025.png,745163
Hangs on You,toko3,PIN AKRILIK,PA-0000026,varian,E:\Project\Mass upload shopee\foto-upload\toko3\pin-akrilik\PA-0000026.png,https://cdn.jsdelivr.net/gh/dennypa77/mass-upload@main/foto-upload/toko3/pin-akrilik/PA-0000026.png,711310
Hangs on You,toko3,PIN AKRILIK,PA-0000027,varian,E:\Project\Mass upload shopee\foto-upload\toko3\pin-akrilik\PA-0000027.png,https://cdn.jsdelivr.net/gh/dennypa77/mass-upload@main/foto-upload/toko3/pin-akrilik/PA-0000027.png,715241
Hangs on You,toko3,PIN AKRILIK,PA-0000028,varian,E:\Project\Mass upload shopee\foto-upload\toko3\pin-akrilik\PA-0000028.png,https://cdn.jsdelivr.net/gh/dennypa77/mass-upload@main/foto-upload/toko3/pin-akrilik/PA-0000028.png,741882
Hangs on You,toko3,PIN AKRILIK,PA-0000029,varian,E:\Project\Mass upload shopee\foto-upload\toko3\pin-akrilik\PA-0000029.png,https://cdn.jsdelivr.net/gh/dennypa77/mass-upload@main/foto-upload/toko3/pin-akrilik/PA-0000029.png,744344
Hangs on You,toko3,PIN AKRILIK,PA-0000030,varian,E:\Project\Mass upload shopee\foto-upload\toko3\pin-akrilik\PA-0000030.png,https://cdn.jsdelivr.net/gh/dennypa77/mass-upload@main/foto-upload/toko3/pin-akrilik/PA-0000030.png,705149
Hangs on You,toko3,PIN AKRILIK,PA-0000031,varian,E:\Project\Mass upload shopee\foto-upload\toko3\pin-akrilik\PA-0000031.png,https://cdn.jsdelivr.net/gh/dennypa77/mass-upload@main/foto-upload/toko3/pin-akrilik/PA-0000031.png,703888
Hangs on You,toko3,PIN AKRILIK,PA-0000032,varian,E:\Project\Mass upload shopee\foto-upload\toko3\pin-akrilik\PA-0000032.png,https://cdn.jsdelivr.net/gh/dennypa77/mass-upload@main/foto-upload/toko3/pin-akrilik/PA-0000032.png,737785
Hangs on You,toko3,PIN AKRILIK,PA-0000033,varian,E:\Project\Mass upload shopee\foto-upload\toko3\pin-akrilik\PA-0000033.png,https://cdn.jsdelivr.net/gh/dennypa77/mass-upload@main/foto-upload/toko3/pin-akrilik/PA-0000033.png,749273
Hangs on You,toko3,PIN AKRILIK,PA-0000034,varian,E:\Project\Mass upload shopee\foto-upload\toko3\pin-akrilik\PA-0000034.png,https://cdn.jsdelivr.net/gh/dennypa77/mass-upload@main/foto-upload/toko3/pin-akrilik/PA-0000034.png,683521
Hangs on You,toko3,PIN AKRILIK,PA-0000035,varian,E:\Project\Mass upload shopee\foto-upload\toko3\pin-akrilik\PA-0000035.png,https://cdn.jsdelivr.net/gh/dennypa77/mass-upload@main/foto-upload/toko3/pin-akrilik/PA-0000035.png,727453
Hangs on You,toko3,PIN AKRILIK,PA-0000036,varian,E:\Project\Mass upload shopee\foto-upload\toko3\pin-akrilik\PA-0000036.png,https://cdn.jsdelivr.net/gh/dennypa77/mass-upload@main/foto-upload/toko3/pin-akrilik/PA-0000036.png,706827
Hangs on You,toko3,PIN AKRILIK,PA-0000037,varian,E:\Project\Mass upload shopee\foto-upload\toko3\pin-akrilik\PA-0000037.png,https://cdn.jsdelivr.net/gh/dennypa77/mass-upload@main/foto-upload/toko3/pin-akrilik/PA-0000037.png,728341
Hangs on You,toko3,PIN AKRILIK,PA-0000038,varian,E:\Project\Mass upload shopee\foto-upload\toko3\pin-akrilik\PA-0000038.png,https://cdn.jsdelivr.net/gh/dennypa77/mass-upload@main/foto-upload/toko3/pin-akrilik/PA-0000038.png,702666
Hangs on You,toko3,PIN AKRILIK,PA-0000039,varian,E:\Project\Mass upload shopee\foto-upload\toko3\pin-akrilik\PA-0000039.png,https://cdn.jsdelivr.net/gh/dennypa77/mass-upload@main/foto-upload/toko3/pin-akrilik/PA-0000039.png,713931
Hangs on You,toko3,PIN AKRILIK,PA-0000040,varian,E:\Project\Mass upload shopee\foto-upload\toko3\pin-akrilik\PA-0000040.png,https://cdn.jsdelivr.net/gh/dennypa77/mass-upload@main/foto-upload/toko3/pin-akrilik/PA-0000040.png,703374
Hangs on You,toko3,PIN AKRILIK,PA-0000041,varian,E:\Project\Mass upload shopee\foto-upload\toko3\pin-akrilik\PA-0000041.png,https://cdn.jsdelivr.net/gh/dennypa77/mass-upload@main/foto-upload/toko3/pin-akrilik/PA-0000041.png,720391
Hangs on You,toko3,PIN AKRILIK,PA-0000042,varian,E:\Project\Mass upload shopee\foto-upload\toko3\pin-akrilik\PA-0000042.png,https://cdn.jsdelivr.net/gh/dennypa77/mass-upload@main/foto-upload/toko3/pin-akrilik/PA-0000042.png,725339
Hangs on You,toko3,PIN AKRILIK,PA-0000043,varian,E:\Project\Mass upload shopee\foto-upload\toko3\pin-akrilik\PA-0000043.png,https://cdn.jsdelivr.net/gh/dennypa77/mass-upload@main/foto-upload/toko3/pin-akrilik/PA-0000043.png,728084
Hangs on You,toko3,PIN AKRILIK,PA-0000044,varian,E:\Project\Mass upload shopee\foto-upload\toko3\pin-akrilik\PA-0000044.png,https://cdn.jsdelivr.net/gh/dennypa77/mass-upload@main/foto-upload/toko3/pin-akrilik/PA-0000044.png,728569
Hangs on You,toko3,PIN AKRILIK,PA-0000045,varian,E:\Project\Mass upload shopee\foto-upload\toko3\pin-akrilik\PA-0000045.png,https://cdn.jsdelivr.net/gh/dennypa77/mass-upload@main/foto-upload/toko3/pin-akrilik/PA-0000045.png,734341
Hangs on You,toko3,PIN AKRILIK,PA-0000046,varian,E:\Project\Mass upload shopee\foto-upload\toko3\pin-akrilik\PA-0000046.png,https://cdn.jsdelivr.net/gh/dennypa77/mass-upload@main/foto-upload/toko3/pin-akrilik/PA-0000046.png,694316
Hangs on You,toko3,PIN AKRILIK,PA-0000047,varian,E:\Project\Mass upload shopee\foto-upload\toko3\pin-akrilik\PA-0000047.png,https://cdn.jsdelivr.net/gh/dennypa77/mass-upload@main/foto-upload/toko3/pin-akrilik/PA-0000047.png,682962
Hangs on You,toko3,PIN AKRILIK,PA-0000048,varian,E:\Project\Mass upload shopee\foto-upload\toko3\pin-akrilik\PA-0000048.png,https://cdn.jsdelivr.net/gh/dennypa77/mass-upload@main/foto-upload/toko3/pin-akrilik/PA-0000048.png,708014
Hangs on You,toko3,PIN AKRILIK,PA-0000049,varian,E:\Project\Mass upload shopee\foto-upload\toko3\pin-akrilik\PA-0000049.png,https://cdn.jsdelivr.net/gh/dennypa77/mass-upload@main/foto-upload/toko3/pin-akrilik/PA-0000049.png,688078
Hangs on You,toko3,PIN AKRILIK,PA-0000050,varian,E:\Project\Mass upload shopee\foto-upload\toko3\pin-akrilik\PA-0000050.png,https://cdn.jsdelivr.net/gh/dennypa77/mass-upload@main/foto-upload/toko3/pin-akrilik/PA-0000050.png,693044
Hangs on You,toko3,PIN AKRILIK,PA-0000051,varian,E:\Project\Mass upload shopee\foto-upload\toko3\pin-akrilik\PA-0000051.png,https://cdn.jsdelivr.net/gh/dennypa77/mass-upload@main/foto-upload/toko3/pin-akrilik/PA-0000051.png,723754
Hangs on You,toko3,PIN AKRILIK,PA-0000052,varian,E:\Project\Mass upload shopee\foto-upload\toko3\pin-akrilik\PA-0000052.png,https://cdn.jsdelivr.net/gh/dennypa77/mass-upload@main/foto-upload/toko3/pin-akrilik/PA-0000052.png,737711
Hangs on You,toko3,PIN AKRILIK,PA-0000053,varian,E:\Project\Mass upload shopee\foto-upload\toko3\pin-akrilik\PA-0000053.png,https://cdn.jsdelivr.net/gh/dennypa77/mass-upload@main/foto-upload/toko3/pin-akrilik/PA-0000053.png,757338
Hangs on You,toko3,PIN AKRILIK,PA-0000054,varian,E:\Project\Mass upload shopee\foto-upload\toko3\pin-akrilik\PA-0000054.png,https://cdn.jsdelivr.net/gh/dennypa77/mass-upload@main/foto-upload/toko3/pin-akrilik/PA-0000054.png,723808
Hangs on You,toko3,PIN AKRILIK,PA-0000055,varian,E:\Project\Mass upload shopee\foto-upload\toko3\pin-akrilik\PA-0000055.png,https://cdn.jsdelivr.net/gh/dennypa77/mass-upload@main/foto-upload/toko3/pin-akrilik/PA-0000055.png,748874
Hangs on You,toko3,PIN AKRILIK,PA-0000056,varian,E:\Project\Mass upload shopee\foto-upload\toko3\pin-akrilik\PA-0000056.png,https://cdn.jsdelivr.net/gh/dennypa77/mass-upload@main/foto-upload/toko3/pin-akrilik/PA-0000056.png,739946
Hangs on You,toko3,PIN AKRILIK,PA-0000057,varian,E:\Project\Mass upload shopee\foto-upload\toko3\pin-akrilik\PA-0000057.png,https://cdn.jsdelivr.net/gh/dennypa77/mass-upload@main/foto-upload/toko3/pin-akrilik/PA-0000057.png,743255
Hangs on You,toko3,PIN AKRILIK,PA-0000058,varian,E:\Project\Mass upload shopee\foto-upload\toko3\pin-akrilik\PA-0000058.png,https://cdn.jsdelivr.net/gh/dennypa77/mass-upload@main/foto-upload/toko3/pin-akrilik/PA-0000058.png,699938
Hangs on You,toko3,PIN AKRILIK,PA-0000059,varian,E:\Project\Mass upload shopee\foto-upload\toko3\pin-akrilik\PA-0000059.png,https://cdn.jsdelivr.net/gh/dennypa77/mass-upload@main/foto-upload/toko3/pin-akrilik/PA-0000059.png,706597
Hangs on You,toko3,PIN AKRILIK,PA-0000060,varian,E:\Project\Mass upload shopee\foto-upload\toko3\pin-akrilik\PA-0000060.png,https://cdn.jsdelivr.net/gh/dennypa77/mass-upload@main/foto-upload/toko3/pin-akrilik/PA-0000060.png,705500
Hangs on You,toko3,PIN AKRILIK,PA-0000061,varian,E:\Project\Mass upload shopee\foto-upload\toko3\pin-akrilik\PA-0000061.png,https://cdn.jsdelivr.net/gh/dennypa77/mass-upload@main/foto-upload/toko3/pin-akrilik/PA-0000061.png,727007
Hangs on You,toko3,PIN AKRILIK,PA-0000062,varian,E:\Project\Mass upload shopee\foto-upload\toko3\pin-akrilik\PA-0000062.png,https://cdn.jsdelivr.net/gh/dennypa77/mass-upload@main/foto-upload/toko3/pin-akrilik/PA-0000062.png,709601
Hangs on You,toko3,PIN AKRILIK,PA-0000063,varian,E:\Project\Mass upload shopee\foto-upload\toko3\pin-akrilik\PA-0000063.png,https://cdn.jsdelivr.net/gh/dennypa77/mass-upload@main/foto-upload/toko3/pin-akrilik/PA-0000063.png,711916
Hangs on You,toko3,PIN AKRILIK,PA-0000064,varian,E:\Project\Mass upload shopee\foto-upload\toko3\pin-akrilik\PA-0000064.png,https://cdn.jsdelivr.net/gh/dennypa77/mass-upload@main/foto-upload/toko3/pin-akrilik/PA-0000064.png,718644
Hangs on You,toko3,PIN AKRILIK,PA-0000065,varian,E:\Project\Mass upload shopee\foto-upload\toko3\pin-akrilik\PA-0000065.png,https://cdn.jsdelivr.net/gh/dennypa77/mass-upload@main/foto-upload/toko3/pin-akrilik/PA-0000065.png,662508
Hangs on You,toko3,PIN AKRILIK,PA-0000066,varian,E:\Project\Mass upload shopee\foto-upload\toko3\pin-akrilik\PA-0000066.png,https://cdn.jsdelivr.net/gh/dennypa77/mass-upload@main/foto-upload/toko3/pin-akrilik/PA-0000066.png,673386
Hangs on You,toko3,PIN AKRILIK,PA-0000067,varian,E:\Project\Mass upload shopee\foto-upload\toko3\pin-akrilik\PA-0000067.png,https://cdn.jsdelivr.net/gh/dennypa77/mass-upload@main/foto-upload/toko3/pin-akrilik/PA-0000067.png,677351
Hangs on You,toko3,PIN AKRILIK,PA-0000068,varian,E:\Project\Mass upload shopee\foto-upload\toko3\pin-akrilik\PA-0000068.png,https://cdn.jsdelivr.net/gh/dennypa77/mass-upload@main/foto-upload/toko3/pin-akrilik/PA-0000068.png,668421
Hangs on You,toko3,PIN AKRILIK,PA-0000069,varian,E:\Project\Mass upload shopee\foto-upload\toko3\pin-akrilik\PA-0000069.png,https://cdn.jsdelivr.net/gh/dennypa77/mass-upload@main/foto-upload/toko3/pin-akrilik/PA-0000069.png,675637
Hangs on You,toko3,PIN AKRILIK,PA-0000070,varian,E:\Project\Mass upload shopee\foto-upload\toko3\pin-akrilik\PA-0000070.png,https://cdn.jsdelivr.net/gh/dennypa77/mass-upload@main/foto-upload/toko3/pin-akrilik/PA-0000070.png,680086
Hangs on You,toko3,PIN AKRILIK,PA-0000071,varian,E:\Project\Mass upload shopee\foto-upload\toko3\pin-akrilik\PA-0000071.png,https://cdn.jsdelivr.net/gh/dennypa77/mass-upload@main/foto-upload/toko3/pin-akrilik/PA-0000071.png,668048
Hangs on You,toko3,PIN AKRILIK,PA-0000072,varian,E:\Project\Mass upload shopee\foto-upload\toko3\pin-akrilik\PA-0000072.png,https://cdn.jsdelivr.net/gh/dennypa77/mass-upload@main/foto-upload/toko3/pin-akrilik/PA-0000072.png,670480
Hangs on You,toko3,PIN AKRILIK,PA-0000073,varian,E:\Project\Mass upload shopee\foto-upload\toko3\pin-akrilik\PA-0000073.png,https://cdn.jsdelivr.net/gh/dennypa77/mass-upload@main/foto-upload/toko3/pin-akrilik/PA-0000073.png,664298
Hangs on You,toko3,PIN AKRILIK,PA-0000074,varian,E:\Project\Mass upload shopee\foto-upload\toko3\pin-akrilik\PA-0000074.png,https://cdn.jsdelivr.net/gh/dennypa77/mass-upload@main/foto-upload/toko3/pin-akrilik/PA-0000074.png,665817
Hangs on You,toko3,PIN AKRILIK,PA-0000075,varian,E:\Project\Mass upload shopee\foto-upload\toko3\pin-akrilik\PA-0000075.png,https://cdn.jsdelivr.net/gh/dennypa77/mass-upload@main/foto-upload/toko3/pin-akrilik/PA-0000075.png,671328
Hangs on You,toko3,PIN AKRILIK,PA-0000076,varian,E:\Project\Mass upload shopee\foto-upload\toko3\pin-akrilik\PA-0000076.png,https://cdn.jsdelivr.net/gh/dennypa77/mass-upload@main/foto-upload/toko3/pin-akrilik/PA-0000076.png,664462
Hangs on You,toko3,PIN AKRILIK,PA-0000077,varian,E:\Project\Mass upload shopee\foto-upload\toko3\pin-akrilik\PA-0000077.png,https://cdn.jsdelivr.net/gh/dennypa77/mass-upload@main/foto-upload/toko3/pin-akrilik/PA-0000077.png,666242
Hangs on You,toko3,PIN AKRILIK,PA-0000078,varian,E:\Project\Mass upload shopee\foto-upload\toko3\pin-akrilik\PA-0000078.png,https://cdn.jsdelivr.net/gh/dennypa77/mass-upload@main/foto-upload/toko3/pin-akrilik/PA-0000078.png,670695
Hangs on You,toko3,PIN AKRILIK,PA-0000079,varian,E:\Project\Mass upload shopee\foto-upload\toko3\pin-akrilik\PA-0000079.png,https://cdn.jsdelivr.net/gh/dennypa77/mass-upload@main/foto-upload/toko3/pin-akrilik/PA-0000079.png,712564
Hangs on You,toko3,PIN AKRILIK,PA-0000080,varian,E:\Project\Mass upload shopee\foto-upload\toko3\pin-akrilik\PA-0000080.png,https://cdn.jsdelivr.net/gh/dennypa77/mass-upload@main/foto-upload/toko3/pin-akrilik/PA-0000080.png,729662
Hangs on You,toko3,PIN AKRILIK,PA-0000081,varian,E:\Project\Mass upload shopee\foto-upload\toko3\pin-akrilik\PA-0000081.png,https://cdn.jsdelivr.net/gh/dennypa77/mass-upload@main/foto-upload/toko3/pin-akrilik/PA-0000081.png,765808
Hangs on You,toko3,PIN AKRILIK,PA-0000082,varian,E:\Project\Mass upload shopee\foto-upload\toko3\pin-akrilik\PA-0000082.png,https://cdn.jsdelivr.net/gh/dennypa77/mass-upload@main/foto-upload/toko3/pin-akrilik/PA-0000082.png,738817
Hangs on You,toko3,PIN AKRILIK,PA-0000083,varian,E:\Project\Mass upload shopee\foto-upload\toko3\pin-akrilik\PA-0000083.png,https://cdn.jsdelivr.net/gh/dennypa77/mass-upload@main/foto-upload/toko3/pin-akrilik/PA-0000083.png,721571
Hangs on You,toko3,PIN AKRILIK,PA-0000084,varian,E:\Project\Mass upload shopee\foto-upload\toko3\pin-akrilik\PA-0000084.png,https://cdn.jsdelivr.net/gh/dennypa77/mass-upload@main/foto-upload/toko3/pin-akrilik/PA-0000084.png,731744
Hangs on You,toko3,PIN AKRILIK,PA-0000085,varian,E:\Project\Mass upload shopee\foto-upload\toko3\pin-akrilik\PA-0000085.png,https://cdn.jsdelivr.net/gh/dennypa77/mass-upload@main/foto-upload/toko3/pin-akrilik/PA-0000085.png,739107
Hangs on You,toko3,PIN AKRILIK,PA-0000086,varian,E:\Project\Mass upload shopee\foto-upload\toko3\pin-akrilik\PA-0000086.png,https://cdn.jsdelivr.net/gh/dennypa77/mass-upload@main/foto-upload/toko3/pin-akrilik/PA-0000086.png,769035
Hangs on You,toko3,PIN AKRILIK,PA-0000087,varian,E:\Project\Mass upload shopee\foto-upload\toko3\pin-akrilik\PA-0000087.png,https://cdn.jsdelivr.net/gh/dennypa77/mass-upload@main/foto-upload/toko3/pin-akrilik/PA-0000087.png,686670
Hangs on You,toko3,PIN AKRILIK,PA-0000088,varian,E:\Project\Mass upload shopee\foto-upload\toko3\pin-akrilik\PA-0000088.png,https://cdn.jsdelivr.net/gh/dennypa77/mass-upload@main/foto-upload/toko3/pin-akrilik/PA-0000088.png,705775
Hangs on You,toko3,PIN AKRILIK,PA-0000089,varian,E:\Project\Mass upload shopee\foto-upload\toko3\pin-akrilik\PA-0000089.png,https://cdn.jsdelivr.net/gh/dennypa77/mass-upload@main/foto-upload/toko3/pin-akrilik/PA-0000089.png,676575
Hangs on You,toko3,PIN AKRILIK,PA-0000090,varian,E:\Project\Mass upload shopee\foto-upload\toko3\pin-akrilik\PA-0000090.png,https://cdn.jsdelivr.net/gh/dennypa77/mass-upload@main/foto-upload/toko3/pin-akrilik/PA-0000090.png,698943
Hangs on You,toko3,PIN AKRILIK,PA-0000091,varian,E:\Project\Mass upload shopee\foto-upload\toko3\pin-akrilik\PA-0000091.png,https://cdn.jsdelivr.net/gh/dennypa77/mass-upload@main/foto-upload/toko3/pin-akrilik/PA-0000091.png,686670
Hangs on You,toko3,PIN AKRILIK,PA-0000092,varian,E:\Project\Mass upload shopee\foto-upload\toko3\pin-akrilik\PA-0000092.png,https://cdn.jsdelivr.net/gh/dennypa77/mass-upload@main/foto-upload/toko3/pin-akrilik/PA-0000092.png,696179
Hangs on You,toko3,PIN AKRILIK,PA-0000093,varian,E:\Project\Mass upload shopee\foto-upload\toko3\pin-akrilik\PA-0000093.png,https://cdn.jsdelivr.net/gh/dennypa77/mass-upload@main/foto-upload/toko3/pin-akrilik/PA-0000093.png,727380
Hangs on You,toko3,PIN AKRILIK,PA-0000094,varian,E:\Project\Mass upload shopee\foto-upload\toko3\pin-akrilik\PA-0000094.png,https://cdn.jsdelivr.net/gh/dennypa77/mass-upload@main/foto-upload/toko3/pin-akrilik/PA-0000094.png,714348
Hangs on You,toko3,PIN AKRILIK,PA-0000095,varian,E:\Project\Mass upload shopee\foto-upload\toko3\pin-akrilik\PA-0000095.png,https://cdn.jsdelivr.net/gh/dennypa77/mass-upload@main/foto-upload/toko3/pin-akrilik/PA-0000095.png,747020
Hangs on You,toko3,PIN AKRILIK,PA-0000096,varian,E:\Project\Mass upload shopee\foto-upload\toko3\pin-akrilik\PA-0000096.png,https://cdn.jsdelivr.net/gh/dennypa77/mass-upload@main/foto-upload/toko3/pin-akrilik/PA-0000096.png,677420
Hangs on You,toko3,PIN AKRILIK,PA-0000097,varian,E:\Project\Mass upload shopee\foto-upload\toko3\pin-akrilik\PA-0000097.png,https://cdn.jsdelivr.net/gh/dennypa77/mass-upload@main/foto-upload/toko3/pin-akrilik/PA-0000097.png,688612
Hangs on You,toko3,PIN AKRILIK,PA-0000098,varian,E:\Project\Mass upload shopee\foto-upload\toko3\pin-akrilik\PA-0000098.png,https://cdn.jsdelivr.net/gh/dennypa77/mass-upload@main/foto-upload/toko3/pin-akrilik/PA-0000098.png,682677
Hangs on You,toko3,PIN AKRILIK,PA-0000099,varian,E:\Project\Mass upload shopee\foto-upload\toko3\pin-akrilik\PA-0000099.png,https://cdn.jsdelivr.net/gh/dennypa77/mass-upload@main/foto-upload/toko3/pin-akrilik/PA-0000099.png,726142
Hangs on You,toko3,PIN AKRILIK,PA-0000100,varian,E:\Project\Mass upload shopee\foto-upload\toko3\pin-akrilik\PA-0000100.png,https://cdn.jsdelivr.net/gh/dennypa77/mass-upload@main/foto-upload/toko3/pin-akrilik/PA-0000100.png,736952
Hangs on You,toko3,PIN AKRILIK,PA-0000151,varian,E:\Project\Mass upload shopee\foto-upload\toko3\pin-akrilik\PA-0000151.png,https://cdn.jsdelivr.net/gh/dennypa77/mass-upload@main/foto-upload/toko3/pin-akrilik/PA-0000151.png,240972
Hangs on You,toko3,PIN AKRILIK,PA-0000152,varian,E:\Project\Mass upload shopee\foto-upload\toko3\pin-akrilik\PA-0000152.png,https://cdn.jsdelivr.net/gh/dennypa77/mass-upload@main/foto-upload/toko3/pin-akrilik/PA-0000152.png,250258
Hangs on You,toko3,PIN AKRILIK,PA-0000153,varian,E:\Project\Mass upload shopee\foto-upload\toko3\pin-akrilik\PA-0000153.png,https://cdn.jsdelivr.net/gh/dennypa77/mass-upload@main/foto-upload/toko3/pin-akrilik/PA-0000153.png,249340
Hangs on You,toko3,PIN AKRILIK,PA-0000154,varian,E:\Project\Mass upload shopee\foto-upload\toko3\pin-akrilik\PA-0000154.png,https://cdn.jsdelivr.net/gh/dennypa77/mass-upload@main/foto-upload/toko3/pin-akrilik/PA-0000154.png,239112
Hangs on You,toko3,PIN AKRILIK,PA-0000155,varian,E:\Project\Mass upload shopee\foto-upload\toko3\pin-akrilik\PA-0000155.png,https://cdn.jsdelivr.net/gh/dennypa77/mass-upload@main/foto-upload/toko3/pin-akrilik/PA-0000155.png,255284
Hangs on You,toko3,PIN AKRILIK,PA-0000156,varian,E:\Project\Mass upload shopee\foto-upload\toko3\pin-akrilik\PA-0000156.png,https://cdn.jsdelivr.net/gh/dennypa77/mass-upload@main/foto-upload/toko3/pin-akrilik/PA-0000156.png,247854
Hangs on You,toko3,PIN AKRILIK,PA-0000157,varian,E:\Project\Mass upload shopee\foto-upload\toko3\pin-akrilik\PA-0000157.png,https://cdn.jsdelivr.net/gh/dennypa77/mass-upload@main/foto-upload/toko3/pin-akrilik/PA-0000157.png,261188
Hangs on You,toko3,PIN AKRILIK,PA-0000158,varian,E:\Project\Mass upload shopee\foto-upload\toko3\pin-akrilik\PA-0000158.png,https://cdn.jsdelivr.net/gh/dennypa77/mass-upload@main/foto-upload/toko3/pin-akrilik/PA-0000158.png,254229
Hangs on You,toko3,PIN AKRILIK,PA-0000159,varian,E:\Project\Mass upload shopee\foto-upload\toko3\pin-akrilik\PA-0000159.png,https://cdn.jsdelivr.net/gh/dennypa77/mass-upload@main/foto-upload/toko3/pin-akrilik/PA-0000159.png,240103
Hangs on You,toko3,PIN AKRILIK,PA-0000160,varian,E:\Project\Mass upload shopee\foto-upload\toko3\pin-akrilik\PA-0000160.png,https://cdn.jsdelivr.net/gh/dennypa77/mass-upload@main/foto-upload/toko3/pin-akrilik/PA-0000160.png,251894
Hangs on You,toko3,PIN AKRILIK,PA-0000161,varian,E:\Project\Mass upload shopee\foto-upload\toko3\pin-akrilik\PA-0000161.png,https://cdn.jsdelivr.net/gh/dennypa77/mass-upload@main/foto-upload/toko3/pin-akrilik/PA-0000161.png,231729
Hangs on You,toko3,PIN AKRILIK,PA-0000162,varian,E:\Project\Mass upload shopee\foto-upload\toko3\pin-akrilik\PA-0000162.png,https://cdn.jsdelivr.net/gh/dennypa77/mass-upload@main/foto-upload/toko3/pin-akrilik/PA-0000162.png,252052
Hangs on You,toko3,PIN AKRILIK,PA-0000163,varian,E:\Project\Mass upload shopee\foto-upload\toko3\pin-akrilik\PA-0000163.png,https://cdn.jsdelivr.net/gh/dennypa77/mass-upload@main/foto-upload/toko3/pin-akrilik/PA-0000163.png,245647
Hangs on You,toko3,PIN AKRILIK,PA-0000164,varian,E:\Project\Mass upload shopee\foto-upload\toko3\pin-akrilik\PA-0000164.png,https://cdn.jsdelivr.net/gh/dennypa77/mass-upload@main/foto-upload/toko3/pin-akrilik/PA-0000164.png,260542
Hangs on You,toko3,PIN AKRILIK,PA-0000165,varian,E:\Project\Mass upload shopee\foto-upload\toko3\pin-akrilik\PA-0000165.png,https://cdn.jsdelivr.net/gh/dennypa77/mass-upload@main/foto-upload/toko3/pin-akrilik/PA-0000165.png,247487
Hangs on You,toko3,PIN AKRILIK,PA-0000166,varian,E:\Project\Mass upload shopee\foto-upload\toko3\pin-akrilik\PA-0000166.png,https://cdn.jsdelivr.net/gh/dennypa77/mass-upload@main/foto-upload/toko3/pin-akrilik/PA-0000166.png,255909
Hangs on You,toko3,PIN AKRILIK,PA-0000167,varian,E:\Project\Mass upload shopee\foto-upload\toko3\pin-akrilik\PA-0000167.png,https://cdn.jsdelivr.net/gh/dennypa77/mass-upload@main/foto-upload/toko3/pin-akrilik/PA-0000167.png,250280
Hangs on You,toko3,PIN AKRILIK,PA-0000168,varian,E:\Project\Mass upload shopee\foto-upload\toko3\pin-akrilik\PA-0000168.png,https://cdn.jsdelivr.net/gh/dennypa77/mass-upload@main/foto-upload/toko3/pin-akrilik/PA-0000168.png,254053
Hangs on You,toko3,PIN AKRILIK,PA-0000169,varian,E:\Project\Mass upload shopee\foto-upload\toko3\pin-akrilik\PA-0000169.png,https://cdn.jsdelivr.net/gh/dennypa77/mass-upload@main/foto-upload/toko3/pin-akrilik/PA-0000169.png,246463
Hangs on You,toko3,PIN AKRILIK,PA-0000170,varian,E:\Project\Mass upload shopee\foto-upload\toko3\pin-akrilik\PA-0000170.png,https://cdn.jsdelivr.net/gh/dennypa77/mass-upload@main/foto-upload/toko3/pin-akrilik/PA-0000170.png,240168
Hangs on You,toko3,PIN AKRILIK,PA-0000171,varian,E:\Project\Mass upload shopee\foto-upload\toko3\pin-akrilik\PA-0000171.png,https://cdn.jsdelivr.net/gh/dennypa77/mass-upload@main/foto-upload/toko3/pin-akrilik/PA-0000171.png,238391
Hangs on You,toko3,PIN AKRILIK,PA-0000172,varian,E:\Project\Mass upload shopee\foto-upload\toko3\pin-akrilik\PA-0000172.png,https://cdn.jsdelivr.net/gh/dennypa77/mass-upload@main/foto-upload/toko3/pin-akrilik/PA-0000172.png,234733
Hangs on You,toko3,PIN AKRILIK,PA-0000173,varian,E:\Project\Mass upload shopee\foto-upload\toko3\pin-akrilik\PA-0000173.png,https://cdn.jsdelivr.net/gh/dennypa77/mass-upload@main/foto-upload/toko3/pin-akrilik/PA-0000173.png,245799
Hangs on You,toko3,PIN AKRILIK,PA-0000174,varian,E:\Project\Mass upload shopee\foto-upload\toko3\pin-akrilik\PA-0000174.png,https://cdn.jsdelivr.net/gh/dennypa77/mass-upload@main/foto-upload/toko3/pin-akrilik/PA-0000174.png,243518
Hangs on You,toko3,PIN AKRILIK,PA-0000175,varian,E:\Project\Mass upload shopee\foto-upload\toko3\pin-akrilik\PA-0000175.png,https://cdn.jsdelivr.net/gh/dennypa77/mass-upload@main/foto-upload/toko3/pin-akrilik/PA-0000175.png,248203
Hangs on You,toko3,PIN AKRILIK,PA-0000176,varian,E:\Project\Mass upload shopee\foto-upload\toko3\pin-akrilik\PA-0000176.png,https://cdn.jsdelivr.net/gh/dennypa77/mass-upload@main/foto-upload/toko3/pin-akrilik/PA-0000176.png,249160
Hangs on You,toko3,PIN AKRILIK,PA-0000177,varian,E:\Project\Mass upload shopee\foto-upload\toko3\pin-akrilik\PA-0000177.png,https://cdn.jsdelivr.net/gh/dennypa77/mass-upload@main/foto-upload/toko3/pin-akrilik/PA-0000177.png,247554
Hangs on You,toko3,PIN AKRILIK,PA-0000178,varian,E:\Project\Mass upload shopee\foto-upload\toko3\pin-akrilik\PA-0000178.png,https://cdn.jsdelivr.net/gh/dennypa77/mass-upload@main/foto-upload/toko3/pin-akrilik/PA-0000178.png,244530
Hangs on You,toko3,PIN AKRILIK,PA-0000179,varian,E:\Project\Mass upload shopee\foto-upload\toko3\pin-akrilik\PA-0000179.png,https://cdn.jsdelivr.net/gh/dennypa77/mass-upload@main/foto-upload/toko3/pin-akrilik/PA-0000179.png,258305
Hangs on You,toko3,PIN AKRILIK,PA-0000180,varian,E:\Project\Mass upload shopee\foto-upload\toko3\pin-akrilik\PA-0000180.png,https://cdn.jsdelivr.net/gh/dennypa77/mass-upload@main/foto-upload/toko3/pin-akrilik/PA-0000180.png,255794
Hangs on You,toko3,PIN AKRILIK,PA-0000181,varian,E:\Project\Mass upload shopee\foto-upload\toko3\pin-akrilik\PA-0000181.png,https://cdn.jsdelivr.net/gh/dennypa77/mass-upload@main/foto-upload/toko3/pin-akrilik/PA-0000181.png,238688
Hangs on You,toko3,PIN AKRILIK,PA-0000182,varian,E:\Project\Mass upload shopee\foto-upload\toko3\pin-akrilik\PA-0000182.png,https://cdn.jsdelivr.net/gh/dennypa77/mass-upload@main/foto-upload/toko3/pin-akrilik/PA-0000182.png,255745
Hangs on You,toko3,PIN AKRILIK,PA-0000183,varian,E:\Project\Mass upload shopee\foto-upload\toko3\pin-akrilik\PA-0000183.png,https://cdn.jsdelivr.net/gh/dennypa77/mass-upload@main/foto-upload/toko3/pin-akrilik/PA-0000183.png,246775
Hangs on You,toko3,PIN AKRILIK,PA-0000184,varian,E:\Project\Mass upload shopee\foto-upload\toko3\pin-akrilik\PA-0000184.png,https://cdn.jsdelivr.net/gh/dennypa77/mass-upload@main/foto-upload/toko3/pin-akrilik/PA-0000184.png,244105
Hangs on You,toko3,PIN AKRILIK,PA-0000185,varian,E:\Project\Mass upload shopee\foto-upload\toko3\pin-akrilik\PA-0000185.png,https://cdn.jsdelivr.net/gh/dennypa77/mass-upload@main/foto-upload/toko3/pin-akrilik/PA-0000185.png,244699
Hangs on You,toko3,PIN AKRILIK,PA-0000186,varian,E:\Project\Mass upload shopee\foto-upload\toko3\pin-akrilik\PA-0000186.png,https://cdn.jsdelivr.net/gh/dennypa77/mass-upload@main/foto-upload/toko3/pin-akrilik/PA-0000186.png,244444
Hangs on You,toko3,PIN AKRILIK,PA-0000187,varian,E:\Project\Mass upload shopee\foto-upload\toko3\pin-akrilik\PA-0000187.png,https://cdn.jsdelivr.net/gh/dennypa77/mass-upload@main/foto-upload/toko3/pin-akrilik/PA-0000187.png,241841
Hangs on You,toko3,PIN AKRILIK,PA-0000188,varian,E:\Project\Mass upload shopee\foto-upload\toko3\pin-akrilik\PA-0000188.png,https://cdn.jsdelivr.net/gh/dennypa77/mass-upload@main/foto-upload/toko3/pin-akrilik/PA-0000188.png,261306
Hangs on You,toko3,PIN AKRILIK,PA-0000189,varian,E:\Project\Mass upload shopee\foto-upload\toko3\pin-akrilik\PA-0000189.png,https://cdn.jsdelivr.net/gh/dennypa77/mass-upload@main/foto-upload/toko3/pin-akrilik/PA-0000189.png,239162
Hangs on You,toko3,PIN AKRILIK,PA-0000190,varian,E:\Project\Mass upload shopee\foto-upload\toko3\pin-akrilik\PA-0000190.png,https://cdn.jsdelivr.net/gh/dennypa77/mass-upload@main/foto-upload/toko3/pin-akrilik/PA-0000190.png,252642
Hangs on You,toko3,PIN AKRILIK,PA-0000191,varian,E:\Project\Mass upload shopee\foto-upload\toko3\pin-akrilik\PA-0000191.png,https://cdn.jsdelivr.net/gh/dennypa77/mass-upload@main/foto-upload/toko3/pin-akrilik/PA-0000191.png,220326
Hangs on You,toko3,PIN AKRILIK,PA-0000192,varian,E:\Project\Mass upload shopee\foto-upload\toko3\pin-akrilik\PA-0000192.png,https://cdn.jsdelivr.net/gh/dennypa77/mass-upload@main/foto-upload/toko3/pin-akrilik/PA-0000192.png,253052
Hangs on You,toko3,PIN AKRILIK,PA-0000193,varian,E:\Project\Mass upload shopee\foto-upload\toko3\pin-akrilik\PA-0000193.png,https://cdn.jsdelivr.net/gh/dennypa77/mass-upload@main/foto-upload/toko3/pin-akrilik/PA-0000193.png,261916
Hangs on You,toko3,PIN AKRILIK,PA-0000194,varian,E:\Project\Mass upload shopee\foto-upload\toko3\pin-akrilik\PA-0000194.png,https://cdn.jsdelivr.net/gh/dennypa77/mass-upload@main/foto-upload/toko3/pin-akrilik/PA-0000194.png,257184
Hangs on You,toko3,PIN AKRILIK,PA-0000195,varian,E:\Project\Mass upload shopee\foto-upload\toko3\pin-akrilik\PA-0000195.png,https://cdn.jsdelivr.net/gh/dennypa77/mass-upload@main/foto-upload/toko3/pin-akrilik/PA-0000195.png,267857
Hangs on You,toko3,PIN AKRILIK,PA-0000196,varian,E:\Project\Mass upload shopee\foto-upload\toko3\pin-akrilik\PA-0000196.png,https://cdn.jsdelivr.net/gh/dennypa77/mass-upload@main/foto-upload/toko3/pin-akrilik/PA-0000196.png,257915
Hangs on You,toko3,PIN AKRILIK,PA-0000197,varian,E:\Project\Mass upload shopee\foto-upload\toko3\pin-akrilik\PA-0000197.png,https://cdn.jsdelivr.net/gh/dennypa77/mass-upload@main/foto-upload/toko3/pin-akrilik/PA-0000197.png,238701
Hangs on You,toko3,PIN AKRILIK,PA-0000198,varian,E:\Project\Mass upload shopee\foto-upload\toko3\pin-akrilik\PA-0000198.png,https://cdn.jsdelivr.net/gh/dennypa77/mass-upload@main/foto-upload/toko3/pin-akrilik/PA-0000198.png,250207
Hangs on You,toko3,PIN AKRILIK,PA-0000199,varian,E:\Project\Mass upload shopee\foto-upload\toko3\pin-akrilik\PA-0000199.png,https://cdn.jsdelivr.net/gh/dennypa77/mass-upload@main/foto-upload/toko3/pin-akrilik/PA-0000199.png,246802
Hangs on You,toko3,PIN AKRILIK,PA-0000200,varian,E:\Project\Mass upload shopee\foto-upload\toko3\pin-akrilik\PA-0000200.png,https://cdn.jsdelivr.net/gh/dennypa77/mass-upload@main/foto-upload/toko3/pin-akrilik/PA-0000200.png,240540
Hangs on You,toko3,PIN AKRILIK,PA-0000201,varian,E:\Project\Mass upload shopee\foto-upload\toko3\pin-akrilik\PA-0000201.png,https://cdn.jsdelivr.net/gh/dennypa77/mass-upload@main/foto-upload/toko3/pin-akrilik/PA-0000201.png,1868186
Hangs on You,toko3,PIN AKRILIK,PA-0000202,varian,E:\Project\Mass upload shopee\foto-upload\toko3\pin-akrilik\PA-0000202.png,https://cdn.jsdelivr.net/gh/dennypa77/mass-upload@main/foto-upload/toko3/pin-akrilik/PA-0000202.png,1848100
Hangs on You,toko3,PIN AKRILIK,PA-0000203,varian,E:\Project\Mass upload shopee\foto-upload\toko3\pin-akrilik\PA-0000203.png,https://cdn.jsdelivr.net/gh/dennypa77/mass-upload@main/foto-upload/toko3/pin-akrilik/PA-0000203.png,1814266
Hangs on You,toko3,PIN AKRILIK,PA-0000204,varian,E:\Project\Mass upload shopee\foto-upload\toko3\pin-akrilik\PA-0000204.png,https://cdn.jsdelivr.net/gh/dennypa77/mass-upload@main/foto-upload/toko3/pin-akrilik/PA-0000204.png,1852437
Hangs on You,toko3,PIN AKRILIK,PA-0000205,varian,E:\Project\Mass upload shopee\foto-upload\toko3\pin-akrilik\PA-0000205.png,https://cdn.jsdelivr.net/gh/dennypa77/mass-upload@main/foto-upload/toko3/pin-akrilik/PA-0000205.png,1866659
Hangs on You,toko3,PIN AKRILIK,PA-0000206,varian,E:\Project\Mass upload shopee\foto-upload\toko3\pin-akrilik\PA-0000206.png,https://cdn.jsdelivr.net/gh/dennypa77/mass-upload@main/foto-upload/toko3/pin-akrilik/PA-0000206.png,1839319
Hangs on You,toko3,PIN AKRILIK,PA-0000207,varian,E:\Project\Mass upload shopee\foto-upload\toko3\pin-akrilik\PA-0000207.png,https://cdn.jsdelivr.net/gh/dennypa77/mass-upload@main/foto-upload/toko3/pin-akrilik/PA-0000207.png,1811664
Hangs on You,toko3,PIN AKRILIK,PA-0000208,varian,E:\Project\Mass upload shopee\foto-upload\toko3\pin-akrilik\PA-0000208.png,https://cdn.jsdelivr.net/gh/dennypa77/mass-upload@main/foto-upload/toko3/pin-akrilik/PA-0000208.png,1883208
Hangs on You,toko3,PIN AKRILIK,PA-0000209,varian,E:\Project\Mass upload shopee\foto-upload\toko3\pin-akrilik\PA-0000209.png,https://cdn.jsdelivr.net/gh/dennypa77/mass-upload@main/foto-upload/toko3/pin-akrilik/PA-0000209.png,1862346
Hangs on You,toko3,PIN AKRILIK,PA-0000210,varian,E:\Project\Mass upload shopee\foto-upload\toko3\pin-akrilik\PA-0000210.png,https://cdn.jsdelivr.net/gh/dennypa77/mass-upload@main/foto-upload/toko3/pin-akrilik/PA-0000210.png,1877159
Hangs on You,toko3,PIN AKRILIK,PA-0000211,varian,E:\Project\Mass upload shopee\foto-upload\toko3\pin-akrilik\PA-0000211.png,https://cdn.jsdelivr.net/gh/dennypa77/mass-upload@main/foto-upload/toko3/pin-akrilik/PA-0000211.png,1825339
Hangs on You,toko3,PIN AKRILIK,PA-0000212,varian,E:\Project\Mass upload shopee\foto-upload\toko3\pin-akrilik\PA-0000212.png,https://cdn.jsdelivr.net/gh/dennypa77/mass-upload@main/foto-upload/toko3/pin-akrilik/PA-0000212.png,1897803
Hangs on You,toko3,PIN AKRILIK,PA-0000213,varian,E:\Project\Mass upload shopee\foto-upload\toko3\pin-akrilik\PA-0000213.png,https://cdn.jsdelivr.net/gh/dennypa77/mass-upload@main/foto-upload/toko3/pin-akrilik/PA-0000213.png,1814106
Hangs on You,toko3,PIN AKRILIK,PA-0000214,varian,E:\Project\Mass upload shopee\foto-upload\toko3\pin-akrilik\PA-0000214.png,https://cdn.jsdelivr.net/gh/dennypa77/mass-upload@main/foto-upload/toko3/pin-akrilik/PA-0000214.png,1728571
Hangs on You,toko3,PIN AKRILIK,PA-0000215,varian,E:\Project\Mass upload shopee\foto-upload\toko3\pin-akrilik\PA-0000215.png,https://cdn.jsdelivr.net/gh/dennypa77/mass-upload@main/foto-upload/toko3/pin-akrilik/PA-0000215.png,1963099
Hangs on You,toko3,PIN AKRILIK,PA-0000216,varian,E:\Project\Mass upload shopee\foto-upload\toko3\pin-akrilik\PA-0000216.png,https://cdn.jsdelivr.net/gh/dennypa77/mass-upload@main/foto-upload/toko3/pin-akrilik/PA-0000216.png,1741494
Hangs on You,toko3,PIN AKRILIK,PA-0000217,varian,E:\Project\Mass upload shopee\foto-upload\toko3\pin-akrilik\PA-0000217.png,https://cdn.jsdelivr.net/gh/dennypa77/mass-upload@main/foto-upload/toko3/pin-akrilik/PA-0000217.png,1814254
Hangs on You,toko3,PIN AKRILIK,PA-0000218,varian,E:\Project\Mass upload shopee\foto-upload\toko3\pin-akrilik\PA-0000218.png,https://cdn.jsdelivr.net/gh/dennypa77/mass-upload@main/foto-upload/toko3/pin-akrilik/PA-0000218.png,1788212
Hangs on You,toko3,PIN AKRILIK,PA-0000219,varian,E:\Project\Mass upload shopee\foto-upload\toko3\pin-akrilik\PA-0000219.png,https://cdn.jsdelivr.net/gh/dennypa77/mass-upload@main/foto-upload/toko3/pin-akrilik/PA-0000219.png,1728285
Hangs on You,toko3,PIN AKRILIK,PA-0000220,varian,E:\Project\Mass upload shopee\foto-upload\toko3\pin-akrilik\PA-0000220.png,https://cdn.jsdelivr.net/gh/dennypa77/mass-upload@main/foto-upload/toko3/pin-akrilik/PA-0000220.png,1831953
Hangs on You,toko3,PIN AKRILIK,PA-0000221,varian,E:\Project\Mass upload shopee\foto-upload\toko3\pin-akrilik\PA-0000221.png,https://cdn.jsdelivr.net/gh/dennypa77/mass-upload@main/foto-upload/toko3/pin-akrilik/PA-0000221.png,1675085
Hangs on You,toko3,PIN AKRILIK,PA-0000222,varian,E:\Project\Mass upload shopee\foto-upload\toko3\pin-akrilik\PA-0000222.png,https://cdn.jsdelivr.net/gh/dennypa77/mass-upload@main/foto-upload/toko3/pin-akrilik/PA-0000222.png,1804021
Hangs on You,toko3,PIN AKRILIK,PA-0000223,varian,E:\Project\Mass upload shopee\foto-upload\toko3\pin-akrilik\PA-0000223.png,https://cdn.jsdelivr.net/gh/dennypa77/mass-upload@main/foto-upload/toko3/pin-akrilik/PA-0000223.png,1859233
Hangs on You,toko3,PIN AKRILIK,PA-0000224,varian,E:\Project\Mass upload shopee\foto-upload\toko3\pin-akrilik\PA-0000224.png,https://cdn.jsdelivr.net/gh/dennypa77/mass-upload@main/foto-upload/toko3/pin-akrilik/PA-0000224.png,1783004
Hangs on You,toko3,PIN AKRILIK,PA-0000225,varian,E:\Project\Mass upload shopee\foto-upload\toko3\pin-akrilik\PA-0000225.png,https://cdn.jsdelivr.net/gh/dennypa77/mass-upload@main/foto-upload/toko3/pin-akrilik/PA-0000225.png,1779651
Hangs on You,toko3,PIN AKRILIK,PA-0000226,varian,E:\Project\Mass upload shopee\foto-upload\toko3\pin-akrilik\PA-0000226.png,https://cdn.jsdelivr.net/gh/dennypa77/mass-upload@main/foto-upload/toko3/pin-akrilik/PA-0000226.png,1727104
Hangs on You,toko3,PIN AKRILIK,PA-0000227,varian,E:\Project\Mass upload shopee\foto-upload\toko3\pin-akrilik\PA-0000227.png,https://cdn.jsdelivr.net/gh/dennypa77/mass-upload@main/foto-upload/toko3/pin-akrilik/PA-0000227.png,1759339
Hangs on You,toko3,PIN AKRILIK,PA-0000228,varian,E:\Project\Mass upload shopee\foto-upload\toko3\pin-akrilik\PA-0000228.png,https://cdn.jsdelivr.net/gh/dennypa77/mass-upload@main/foto-upload/toko3/pin-akrilik/PA-0000228.png,1738634
Hangs on You,toko3,PIN AKRILIK,PA-0000229,varian,E:\Project\Mass upload shopee\foto-upload\toko3\pin-akrilik\PA-0000229.png,https://cdn.jsdelivr.net/gh/dennypa77/mass-upload@main/foto-upload/toko3/pin-akrilik/PA-0000229.png,1909403
Hangs on You,toko3,PIN AKRILIK,PA-0000230,varian,E:\Project\Mass upload shopee\foto-upload\toko3\pin-akrilik\PA-0000230.png,https://cdn.jsdelivr.net/gh/dennypa77/mass-upload@main/foto-upload/toko3/pin-akrilik/PA-0000230.png,1797306
Hangs on You,toko3,PIN AKRILIK,PA-0000231,varian,E:\Project\Mass upload shopee\foto-upload\toko3\pin-akrilik\PA-0000231.png,https://cdn.jsdelivr.net/gh/dennypa77/mass-upload@main/foto-upload/toko3/pin-akrilik/PA-0000231.png,1707430
Hangs on You,toko3,PIN AKRILIK,PA-0000232,varian,E:\Project\Mass upload shopee\foto-upload\toko3\pin-akrilik\PA-0000232.png,https://cdn.jsdelivr.net/gh/dennypa77/mass-upload@main/foto-upload/toko3/pin-akrilik/PA-0000232.png,1719942
Hangs on You,toko3,PIN AKRILIK,PA-0000233,varian,E:\Project\Mass upload shopee\foto-upload\toko3\pin-akrilik\PA-0000233.png,https://cdn.jsdelivr.net/gh/dennypa77/mass-upload@main/foto-upload/toko3/pin-akrilik/PA-0000233.png,1784445
Hangs on You,toko3,PIN AKRILIK,PA-0000234,varian,E:\Project\Mass upload shopee\foto-upload\toko3\pin-akrilik\PA-0000234.png,https://cdn.jsdelivr.net/gh/dennypa77/mass-upload@main/foto-upload/toko3/pin-akrilik/PA-0000234.png,1779920
Hangs on You,toko3,PIN AKRILIK,PA-0000235,varian,E:\Project\Mass upload shopee\foto-upload\toko3\pin-akrilik\PA-0000235.png,https://cdn.jsdelivr.net/gh/dennypa77/mass-upload@main/foto-upload/toko3/pin-akrilik/PA-0000235.png,1774832
Hangs on You,toko3,PIN AKRILIK,PA-0000236,varian,E:\Project\Mass upload shopee\foto-upload\toko3\pin-akrilik\PA-0000236.png,https://cdn.jsdelivr.net/gh/dennypa77/mass-upload@main/foto-upload/toko3/pin-akrilik/PA-0000236.png,1728732
Hangs on You,toko3,PIN AKRILIK,PA-0000237,varian,E:\Project\Mass upload shopee\foto-upload\toko3\pin-akrilik\PA-0000237.png,https://cdn.jsdelivr.net/gh/dennypa77/mass-upload@main/foto-upload/toko3/pin-akrilik/PA-0000237.png,1720523
Hangs on You,toko3,PIN AKRILIK,PA-0000238,varian,E:\Project\Mass upload shopee\foto-upload\toko3\pin-akrilik\PA-0000238.png,https://cdn.jsdelivr.net/gh/dennypa77/mass-upload@main/foto-upload/toko3/pin-akrilik/PA-0000238.png,1741807
Hangs on You,toko3,PIN AKRILIK,PA-0000239,varian,E:\Project\Mass upload shopee\foto-upload\toko3\pin-akrilik\PA-0000239.png,https://cdn.jsdelivr.net/gh/dennypa77/mass-upload@main/foto-upload/toko3/pin-akrilik/PA-0000239.png,1779116
Hangs on You,toko3,PIN AKRILIK,PA-0000240,varian,E:\Project\Mass upload shopee\foto-upload\toko3\pin-akrilik\PA-0000240.png,https://cdn.jsdelivr.net/gh/dennypa77/mass-upload@main/foto-upload/toko3/pin-akrilik/PA-0000240.png,1818164
Hangs on You,toko3,PIN AKRILIK,PA-0000241,varian,E:\Project\Mass upload shopee\foto-upload\toko3\pin-akrilik\PA-0000241.png,https://cdn.jsdelivr.net/gh/dennypa77/mass-upload@main/foto-upload/toko3/pin-akrilik/PA-0000241.png,1711879
Hangs on You,toko3,PIN AKRILIK,PA-0000242,varian,E:\Project\Mass upload shopee\foto-upload\toko3\pin-akrilik\PA-0000242.png,https://cdn.jsdelivr.net/gh/dennypa77/mass-upload@main/foto-upload/toko3/pin-akrilik/PA-0000242.png,1728224
Hangs on You,toko3,PIN AKRILIK,PA-0000243,varian,E:\Project\Mass upload shopee\foto-upload\toko3\pin-akrilik\PA-0000243.png,https://cdn.jsdelivr.net/gh/dennypa77/mass-upload@main/foto-upload/toko3/pin-akrilik/PA-0000243.png,1705044
Hangs on You,toko3,PIN AKRILIK,PA-0000244,varian,E:\Project\Mass upload shopee\foto-upload\toko3\pin-akrilik\PA-0000244.png,https://cdn.jsdelivr.net/gh/dennypa77/mass-upload@main/foto-upload/toko3/pin-akrilik/PA-0000244.png,1717190
Hangs on You,toko3,PIN AKRILIK,PA-0000245,varian,E:\Project\Mass upload shopee\foto-upload\toko3\pin-akrilik\PA-0000245.png,https://cdn.jsdelivr.net/gh/dennypa77/mass-upload@main/foto-upload/toko3/pin-akrilik/PA-0000245.png,1675291
Hangs on You,toko3,PIN AKRILIK,PA-0000246,varian,E:\Project\Mass upload shopee\foto-upload\toko3\pin-akrilik\PA-0000246.png,https://cdn.jsdelivr.net/gh/dennypa77/mass-upload@main/foto-upload/toko3/pin-akrilik/PA-0000246.png,1712454
Hangs on You,toko3,PIN AKRILIK,PA-0000247,varian,E:\Project\Mass upload shopee\foto-upload\toko3\pin-akrilik\PA-0000247.png,https://cdn.jsdelivr.net/gh/dennypa77/mass-upload@main/foto-upload/toko3/pin-akrilik/PA-0000247.png,1714024
Hangs on You,toko3,PIN AKRILIK,PA-0000248,varian,E:\Project\Mass upload shopee\foto-upload\toko3\pin-akrilik\PA-0000248.png,https://cdn.jsdelivr.net/gh/dennypa77/mass-upload@main/foto-upload/toko3/pin-akrilik/PA-0000248.png,1825496
Hangs on You,toko3,PIN AKRILIK,PA-0000249,varian,E:\Project\Mass upload shopee\foto-upload\toko3\pin-akrilik\PA-0000249.png,https://cdn.jsdelivr.net/gh/dennypa77/mass-upload@main/foto-upload/toko3/pin-akrilik/PA-0000249.png,1708380
Hangs on You,toko3,PIN AKRILIK,PA-0000250,varian,E:\Project\Mass upload shopee\foto-upload\toko3\pin-akrilik\PA-0000250.png,https://cdn.jsdelivr.net/gh/dennypa77/mass-upload@main/foto-upload/toko3/pin-akrilik/PA-0000250.png,1717325
Hangs on You,toko3,PIN AKRILIK,PA-BLACKPINK-UTAMA1,utama,E:\Project\Mass upload shopee\foto-upload\toko3\pin-akrilik\PA-BLACKPINK-utama1.png,https://cdn.jsdelivr.net/gh/dennypa77/mass-upload@main/foto-upload/toko3/pin-akrilik/PA-BLACKPINK-utama1.png,1742063
Hangs on You,toko3,PIN AKRILIK,PA-BLACKPINK-UTAMA2,utama,E:\Project\Mass upload shopee\foto-upload\toko3\pin-akrilik\PA-BLACKPINK-utama2.png,https://cdn.jsdelivr.net/gh/dennypa77/mass-upload@main/foto-upload/toko3/pin-akrilik/PA-BLACKPINK-utama2.png,1124141
Hangs on You,toko3,PIN AKRILIK,PA-BLACKPINK-UTAMA3,utama,E:\Project\Mass upload shopee\foto-upload\toko3\pin-akrilik\PA-BLACKPINK-utama3.png,https://cdn.jsdelivr.net/gh/dennypa77/mass-upload@main/foto-upload/toko3/pin-akrilik/PA-BLACKPINK-utama3.png,1631016
Hangs on You,toko3,PIN AKRILIK,PA-BTS-UTAMA1,utama,E:\Project\Mass upload shopee\foto-upload\toko3\pin-akrilik\PA-BTS-utama1.png,https://cdn.jsdelivr.net/gh/dennypa77/mass-upload@main/foto-upload/toko3/pin-akrilik/PA-BTS-utama1.png,1617029
Hangs on You,toko3,PIN AKRILIK,PA-BTS-UTAMA2,utama,E:\Project\Mass upload shopee\foto-upload\toko3\pin-akrilik\PA-BTS-utama2.png,https://cdn.jsdelivr.net/gh/dennypa77/mass-upload@main/foto-upload/toko3/pin-akrilik/PA-BTS-utama2.png,996250
Hangs on You,toko3,PIN AKRILIK,PA-BTS-UTAMA3,utama,E:\Project\Mass upload shopee\foto-upload\toko3\pin-akrilik\PA-BTS-utama3.png,https://cdn.jsdelivr.net/gh/dennypa77/mass-upload@main/foto-upload/toko3/pin-akrilik/PA-BTS-utama3.png,1613161
Hangs on You,toko3,PIN AKRILIK,PA-CORTIS-UTAMA1,utama,E:\Project\Mass upload shopee\foto-upload\toko3\pin-akrilik\PA-CORTIS-utama1.png,https://cdn.jsdelivr.net/gh/dennypa77/mass-upload@main/foto-upload/toko3/pin-akrilik/PA-CORTIS-utama1.png,1647564
Hangs on You,toko3,PIN AKRILIK,PA-CORTIS-UTAMA2,utama,E:\Project\Mass upload shopee\foto-upload\toko3\pin-akrilik\PA-CORTIS-utama2.png,https://cdn.jsdelivr.net/gh/dennypa77/mass-upload@main/foto-upload/toko3/pin-akrilik/PA-CORTIS-utama2.png,1703475
Hangs on You,toko3,PIN AKRILIK,PA-CORTIS-UTAMA3,utama,E:\Project\Mass upload shopee\foto-upload\toko3\pin-akrilik\PA-CORTIS-utama3.png,https://cdn.jsdelivr.net/gh/dennypa77/mass-upload@main/foto-upload/toko3/pin-akrilik/PA-CORTIS-utama3.png,1862772
Hangs on You,toko3,PIN AKRILIK,PA-HEARTS2HEARTS-UTAMA1,utama,E:\Project\Mass upload shopee\foto-upload\toko3\pin-akrilik\PA-HEARTS2HEARTS-utama1.png,https://cdn.jsdelivr.net/gh/dennypa77/mass-upload@main/foto-upload/toko3/pin-akrilik/PA-HEARTS2HEARTS-utama1.png,1258962
Hangs on You,toko3,PIN AKRILIK,PA-HEARTS2HEARTS-UTAMA2,utama,E:\Project\Mass upload shopee\foto-upload\toko3\pin-akrilik\PA-HEARTS2HEARTS-utama2.png,https://cdn.jsdelivr.net/gh/dennypa77/mass-upload@main/foto-upload/toko3/pin-akrilik/PA-HEARTS2HEARTS-utama2.png,1836939
Hangs on You,toko3,PIN AKRILIK,PA-HEARTS2HEARTS-UTAMA3,utama,E:\Project\Mass upload shopee\foto-upload\toko3\pin-akrilik\PA-HEARTS2HEARTS-utama3.png,https://cdn.jsdelivr.net/gh/dennypa77/mass-upload@main/foto-upload/toko3/pin-akrilik/PA-HEARTS2HEARTS-utama3.png,1166064
Hangs on You,toko3,PIN BUTTON,PB-0000001,varian,E:\Project\Mass upload shopee\foto-upload\toko3\pin-button\PB-0000001.png,https://cdn.jsdelivr.net/gh/dennypa77/mass-upload@main/foto-upload/toko3/pin-button/PB-0000001.png,480702
Hangs on You,toko3,PIN BUTTON,PB-0000002,varian,E:\Project\Mass upload shopee\foto-upload\toko3\pin-button\PB-0000002.png,https://cdn.jsdelivr.net/gh/dennypa77/mass-upload@main/foto-upload/toko3/pin-button/PB-0000002.png,461260
Hangs on You,toko3,PIN BUTTON,PB-0000003,varian,E:\Project\Mass upload shopee\foto-upload\toko3\pin-button\PB-0000003.png,https://cdn.jsdelivr.net/gh/dennypa77/mass-upload@main/foto-upload/toko3/pin-button/PB-0000003.png,443184
Hangs on You,toko3,PIN BUTTON,PB-0000004,varian,E:\Project\Mass upload shopee\foto-upload\toko3\pin-button\PB-0000004.png,https://cdn.jsdelivr.net/gh/dennypa77/mass-upload@main/foto-upload/toko3/pin-button/PB-0000004.png,426625
Hangs on You,toko3,PIN BUTTON,PB-0000005,varian,E:\Project\Mass upload shopee\foto-upload\toko3\pin-button\PB-0000005.png,https://cdn.jsdelivr.net/gh/dennypa77/mass-upload@main/foto-upload/toko3/pin-button/PB-0000005.png,474188
Hangs on You,toko3,PIN BUTTON,PB-0000006,varian,E:\Project\Mass upload shopee\foto-upload\toko3\pin-button\PB-0000006.png,https://cdn.jsdelivr.net/gh/dennypa77/mass-upload@main/foto-upload/toko3/pin-button/PB-0000006.png,522186
Hangs on You,toko3,PIN BUTTON,PB-0000007,varian,E:\Project\Mass upload shopee\foto-upload\toko3\pin-button\PB-0000007.png,https://cdn.jsdelivr.net/gh/dennypa77/mass-upload@main/foto-upload/toko3/pin-button/PB-0000007.png,462022
Hangs on You,toko3,PIN BUTTON,PB-0000008,varian,E:\Project\Mass upload shopee\foto-upload\toko3\pin-button\PB-0000008.png,https://cdn.jsdelivr.net/gh/dennypa77/mass-upload@main/foto-upload/toko3/pin-button/PB-0000008.png,464599
Hangs on You,toko3,PIN BUTTON,PB-0000009,varian,E:\Project\Mass upload shopee\foto-upload\toko3\pin-button\PB-0000009.png,https://cdn.jsdelivr.net/gh/dennypa77/mass-upload@main/foto-upload/toko3/pin-button/PB-0000009.png,481637
Hangs on You,toko3,PIN BUTTON,PB-0000010,varian,E:\Project\Mass upload shopee\foto-upload\toko3\pin-button\PB-0000010.png,https://cdn.jsdelivr.net/gh/dennypa77/mass-upload@main/foto-upload/toko3/pin-button/PB-0000010.png,460340
Hangs on You,toko3,PIN BUTTON,PB-0000011,varian,E:\Project\Mass upload shopee\foto-upload\toko3\pin-button\PB-0000011.png,https://cdn.jsdelivr.net/gh/dennypa77/mass-upload@main/foto-upload/toko3/pin-button/PB-0000011.png,461320
Hangs on You,toko3,PIN BUTTON,PB-0000012,varian,E:\Project\Mass upload shopee\foto-upload\toko3\pin-button\PB-0000012.png,https://cdn.jsdelivr.net/gh/dennypa77/mass-upload@main/foto-upload/toko3/pin-button/PB-0000012.png,451896
Hangs on You,toko3,PIN BUTTON,PB-0000013,varian,E:\Project\Mass upload shopee\foto-upload\toko3\pin-button\PB-0000013.png,https://cdn.jsdelivr.net/gh/dennypa77/mass-upload@main/foto-upload/toko3/pin-button/PB-0000013.png,403175
Hangs on You,toko3,PIN BUTTON,PB-0000014,varian,E:\Project\Mass upload shopee\foto-upload\toko3\pin-button\PB-0000014.png,https://cdn.jsdelivr.net/gh/dennypa77/mass-upload@main/foto-upload/toko3/pin-button/PB-0000014.png,395735
Hangs on You,toko3,PIN BUTTON,PB-0000015,varian,E:\Project\Mass upload shopee\foto-upload\toko3\pin-button\PB-0000015.png,https://cdn.jsdelivr.net/gh/dennypa77/mass-upload@main/foto-upload/toko3/pin-button/PB-0000015.png,479101
Hangs on You,toko3,PIN BUTTON,PB-0000016,varian,E:\Project\Mass upload shopee\foto-upload\toko3\pin-button\PB-0000016.png,https://cdn.jsdelivr.net/gh/dennypa77/mass-upload@main/foto-upload/toko3/pin-button/PB-0000016.png,450278
Hangs on You,toko3,PIN BUTTON,PB-0000017,varian,E:\Project\Mass upload shopee\foto-upload\toko3\pin-button\PB-0000017.png,https://cdn.jsdelivr.net/gh/dennypa77/mass-upload@main/foto-upload/toko3/pin-button/PB-0000017.png,415011
Hangs on You,toko3,PIN BUTTON,PB-0000018,varian,E:\Project\Mass upload shopee\foto-upload\toko3\pin-button\PB-0000018.png,https://cdn.jsdelivr.net/gh/dennypa77/mass-upload@main/foto-upload/toko3/pin-button/PB-0000018.png,455805
Hangs on You,toko3,PIN BUTTON,PB-0000019,varian,E:\Project\Mass upload shopee\foto-upload\toko3\pin-button\PB-0000019.png,https://cdn.jsdelivr.net/gh/dennypa77/mass-upload@main/foto-upload/toko3/pin-button/PB-0000019.png,454151
Hangs on You,toko3,PIN BUTTON,PB-0000020,varian,E:\Project\Mass upload shopee\foto-upload\toko3\pin-button\PB-0000020.png,https://cdn.jsdelivr.net/gh/dennypa77/mass-upload@main/foto-upload/toko3/pin-button/PB-0000020.png,463948
Hangs on You,toko3,PIN BUTTON,PB-0000021,varian,E:\Project\Mass upload shopee\foto-upload\toko3\pin-button\PB-0000021.png,https://cdn.jsdelivr.net/gh/dennypa77/mass-upload@main/foto-upload/toko3/pin-button/PB-0000021.png,491202
Hangs on You,toko3,PIN BUTTON,PB-0000022,varian,E:\Project\Mass upload shopee\foto-upload\toko3\pin-button\PB-0000022.png,https://cdn.jsdelivr.net/gh/dennypa77/mass-upload@main/foto-upload/toko3/pin-button/PB-0000022.png,500352
Hangs on You,toko3,PIN BUTTON,PB-0000023,varian,E:\Project\Mass upload shopee\foto-upload\toko3\pin-button\PB-0000023.png,https://cdn.jsdelivr.net/gh/dennypa77/mass-upload@main/foto-upload/toko3/pin-button/PB-0000023.png,431618
Hangs on You,toko3,PIN BUTTON,PB-0000024,varian,E:\Project\Mass upload shopee\foto-upload\toko3\pin-button\PB-0000024.png,https://cdn.jsdelivr.net/gh/dennypa77/mass-upload@main/foto-upload/toko3/pin-button/PB-0000024.png,457310
Hangs on You,toko3,PIN BUTTON,PB-0000025,varian,E:\Project\Mass upload shopee\foto-upload\toko3\pin-button\PB-0000025.png,https://cdn.jsdelivr.net/gh/dennypa77/mass-upload@main/foto-upload/toko3/pin-button/PB-0000025.png,474132
Hangs on You,toko3,PIN BUTTON,PB-0000026,varian,E:\Project\Mass upload shopee\foto-upload\toko3\pin-button\PB-0000026.png,https://cdn.jsdelivr.net/gh/dennypa77/mass-upload@main/foto-upload/toko3/pin-button/PB-0000026.png,474459
Hangs on You,toko3,PIN BUTTON,PB-0000027,varian,E:\Project\Mass upload shopee\foto-upload\toko3\pin-button\PB-0000027.png,https://cdn.jsdelivr.net/gh/dennypa77/mass-upload@main/foto-upload/toko3/pin-button/PB-0000027.png,449752
Hangs on You,toko3,PIN BUTTON,PB-0000028,varian,E:\Project\Mass upload shopee\foto-upload\toko3\pin-button\PB-0000028.png,https://cdn.jsdelivr.net/gh/dennypa77/mass-upload@main/foto-upload/toko3/pin-button/PB-0000028.png,463452
Hangs on You,toko3,PIN BUTTON,PB-0000029,varian,E:\Project\Mass upload shopee\foto-upload\toko3\pin-button\PB-0000029.png,https://cdn.jsdelivr.net/gh/dennypa77/mass-upload@main/foto-upload/toko3/pin-button/PB-0000029.png,446171
Hangs on You,toko3,PIN BUTTON,PB-0000030,varian,E:\Project\Mass upload shopee\foto-upload\toko3\pin-button\PB-0000030.png,https://cdn.jsdelivr.net/gh/dennypa77/mass-upload@main/foto-upload/toko3/pin-button/PB-0000030.png,454364
Hangs on You,toko3,PIN BUTTON,PB-0000031,varian,E:\Project\Mass upload shopee\foto-upload\toko3\pin-button\PB-0000031.png,https://cdn.jsdelivr.net/gh/dennypa77/mass-upload@main/foto-upload/toko3/pin-button/PB-0000031.png,459090
Hangs on You,toko3,PIN BUTTON,PB-0000032,varian,E:\Project\Mass upload shopee\foto-upload\toko3\pin-button\PB-0000032.png,https://cdn.jsdelivr.net/gh/dennypa77/mass-upload@main/foto-upload/toko3/pin-button/PB-0000032.png,502969
Hangs on You,toko3,PIN BUTTON,PB-0000033,varian,E:\Project\Mass upload shopee\foto-upload\toko3\pin-button\PB-0000033.png,https://cdn.jsdelivr.net/gh/dennypa77/mass-upload@main/foto-upload/toko3/pin-button/PB-0000033.png,393632
Hangs on You,toko3,PIN BUTTON,PB-0000034,varian,E:\Project\Mass upload shopee\foto-upload\toko3\pin-button\PB-0000034.png,https://cdn.jsdelivr.net/gh/dennypa77/mass-upload@main/foto-upload/toko3/pin-button/PB-0000034.png,506924
Hangs on You,toko3,PIN BUTTON,PB-0000035,varian,E:\Project\Mass upload shopee\foto-upload\toko3\pin-button\PB-0000035.png,https://cdn.jsdelivr.net/gh/dennypa77/mass-upload@main/foto-upload/toko3/pin-button/PB-0000035.png,508973
Hangs on You,toko3,PIN BUTTON,PB-0000036,varian,E:\Project\Mass upload shopee\foto-upload\toko3\pin-button\PB-0000036.png,https://cdn.jsdelivr.net/gh/dennypa77/mass-upload@main/foto-upload/toko3/pin-button/PB-0000036.png,474520
Hangs on You,toko3,PIN BUTTON,PB-0000037,varian,E:\Project\Mass upload shopee\foto-upload\toko3\pin-button\PB-0000037.png,https://cdn.jsdelivr.net/gh/dennypa77/mass-upload@main/foto-upload/toko3/pin-button/PB-0000037.png,475486
Hangs on You,toko3,PIN BUTTON,PB-0000038,varian,E:\Project\Mass upload shopee\foto-upload\toko3\pin-button\PB-0000038.png,https://cdn.jsdelivr.net/gh/dennypa77/mass-upload@main/foto-upload/toko3/pin-button/PB-0000038.png,463490
Hangs on You,toko3,PIN BUTTON,PB-0000039,varian,E:\Project\Mass upload shopee\foto-upload\toko3\pin-button\PB-0000039.png,https://cdn.jsdelivr.net/gh/dennypa77/mass-upload@main/foto-upload/toko3/pin-button/PB-0000039.png,482051
Hangs on You,toko3,PIN BUTTON,PB-0000040,varian,E:\Project\Mass upload shopee\foto-upload\toko3\pin-button\PB-0000040.png,https://cdn.jsdelivr.net/gh/dennypa77/mass-upload@main/foto-upload/toko3/pin-button/PB-0000040.png,445653
Hangs on You,toko3,PIN BUTTON,PB-0000041,varian,E:\Project\Mass upload shopee\foto-upload\toko3\pin-button\PB-0000041.png,https://cdn.jsdelivr.net/gh/dennypa77/mass-upload@main/foto-upload/toko3/pin-button/PB-0000041.png,491562
Hangs on You,toko3,PIN BUTTON,PB-0000042,varian,E:\Project\Mass upload shopee\foto-upload\toko3\pin-button\PB-0000042.png,https://cdn.jsdelivr.net/gh/dennypa77/mass-upload@main/foto-upload/toko3/pin-button/PB-0000042.png,524789
Hangs on You,toko3,PIN BUTTON,PB-0000043,varian,E:\Project\Mass upload shopee\foto-upload\toko3\pin-button\PB-0000043.png,https://cdn.jsdelivr.net/gh/dennypa77/mass-upload@main/foto-upload/toko3/pin-button/PB-0000043.png,509412
Hangs on You,toko3,PIN BUTTON,PB-0000044,varian,E:\Project\Mass upload shopee\foto-upload\toko3\pin-button\PB-0000044.png,https://cdn.jsdelivr.net/gh/dennypa77/mass-upload@main/foto-upload/toko3/pin-button/PB-0000044.png,421844
Hangs on You,toko3,PIN BUTTON,PB-0000045,varian,E:\Project\Mass upload shopee\foto-upload\toko3\pin-button\PB-0000045.png,https://cdn.jsdelivr.net/gh/dennypa77/mass-upload@main/foto-upload/toko3/pin-button/PB-0000045.png,475268
Hangs on You,toko3,PIN BUTTON,PB-0000046,varian,E:\Project\Mass upload shopee\foto-upload\toko3\pin-button\PB-0000046.png,https://cdn.jsdelivr.net/gh/dennypa77/mass-upload@main/foto-upload/toko3/pin-button/PB-0000046.png,464361
Hangs on You,toko3,PIN BUTTON,PB-0000047,varian,E:\Project\Mass upload shopee\foto-upload\toko3\pin-button\PB-0000047.png,https://cdn.jsdelivr.net/gh/dennypa77/mass-upload@main/foto-upload/toko3/pin-button/PB-0000047.png,427222
Hangs on You,toko3,PIN BUTTON,PB-0000048,varian,E:\Project\Mass upload shopee\foto-upload\toko3\pin-button\PB-0000048.png,https://cdn.jsdelivr.net/gh/dennypa77/mass-upload@main/foto-upload/toko3/pin-button/PB-0000048.png,496188
Hangs on You,toko3,PIN BUTTON,PB-0000049,varian,E:\Project\Mass upload shopee\foto-upload\toko3\pin-button\PB-0000049.png,https://cdn.jsdelivr.net/gh/dennypa77/mass-upload@main/foto-upload/toko3/pin-button/PB-0000049.png,489083
Hangs on You,toko3,PIN BUTTON,PB-0000050,varian,E:\Project\Mass upload shopee\foto-upload\toko3\pin-button\PB-0000050.png,https://cdn.jsdelivr.net/gh/dennypa77/mass-upload@main/foto-upload/toko3/pin-button/PB-0000050.png,495543
Hangs on You,toko3,PIN BUTTON,PB-0000051,varian,E:\Project\Mass upload shopee\foto-upload\toko3\pin-button\PB-0000051.png,https://cdn.jsdelivr.net/gh/dennypa77/mass-upload@main/foto-upload/toko3/pin-button/PB-0000051.png,496781
Hangs on You,toko3,PIN BUTTON,PB-0000052,varian,E:\Project\Mass upload shopee\foto-upload\toko3\pin-button\PB-0000052.png,https://cdn.jsdelivr.net/gh/dennypa77/mass-upload@main/foto-upload/toko3/pin-button/PB-0000052.png,434037
Hangs on You,toko3,PIN BUTTON,PB-0000053,varian,E:\Project\Mass upload shopee\foto-upload\toko3\pin-button\PB-0000053.png,https://cdn.jsdelivr.net/gh/dennypa77/mass-upload@main/foto-upload/toko3/pin-button/PB-0000053.png,441786
Hangs on You,toko3,PIN BUTTON,PB-0000054,varian,E:\Project\Mass upload shopee\foto-upload\toko3\pin-button\PB-0000054.png,https://cdn.jsdelivr.net/gh/dennypa77/mass-upload@main/foto-upload/toko3/pin-button/PB-0000054.png,426408
Hangs on You,toko3,PIN BUTTON,PB-0000055,varian,E:\Project\Mass upload shopee\foto-upload\toko3\pin-button\PB-0000055.png,https://cdn.jsdelivr.net/gh/dennypa77/mass-upload@main/foto-upload/toko3/pin-button/PB-0000055.png,442118
Hangs on You,toko3,PIN BUTTON,PB-0000056,varian,E:\Project\Mass upload shopee\foto-upload\toko3\pin-button\PB-0000056.png,https://cdn.jsdelivr.net/gh/dennypa77/mass-upload@main/foto-upload/toko3/pin-button/PB-0000056.png,427055
Hangs on You,toko3,PIN BUTTON,PB-0000057,varian,E:\Project\Mass upload shopee\foto-upload\toko3\pin-button\PB-0000057.png,https://cdn.jsdelivr.net/gh/dennypa77/mass-upload@main/foto-upload/toko3/pin-button/PB-0000057.png,432289
Hangs on You,toko3,PIN BUTTON,PB-0000058,varian,E:\Project\Mass upload shopee\foto-upload\toko3\pin-button\PB-0000058.png,https://cdn.jsdelivr.net/gh/dennypa77/mass-upload@main/foto-upload/toko3/pin-button/PB-0000058.png,422499
Hangs on You,toko3,PIN BUTTON,PB-0000059,varian,E:\Project\Mass upload shopee\foto-upload\toko3\pin-button\PB-0000059.png,https://cdn.jsdelivr.net/gh/dennypa77/mass-upload@main/foto-upload/toko3/pin-button/PB-0000059.png,417400
Hangs on You,toko3,PIN BUTTON,PB-0000060,varian,E:\Project\Mass upload shopee\foto-upload\toko3\pin-button\PB-0000060.png,https://cdn.jsdelivr.net/gh/dennypa77/mass-upload@main/foto-upload/toko3/pin-button/PB-0000060.png,488810
Hangs on You,toko3,PIN BUTTON,PB-0000061,varian,E:\Project\Mass upload shopee\foto-upload\toko3\pin-button\PB-0000061.png,https://cdn.jsdelivr.net/gh/dennypa77/mass-upload@main/foto-upload/toko3/pin-button/PB-0000061.png,422068
Hangs on You,toko3,PIN BUTTON,PB-0000062,varian,E:\Project\Mass upload shopee\foto-upload\toko3\pin-button\PB-0000062.png,https://cdn.jsdelivr.net/gh/dennypa77/mass-upload@main/foto-upload/toko3/pin-button/PB-0000062.png,491885
Hangs on You,toko3,PIN BUTTON,PB-0000063,varian,E:\Project\Mass upload shopee\foto-upload\toko3\pin-button\PB-0000063.png,https://cdn.jsdelivr.net/gh/dennypa77/mass-upload@main/foto-upload/toko3/pin-button/PB-0000063.png,467518
Hangs on You,toko3,PIN BUTTON,PB-0000064,varian,E:\Project\Mass upload shopee\foto-upload\toko3\pin-button\PB-0000064.png,https://cdn.jsdelivr.net/gh/dennypa77/mass-upload@main/foto-upload/toko3/pin-button/PB-0000064.png,442730
Hangs on You,toko3,PIN BUTTON,PB-0000065,varian,E:\Project\Mass upload shopee\foto-upload\toko3\pin-button\PB-0000065.png,https://cdn.jsdelivr.net/gh/dennypa77/mass-upload@main/foto-upload/toko3/pin-button/PB-0000065.png,459713
Hangs on You,toko3,PIN BUTTON,PB-0000066,varian,E:\Project\Mass upload shopee\foto-upload\toko3\pin-button\PB-0000066.png,https://cdn.jsdelivr.net/gh/dennypa77/mass-upload@main/foto-upload/toko3/pin-button/PB-0000066.png,437243
Hangs on You,toko3,PIN BUTTON,PB-0000067,varian,E:\Project\Mass upload shopee\foto-upload\toko3\pin-button\PB-0000067.png,https://cdn.jsdelivr.net/gh/dennypa77/mass-upload@main/foto-upload/toko3/pin-button/PB-0000067.png,439136
Hangs on You,toko3,PIN BUTTON,PB-0000068,varian,E:\Project\Mass upload shopee\foto-upload\toko3\pin-button\PB-0000068.png,https://cdn.jsdelivr.net/gh/dennypa77/mass-upload@main/foto-upload/toko3/pin-button/PB-0000068.png,434890
Hangs on You,toko3,PIN BUTTON,PB-0000069,varian,E:\Project\Mass upload shopee\foto-upload\toko3\pin-button\PB-0000069.png,https://cdn.jsdelivr.net/gh/dennypa77/mass-upload@main/foto-upload/toko3/pin-button/PB-0000069.png,446605
Hangs on You,toko3,PIN BUTTON,PB-0000070,varian,E:\Project\Mass upload shopee\foto-upload\toko3\pin-button\PB-0000070.png,https://cdn.jsdelivr.net/gh/dennypa77/mass-upload@main/foto-upload/toko3/pin-button/PB-0000070.png,467990
Hangs on You,toko3,PIN BUTTON,PB-0000071,varian,E:\Project\Mass upload shopee\foto-upload\toko3\pin-button\PB-0000071.png,https://cdn.jsdelivr.net/gh/dennypa77/mass-upload@main/foto-upload/toko3/pin-button/PB-0000071.png,374868
Hangs on You,toko3,PIN BUTTON,PB-0000072,varian,E:\Project\Mass upload shopee\foto-upload\toko3\pin-button\PB-0000072.png,https://cdn.jsdelivr.net/gh/dennypa77/mass-upload@main/foto-upload/toko3/pin-button/PB-0000072.png,423113
Hangs on You,toko3,PIN BUTTON,PB-0000073,varian,E:\Project\Mass upload shopee\foto-upload\toko3\pin-button\PB-0000073.png,https://cdn.jsdelivr.net/gh/dennypa77/mass-upload@main/foto-upload/toko3/pin-button/PB-0000073.png,386010
Hangs on You,toko3,PIN BUTTON,PB-0000074,varian,E:\Project\Mass upload shopee\foto-upload\toko3\pin-button\PB-0000074.png,https://cdn.jsdelivr.net/gh/dennypa77/mass-upload@main/foto-upload/toko3/pin-button/PB-0000074.png,351710
Hangs on You,toko3,PIN BUTTON,PB-0000075,varian,E:\Project\Mass upload shopee\foto-upload\toko3\pin-button\PB-0000075.png,https://cdn.jsdelivr.net/gh/dennypa77/mass-upload@main/foto-upload/toko3/pin-button/PB-0000075.png,411845
Hangs on You,toko3,PIN BUTTON,PB-0000076,varian,E:\Project\Mass upload shopee\foto-upload\toko3\pin-button\PB-0000076.png,https://cdn.jsdelivr.net/gh/dennypa77/mass-upload@main/foto-upload/toko3/pin-button/PB-0000076.png,379978
Hangs on You,toko3,PIN BUTTON,PB-0000077,varian,E:\Project\Mass upload shopee\foto-upload\toko3\pin-button\PB-0000077.png,https://cdn.jsdelivr.net/gh/dennypa77/mass-upload@main/foto-upload/toko3/pin-button/PB-0000077.png,413954
Hangs on You,toko3,PIN BUTTON,PB-0000078,varian,E:\Project\Mass upload shopee\foto-upload\toko3\pin-button\PB-0000078.png,https://cdn.jsdelivr.net/gh/dennypa77/mass-upload@main/foto-upload/toko3/pin-button/PB-0000078.png,457768
Hangs on You,toko3,PIN BUTTON,PB-0000079,varian,E:\Project\Mass upload shopee\foto-upload\toko3\pin-button\PB-0000079.png,https://cdn.jsdelivr.net/gh/dennypa77/mass-upload@main/foto-upload/toko3/pin-button/PB-0000079.png,446168
Hangs on You,toko3,PIN BUTTON,PB-0000080,varian,E:\Project\Mass upload shopee\foto-upload\toko3\pin-button\PB-0000080.png,https://cdn.jsdelivr.net/gh/dennypa77/mass-upload@main/foto-upload/toko3/pin-button/PB-0000080.png,421727
Hangs on You,toko3,PIN BUTTON,PB-0000081,varian,E:\Project\Mass upload shopee\foto-upload\toko3\pin-button\PB-0000081.png,https://cdn.jsdelivr.net/gh/dennypa77/mass-upload@main/foto-upload/toko3/pin-button/PB-0000081.png,363183
Hangs on You,toko3,PIN BUTTON,PB-0000082,varian,E:\Project\Mass upload shopee\foto-upload\toko3\pin-button\PB-0000082.png,https://cdn.jsdelivr.net/gh/dennypa77/mass-upload@main/foto-upload/toko3/pin-button/PB-0000082.png,467575
Hangs on You,toko3,PIN BUTTON,PB-0000083,varian,E:\Project\Mass upload shopee\foto-upload\toko3\pin-button\PB-0000083.png,https://cdn.jsdelivr.net/gh/dennypa77/mass-upload@main/foto-upload/toko3/pin-button/PB-0000083.png,442586
Hangs on You,toko3,PIN BUTTON,PB-0000084,varian,E:\Project\Mass upload shopee\foto-upload\toko3\pin-button\PB-0000084.png,https://cdn.jsdelivr.net/gh/dennypa77/mass-upload@main/foto-upload/toko3/pin-button/PB-0000084.png,388229
Hangs on You,toko3,PIN BUTTON,PB-0000085,varian,E:\Project\Mass upload shopee\foto-upload\toko3\pin-button\PB-0000085.png,https://cdn.jsdelivr.net/gh/dennypa77/mass-upload@main/foto-upload/toko3/pin-button/PB-0000085.png,392225
Hangs on You,toko3,PIN BUTTON,PB-0000086,varian,E:\Project\Mass upload shopee\foto-upload\toko3\pin-button\PB-0000086.png,https://cdn.jsdelivr.net/gh/dennypa77/mass-upload@main/foto-upload/toko3/pin-button/PB-0000086.png,389130
Hangs on You,toko3,PIN BUTTON,PB-0000087,varian,E:\Project\Mass upload shopee\foto-upload\toko3\pin-button\PB-0000087.png,https://cdn.jsdelivr.net/gh/dennypa77/mass-upload@main/foto-upload/toko3/pin-button/PB-0000087.png,367657
Hangs on You,toko3,PIN BUTTON,PB-0000088,varian,E:\Project\Mass upload shopee\foto-upload\toko3\pin-button\PB-0000088.png,https://cdn.jsdelivr.net/gh/dennypa77/mass-upload@main/foto-upload/toko3/pin-button/PB-0000088.png,447987
Hangs on You,toko3,PIN BUTTON,PB-0000089,varian,E:\Project\Mass upload shopee\foto-upload\toko3\pin-button\PB-0000089.png,https://cdn.jsdelivr.net/gh/dennypa77/mass-upload@main/foto-upload/toko3/pin-button/PB-0000089.png,423634
Hangs on You,toko3,PIN BUTTON,PB-0000090,varian,E:\Project\Mass upload shopee\foto-upload\toko3\pin-button\PB-0000090.png,https://cdn.jsdelivr.net/gh/dennypa77/mass-upload@main/foto-upload/toko3/pin-button/PB-0000090.png,374240
Hangs on You,toko3,PIN BUTTON,PB-0000091,varian,E:\Project\Mass upload shopee\foto-upload\toko3\pin-button\PB-0000091.png,https://cdn.jsdelivr.net/gh/dennypa77/mass-upload@main/foto-upload/toko3/pin-button/PB-0000091.png,393823
Hangs on You,toko3,PIN BUTTON,PB-0000092,varian,E:\Project\Mass upload shopee\foto-upload\toko3\pin-button\PB-0000092.png,https://cdn.jsdelivr.net/gh/dennypa77/mass-upload@main/foto-upload/toko3/pin-button/PB-0000092.png,437126
Hangs on You,toko3,PIN BUTTON,PB-0000093,varian,E:\Project\Mass upload shopee\foto-upload\toko3\pin-button\PB-0000093.png,https://cdn.jsdelivr.net/gh/dennypa77/mass-upload@main/foto-upload/toko3/pin-button/PB-0000093.png,447212
Hangs on You,toko3,PIN BUTTON,PB-0000094,varian,E:\Project\Mass upload shopee\foto-upload\toko3\pin-button\PB-0000094.png,https://cdn.jsdelivr.net/gh/dennypa77/mass-upload@main/foto-upload/toko3/pin-button/PB-0000094.png,492354
Hangs on You,toko3,PIN BUTTON,PB-0000095,varian,E:\Project\Mass upload shopee\foto-upload\toko3\pin-button\PB-0000095.png,https://cdn.jsdelivr.net/gh/dennypa77/mass-upload@main/foto-upload/toko3/pin-button/PB-0000095.png,459943
Hangs on You,toko3,PIN BUTTON,PB-0000096,varian,E:\Project\Mass upload shopee\foto-upload\toko3\pin-button\PB-0000096.png,https://cdn.jsdelivr.net/gh/dennypa77/mass-upload@main/foto-upload/toko3/pin-button/PB-0000096.png,412269
Hangs on You,toko3,PIN BUTTON,PB-0000097,varian,E:\Project\Mass upload shopee\foto-upload\toko3\pin-button\PB-0000097.png,https://cdn.jsdelivr.net/gh/dennypa77/mass-upload@main/foto-upload/toko3/pin-button/PB-0000097.png,412246
Hangs on You,toko3,PIN BUTTON,PB-0000098,varian,E:\Project\Mass upload shopee\foto-upload\toko3\pin-button\PB-0000098.png,https://cdn.jsdelivr.net/gh/dennypa77/mass-upload@main/foto-upload/toko3/pin-button/PB-0000098.png,435742
Hangs on You,toko3,PIN BUTTON,PB-0000099,varian,E:\Project\Mass upload shopee\foto-upload\toko3\pin-button\PB-0000099.png,https://cdn.jsdelivr.net/gh/dennypa77/mass-upload@main/foto-upload/toko3/pin-button/PB-0000099.png,398099
Hangs on You,toko3,PIN BUTTON,PB-0000100,varian,E:\Project\Mass upload shopee\foto-upload\toko3\pin-button\PB-0000100.png,https://cdn.jsdelivr.net/gh/dennypa77/mass-upload@main/foto-upload/toko3/pin-button/PB-0000100.png,456949
Hangs on You,toko3,PIN BUTTON,PB-0000151,varian,E:\Project\Mass upload shopee\foto-upload\toko3\pin-button\PB-0000151.png,https://cdn.jsdelivr.net/gh/dennypa77/mass-upload@main/foto-upload/toko3/pin-button/PB-0000151.png,520205
Hangs on You,toko3,PIN BUTTON,PB-0000152,varian,E:\Project\Mass upload shopee\foto-upload\toko3\pin-button\PB-0000152.png,https://cdn.jsdelivr.net/gh/dennypa77/mass-upload@main/foto-upload/toko3/pin-button/PB-0000152.png,486846
Hangs on You,toko3,PIN BUTTON,PB-0000153,varian,E:\Project\Mass upload shopee\foto-upload\toko3\pin-button\PB-0000153.png,https://cdn.jsdelivr.net/gh/dennypa77/mass-upload@main/foto-upload/toko3/pin-button/PB-0000153.png,467341
Hangs on You,toko3,PIN BUTTON,PB-0000154,varian,E:\Project\Mass upload shopee\foto-upload\toko3\pin-button\PB-0000154.png,https://cdn.jsdelivr.net/gh/dennypa77/mass-upload@main/foto-upload/toko3/pin-button/PB-0000154.png,471351
Hangs on You,toko3,PIN BUTTON,PB-0000155,varian,E:\Project\Mass upload shopee\foto-upload\toko3\pin-button\PB-0000155.png,https://cdn.jsdelivr.net/gh/dennypa77/mass-upload@main/foto-upload/toko3/pin-button/PB-0000155.png,475846
Hangs on You,toko3,PIN BUTTON,PB-0000156,varian,E:\Project\Mass upload shopee\foto-upload\toko3\pin-button\PB-0000156.png,https://cdn.jsdelivr.net/gh/dennypa77/mass-upload@main/foto-upload/toko3/pin-button/PB-0000156.png,467350
Hangs on You,toko3,PIN BUTTON,PB-0000157,varian,E:\Project\Mass upload shopee\foto-upload\toko3\pin-button\PB-0000157.png,https://cdn.jsdelivr.net/gh/dennypa77/mass-upload@main/foto-upload/toko3/pin-button/PB-0000157.png,415527
Hangs on You,toko3,PIN BUTTON,PB-0000158,varian,E:\Project\Mass upload shopee\foto-upload\toko3\pin-button\PB-0000158.png,https://cdn.jsdelivr.net/gh/dennypa77/mass-upload@main/foto-upload/toko3/pin-button/PB-0000158.png,451502
Hangs on You,toko3,PIN BUTTON,PB-0000159,varian,E:\Project\Mass upload shopee\foto-upload\toko3\pin-button\PB-0000159.png,https://cdn.jsdelivr.net/gh/dennypa77/mass-upload@main/foto-upload/toko3/pin-button/PB-0000159.png,477396
Hangs on You,toko3,PIN BUTTON,PB-0000160,varian,E:\Project\Mass upload shopee\foto-upload\toko3\pin-button\PB-0000160.png,https://cdn.jsdelivr.net/gh/dennypa77/mass-upload@main/foto-upload/toko3/pin-button/PB-0000160.png,429682
Hangs on You,toko3,PIN BUTTON,PB-0000161,varian,E:\Project\Mass upload shopee\foto-upload\toko3\pin-button\PB-0000161.png,https://cdn.jsdelivr.net/gh/dennypa77/mass-upload@main/foto-upload/toko3/pin-button/PB-0000161.png,450328
Hangs on You,toko3,PIN BUTTON,PB-0000162,varian,E:\Project\Mass upload shopee\foto-upload\toko3\pin-button\PB-0000162.png,https://cdn.jsdelivr.net/gh/dennypa77/mass-upload@main/foto-upload/toko3/pin-button/PB-0000162.png,521587
Hangs on You,toko3,PIN BUTTON,PB-0000163,varian,E:\Project\Mass upload shopee\foto-upload\toko3\pin-button\PB-0000163.png,https://cdn.jsdelivr.net/gh/dennypa77/mass-upload@main/foto-upload/toko3/pin-button/PB-0000163.png,467038
Hangs on You,toko3,PIN BUTTON,PB-0000164,varian,E:\Project\Mass upload shopee\foto-upload\toko3\pin-button\PB-0000164.png,https://cdn.jsdelivr.net/gh/dennypa77/mass-upload@main/foto-upload/toko3/pin-button/PB-0000164.png,456229
Hangs on You,toko3,PIN BUTTON,PB-0000165,varian,E:\Project\Mass upload shopee\foto-upload\toko3\pin-button\PB-0000165.png,https://cdn.jsdelivr.net/gh/dennypa77/mass-upload@main/foto-upload/toko3/pin-button/PB-0000165.png,430002
Hangs on You,toko3,PIN BUTTON,PB-0000166,varian,E:\Project\Mass upload shopee\foto-upload\toko3\pin-button\PB-0000166.png,https://cdn.jsdelivr.net/gh/dennypa77/mass-upload@main/foto-upload/toko3/pin-button/PB-0000166.png,389429
Hangs on You,toko3,PIN BUTTON,PB-0000167,varian,E:\Project\Mass upload shopee\foto-upload\toko3\pin-button\PB-0000167.png,https://cdn.jsdelivr.net/gh/dennypa77/mass-upload@main/foto-upload/toko3/pin-button/PB-0000167.png,408704
Hangs on You,toko3,PIN BUTTON,PB-0000168,varian,E:\Project\Mass upload shopee\foto-upload\toko3\pin-button\PB-0000168.png,https://cdn.jsdelivr.net/gh/dennypa77/mass-upload@main/foto-upload/toko3/pin-button/PB-0000168.png,479633
Hangs on You,toko3,PIN BUTTON,PB-0000169,varian,E:\Project\Mass upload shopee\foto-upload\toko3\pin-button\PB-0000169.png,https://cdn.jsdelivr.net/gh/dennypa77/mass-upload@main/foto-upload/toko3/pin-button/PB-0000169.png,403887
Hangs on You,toko3,PIN BUTTON,PB-0000170,varian,E:\Project\Mass upload shopee\foto-upload\toko3\pin-button\PB-0000170.png,https://cdn.jsdelivr.net/gh/dennypa77/mass-upload@main/foto-upload/toko3/pin-button/PB-0000170.png,432091
Hangs on You,toko3,PIN BUTTON,PB-0000171,varian,E:\Project\Mass upload shopee\foto-upload\toko3\pin-button\PB-0000171.png,https://cdn.jsdelivr.net/gh/dennypa77/mass-upload@main/foto-upload/toko3/pin-button/PB-0000171.png,451032
Hangs on You,toko3,PIN BUTTON,PB-0000172,varian,E:\Project\Mass upload shopee\foto-upload\toko3\pin-button\PB-0000172.png,https://cdn.jsdelivr.net/gh/dennypa77/mass-upload@main/foto-upload/toko3/pin-button/PB-0000172.png,445223
Hangs on You,toko3,PIN BUTTON,PB-0000173,varian,E:\Project\Mass upload shopee\foto-upload\toko3\pin-button\PB-0000173.png,https://cdn.jsdelivr.net/gh/dennypa77/mass-upload@main/foto-upload/toko3/pin-button/PB-0000173.png,412481
Hangs on You,toko3,PIN BUTTON,PB-0000174,varian,E:\Project\Mass upload shopee\foto-upload\toko3\pin-button\PB-0000174.png,https://cdn.jsdelivr.net/gh/dennypa77/mass-upload@main/foto-upload/toko3/pin-button/PB-0000174.png,490819
Hangs on You,toko3,PIN BUTTON,PB-0000175,varian,E:\Project\Mass upload shopee\foto-upload\toko3\pin-button\PB-0000175.png,https://cdn.jsdelivr.net/gh/dennypa77/mass-upload@main/foto-upload/toko3/pin-button/PB-0000175.png,472091
Hangs on You,toko3,PIN BUTTON,PB-0000176,varian,E:\Project\Mass upload shopee\foto-upload\toko3\pin-button\PB-0000176.png,https://cdn.jsdelivr.net/gh/dennypa77/mass-upload@main/foto-upload/toko3/pin-button/PB-0000176.png,414977
Hangs on You,toko3,PIN BUTTON,PB-0000177,varian,E:\Project\Mass upload shopee\foto-upload\toko3\pin-button\PB-0000177.png,https://cdn.jsdelivr.net/gh/dennypa77/mass-upload@main/foto-upload/toko3/pin-button/PB-0000177.png,450247
Hangs on You,toko3,PIN BUTTON,PB-0000178,varian,E:\Project\Mass upload shopee\foto-upload\toko3\pin-button\PB-0000178.png,https://cdn.jsdelivr.net/gh/dennypa77/mass-upload@main/foto-upload/toko3/pin-button/PB-0000178.png,505002
Hangs on You,toko3,PIN BUTTON,PB-0000179,varian,E:\Project\Mass upload shopee\foto-upload\toko3\pin-button\PB-0000179.png,https://cdn.jsdelivr.net/gh/dennypa77/mass-upload@main/foto-upload/toko3/pin-button/PB-0000179.png,457176
Hangs on You,toko3,PIN BUTTON,PB-0000180,varian,E:\Project\Mass upload shopee\foto-upload\toko3\pin-button\PB-0000180.png,https://cdn.jsdelivr.net/gh/dennypa77/mass-upload@main/foto-upload/toko3/pin-button/PB-0000180.png,453280
Hangs on You,toko3,PIN BUTTON,PB-0000181,varian,E:\Project\Mass upload shopee\foto-upload\toko3\pin-button\PB-0000181.png,https://cdn.jsdelivr.net/gh/dennypa77/mass-upload@main/foto-upload/toko3/pin-button/PB-0000181.png,447057
Hangs on You,toko3,PIN BUTTON,PB-0000182,varian,E:\Project\Mass upload shopee\foto-upload\toko3\pin-button\PB-0000182.png,https://cdn.jsdelivr.net/gh/dennypa77/mass-upload@main/foto-upload/toko3/pin-button/PB-0000182.png,423600
Hangs on You,toko3,PIN BUTTON,PB-0000183,varian,E:\Project\Mass upload shopee\foto-upload\toko3\pin-button\PB-0000183.png,https://cdn.jsdelivr.net/gh/dennypa77/mass-upload@main/foto-upload/toko3/pin-button/PB-0000183.png,428671
Hangs on You,toko3,PIN BUTTON,PB-0000184,varian,E:\Project\Mass upload shopee\foto-upload\toko3\pin-button\PB-0000184.png,https://cdn.jsdelivr.net/gh/dennypa77/mass-upload@main/foto-upload/toko3/pin-button/PB-0000184.png,472698
Hangs on You,toko3,PIN BUTTON,PB-0000185,varian,E:\Project\Mass upload shopee\foto-upload\toko3\pin-button\PB-0000185.png,https://cdn.jsdelivr.net/gh/dennypa77/mass-upload@main/foto-upload/toko3/pin-button/PB-0000185.png,442208
Hangs on You,toko3,PIN BUTTON,PB-0000186,varian,E:\Project\Mass upload shopee\foto-upload\toko3\pin-button\PB-0000186.png,https://cdn.jsdelivr.net/gh/dennypa77/mass-upload@main/foto-upload/toko3/pin-button/PB-0000186.png,374138
Hangs on You,toko3,PIN BUTTON,PB-0000187,varian,E:\Project\Mass upload shopee\foto-upload\toko3\pin-button\PB-0000187.png,https://cdn.jsdelivr.net/gh/dennypa77/mass-upload@main/foto-upload/toko3/pin-button/PB-0000187.png,427654
Hangs on You,toko3,PIN BUTTON,PB-0000188,varian,E:\Project\Mass upload shopee\foto-upload\toko3\pin-button\PB-0000188.png,https://cdn.jsdelivr.net/gh/dennypa77/mass-upload@main/foto-upload/toko3/pin-button/PB-0000188.png,495260
Hangs on You,toko3,PIN BUTTON,PB-0000189,varian,E:\Project\Mass upload shopee\foto-upload\toko3\pin-button\PB-0000189.png,https://cdn.jsdelivr.net/gh/dennypa77/mass-upload@main/foto-upload/toko3/pin-button/PB-0000189.png,439438
Hangs on You,toko3,PIN BUTTON,PB-0000190,varian,E:\Project\Mass upload shopee\foto-upload\toko3\pin-button\PB-0000190.png,https://cdn.jsdelivr.net/gh/dennypa77/mass-upload@main/foto-upload/toko3/pin-button/PB-0000190.png,427824
Hangs on You,toko3,PIN BUTTON,PB-0000191,varian,E:\Project\Mass upload shopee\foto-upload\toko3\pin-button\PB-0000191.png,https://cdn.jsdelivr.net/gh/dennypa77/mass-upload@main/foto-upload/toko3/pin-button/PB-0000191.png,424368
Hangs on You,toko3,PIN BUTTON,PB-0000192,varian,E:\Project\Mass upload shopee\foto-upload\toko3\pin-button\PB-0000192.png,https://cdn.jsdelivr.net/gh/dennypa77/mass-upload@main/foto-upload/toko3/pin-button/PB-0000192.png,427240
Hangs on You,toko3,PIN BUTTON,PB-0000193,varian,E:\Project\Mass upload shopee\foto-upload\toko3\pin-button\PB-0000193.png,https://cdn.jsdelivr.net/gh/dennypa77/mass-upload@main/foto-upload/toko3/pin-button/PB-0000193.png,420464
Hangs on You,toko3,PIN BUTTON,PB-0000194,varian,E:\Project\Mass upload shopee\foto-upload\toko3\pin-button\PB-0000194.png,https://cdn.jsdelivr.net/gh/dennypa77/mass-upload@main/foto-upload/toko3/pin-button/PB-0000194.png,483910
Hangs on You,toko3,PIN BUTTON,PB-0000195,varian,E:\Project\Mass upload shopee\foto-upload\toko3\pin-button\PB-0000195.png,https://cdn.jsdelivr.net/gh/dennypa77/mass-upload@main/foto-upload/toko3/pin-button/PB-0000195.png,488247
Hangs on You,toko3,PIN BUTTON,PB-0000196,varian,E:\Project\Mass upload shopee\foto-upload\toko3\pin-button\PB-0000196.png,https://cdn.jsdelivr.net/gh/dennypa77/mass-upload@main/foto-upload/toko3/pin-button/PB-0000196.png,471378
Hangs on You,toko3,PIN BUTTON,PB-0000197,varian,E:\Project\Mass upload shopee\foto-upload\toko3\pin-button\PB-0000197.png,https://cdn.jsdelivr.net/gh/dennypa77/mass-upload@main/foto-upload/toko3/pin-button/PB-0000197.png,456718
Hangs on You,toko3,PIN BUTTON,PB-0000198,varian,E:\Project\Mass upload shopee\foto-upload\toko3\pin-button\PB-0000198.png,https://cdn.jsdelivr.net/gh/dennypa77/mass-upload@main/foto-upload/toko3/pin-button/PB-0000198.png,409198
Hangs on You,toko3,PIN BUTTON,PB-0000199,varian,E:\Project\Mass upload shopee\foto-upload\toko3\pin-button\PB-0000199.png,https://cdn.jsdelivr.net/gh/dennypa77/mass-upload@main/foto-upload/toko3/pin-button/PB-0000199.png,434124
Hangs on You,toko3,PIN BUTTON,PB-0000200,varian,E:\Project\Mass upload shopee\foto-upload\toko3\pin-button\PB-0000200.png,https://cdn.jsdelivr.net/gh/dennypa77/mass-upload@main/foto-upload/toko3/pin-button/PB-0000200.png,458107
Hangs on You,toko3,PIN BUTTON,PB-0000201,varian,E:\Project\Mass upload shopee\foto-upload\toko3\pin-button\PB-0000201.png,https://cdn.jsdelivr.net/gh/dennypa77/mass-upload@main/foto-upload/toko3/pin-button/PB-0000201.png,1214121
Hangs on You,toko3,PIN BUTTON,PB-0000202,varian,E:\Project\Mass upload shopee\foto-upload\toko3\pin-button\PB-0000202.png,https://cdn.jsdelivr.net/gh/dennypa77/mass-upload@main/foto-upload/toko3/pin-button/PB-0000202.png,1290779
Hangs on You,toko3,PIN BUTTON,PB-0000203,varian,E:\Project\Mass upload shopee\foto-upload\toko3\pin-button\PB-0000203.png,https://cdn.jsdelivr.net/gh/dennypa77/mass-upload@main/foto-upload/toko3/pin-button/PB-0000203.png,1258742
Hangs on You,toko3,PIN BUTTON,PB-0000204,varian,E:\Project\Mass upload shopee\foto-upload\toko3\pin-button\PB-0000204.png,https://cdn.jsdelivr.net/gh/dennypa77/mass-upload@main/foto-upload/toko3/pin-button/PB-0000204.png,1121741
Hangs on You,toko3,PIN BUTTON,PB-0000205,varian,E:\Project\Mass upload shopee\foto-upload\toko3\pin-button\PB-0000205.png,https://cdn.jsdelivr.net/gh/dennypa77/mass-upload@main/foto-upload/toko3/pin-button/PB-0000205.png,999446
Hangs on You,toko3,PIN BUTTON,PB-0000206,varian,E:\Project\Mass upload shopee\foto-upload\toko3\pin-button\PB-0000206.png,https://cdn.jsdelivr.net/gh/dennypa77/mass-upload@main/foto-upload/toko3/pin-button/PB-0000206.png,1058970
Hangs on You,toko3,PIN BUTTON,PB-0000207,varian,E:\Project\Mass upload shopee\foto-upload\toko3\pin-button\PB-0000207.png,https://cdn.jsdelivr.net/gh/dennypa77/mass-upload@main/foto-upload/toko3/pin-button/PB-0000207.png,1175944
Hangs on You,toko3,PIN BUTTON,PB-0000208,varian,E:\Project\Mass upload shopee\foto-upload\toko3\pin-button\PB-0000208.png,https://cdn.jsdelivr.net/gh/dennypa77/mass-upload@main/foto-upload/toko3/pin-button/PB-0000208.png,1245685
Hangs on You,toko3,PIN BUTTON,PB-0000209,varian,E:\Project\Mass upload shopee\foto-upload\toko3\pin-button\PB-0000209.png,https://cdn.jsdelivr.net/gh/dennypa77/mass-upload@main/foto-upload/toko3/pin-button/PB-0000209.png,1346161
Hangs on You,toko3,PIN BUTTON,PB-0000210,varian,E:\Project\Mass upload shopee\foto-upload\toko3\pin-button\PB-0000210.png,https://cdn.jsdelivr.net/gh/dennypa77/mass-upload@main/foto-upload/toko3/pin-button/PB-0000210.png,1328842
Hangs on You,toko3,PIN BUTTON,PB-0000211,varian,E:\Project\Mass upload shopee\foto-upload\toko3\pin-button\PB-0000211.png,https://cdn.jsdelivr.net/gh/dennypa77/mass-upload@main/foto-upload/toko3/pin-button/PB-0000211.png,1156030
Hangs on You,toko3,PIN BUTTON,PB-0000212,varian,E:\Project\Mass upload shopee\foto-upload\toko3\pin-button\PB-0000212.png,https://cdn.jsdelivr.net/gh/dennypa77/mass-upload@main/foto-upload/toko3/pin-button/PB-0000212.png,1306234
Hangs on You,toko3,PIN BUTTON,PB-0000213,varian,E:\Project\Mass upload shopee\foto-upload\toko3\pin-button\PB-0000213.png,https://cdn.jsdelivr.net/gh/dennypa77/mass-upload@main/foto-upload/toko3/pin-button/PB-0000213.png,1305053
Hangs on You,toko3,PIN BUTTON,PB-0000214,varian,E:\Project\Mass upload shopee\foto-upload\toko3\pin-button\PB-0000214.png,https://cdn.jsdelivr.net/gh/dennypa77/mass-upload@main/foto-upload/toko3/pin-button/PB-0000214.png,1249759
Hangs on You,toko3,PIN BUTTON,PB-0000215,varian,E:\Project\Mass upload shopee\foto-upload\toko3\pin-button\PB-0000215.png,https://cdn.jsdelivr.net/gh/dennypa77/mass-upload@main/foto-upload/toko3/pin-button/PB-0000215.png,1407825
Hangs on You,toko3,PIN BUTTON,PB-0000216,varian,E:\Project\Mass upload shopee\foto-upload\toko3\pin-button\PB-0000216.png,https://cdn.jsdelivr.net/gh/dennypa77/mass-upload@main/foto-upload/toko3/pin-button/PB-0000216.png,1256434
Hangs on You,toko3,PIN BUTTON,PB-0000217,varian,E:\Project\Mass upload shopee\foto-upload\toko3\pin-button\PB-0000217.png,https://cdn.jsdelivr.net/gh/dennypa77/mass-upload@main/foto-upload/toko3/pin-button/PB-0000217.png,1237904
Hangs on You,toko3,PIN BUTTON,PB-0000218,varian,E:\Project\Mass upload shopee\foto-upload\toko3\pin-button\PB-0000218.png,https://cdn.jsdelivr.net/gh/dennypa77/mass-upload@main/foto-upload/toko3/pin-button/PB-0000218.png,1408377
Hangs on You,toko3,PIN BUTTON,PB-0000219,varian,E:\Project\Mass upload shopee\foto-upload\toko3\pin-button\PB-0000219.png,https://cdn.jsdelivr.net/gh/dennypa77/mass-upload@main/foto-upload/toko3/pin-button/PB-0000219.png,1083756
Hangs on You,toko3,PIN BUTTON,PB-0000220,varian,E:\Project\Mass upload shopee\foto-upload\toko3\pin-button\PB-0000220.png,https://cdn.jsdelivr.net/gh/dennypa77/mass-upload@main/foto-upload/toko3/pin-button/PB-0000220.png,1040576
Hangs on You,toko3,PIN BUTTON,PB-0000221,varian,E:\Project\Mass upload shopee\foto-upload\toko3\pin-button\PB-0000221.png,https://cdn.jsdelivr.net/gh/dennypa77/mass-upload@main/foto-upload/toko3/pin-button/PB-0000221.png,1344671
Hangs on You,toko3,PIN BUTTON,PB-0000222,varian,E:\Project\Mass upload shopee\foto-upload\toko3\pin-button\PB-0000222.png,https://cdn.jsdelivr.net/gh/dennypa77/mass-upload@main/foto-upload/toko3/pin-button/PB-0000222.png,1190454
Hangs on You,toko3,PIN BUTTON,PB-0000223,varian,E:\Project\Mass upload shopee\foto-upload\toko3\pin-button\PB-0000223.png,https://cdn.jsdelivr.net/gh/dennypa77/mass-upload@main/foto-upload/toko3/pin-button/PB-0000223.png,1198262
Hangs on You,toko3,PIN BUTTON,PB-0000224,varian,E:\Project\Mass upload shopee\foto-upload\toko3\pin-button\PB-0000224.png,https://cdn.jsdelivr.net/gh/dennypa77/mass-upload@main/foto-upload/toko3/pin-button/PB-0000224.png,1238635
Hangs on You,toko3,PIN BUTTON,PB-0000225,varian,E:\Project\Mass upload shopee\foto-upload\toko3\pin-button\PB-0000225.png,https://cdn.jsdelivr.net/gh/dennypa77/mass-upload@main/foto-upload/toko3/pin-button/PB-0000225.png,1182221
Hangs on You,toko3,PIN BUTTON,PB-0000226,varian,E:\Project\Mass upload shopee\foto-upload\toko3\pin-button\PB-0000226.png,https://cdn.jsdelivr.net/gh/dennypa77/mass-upload@main/foto-upload/toko3/pin-button/PB-0000226.png,1107948
Hangs on You,toko3,PIN BUTTON,PB-0000227,varian,E:\Project\Mass upload shopee\foto-upload\toko3\pin-button\PB-0000227.png,https://cdn.jsdelivr.net/gh/dennypa77/mass-upload@main/foto-upload/toko3/pin-button/PB-0000227.png,1225570
Hangs on You,toko3,PIN BUTTON,PB-0000228,varian,E:\Project\Mass upload shopee\foto-upload\toko3\pin-button\PB-0000228.png,https://cdn.jsdelivr.net/gh/dennypa77/mass-upload@main/foto-upload/toko3/pin-button/PB-0000228.png,1276275
Hangs on You,toko3,PIN BUTTON,PB-0000229,varian,E:\Project\Mass upload shopee\foto-upload\toko3\pin-button\PB-0000229.png,https://cdn.jsdelivr.net/gh/dennypa77/mass-upload@main/foto-upload/toko3/pin-button/PB-0000229.png,1239125
Hangs on You,toko3,PIN BUTTON,PB-0000230,varian,E:\Project\Mass upload shopee\foto-upload\toko3\pin-button\PB-0000230.png,https://cdn.jsdelivr.net/gh/dennypa77/mass-upload@main/foto-upload/toko3/pin-button/PB-0000230.png,1377267
Hangs on You,toko3,PIN BUTTON,PB-0000231,varian,E:\Project\Mass upload shopee\foto-upload\toko3\pin-button\PB-0000231.png,https://cdn.jsdelivr.net/gh/dennypa77/mass-upload@main/foto-upload/toko3/pin-button/PB-0000231.png,1260987
Hangs on You,toko3,PIN BUTTON,PB-0000232,varian,E:\Project\Mass upload shopee\foto-upload\toko3\pin-button\PB-0000232.png,https://cdn.jsdelivr.net/gh/dennypa77/mass-upload@main/foto-upload/toko3/pin-button/PB-0000232.png,1308122
Hangs on You,toko3,PIN BUTTON,PB-0000233,varian,E:\Project\Mass upload shopee\foto-upload\toko3\pin-button\PB-0000233.png,https://cdn.jsdelivr.net/gh/dennypa77/mass-upload@main/foto-upload/toko3/pin-button/PB-0000233.png,1528221
Hangs on You,toko3,PIN BUTTON,PB-0000234,varian,E:\Project\Mass upload shopee\foto-upload\toko3\pin-button\PB-0000234.png,https://cdn.jsdelivr.net/gh/dennypa77/mass-upload@main/foto-upload/toko3/pin-button/PB-0000234.png,1252067
Hangs on You,toko3,PIN BUTTON,PB-0000235,varian,E:\Project\Mass upload shopee\foto-upload\toko3\pin-button\PB-0000235.png,https://cdn.jsdelivr.net/gh/dennypa77/mass-upload@main/foto-upload/toko3/pin-button/PB-0000235.png,1311720
Hangs on You,toko3,PIN BUTTON,PB-0000236,varian,E:\Project\Mass upload shopee\foto-upload\toko3\pin-button\PB-0000236.png,https://cdn.jsdelivr.net/gh/dennypa77/mass-upload@main/foto-upload/toko3/pin-button/PB-0000236.png,1363106
Hangs on You,toko3,PIN BUTTON,PB-0000237,varian,E:\Project\Mass upload shopee\foto-upload\toko3\pin-button\PB-0000237.png,https://cdn.jsdelivr.net/gh/dennypa77/mass-upload@main/foto-upload/toko3/pin-button/PB-0000237.png,1227563
Hangs on You,toko3,PIN BUTTON,PB-0000238,varian,E:\Project\Mass upload shopee\foto-upload\toko3\pin-button\PB-0000238.png,https://cdn.jsdelivr.net/gh/dennypa77/mass-upload@main/foto-upload/toko3/pin-button/PB-0000238.png,1353890
Hangs on You,toko3,PIN BUTTON,PB-0000239,varian,E:\Project\Mass upload shopee\foto-upload\toko3\pin-button\PB-0000239.png,https://cdn.jsdelivr.net/gh/dennypa77/mass-upload@main/foto-upload/toko3/pin-button/PB-0000239.png,1051011
Hangs on You,toko3,PIN BUTTON,PB-0000240,varian,E:\Project\Mass upload shopee\foto-upload\toko3\pin-button\PB-0000240.png,https://cdn.jsdelivr.net/gh/dennypa77/mass-upload@main/foto-upload/toko3/pin-button/PB-0000240.png,983736
Hangs on You,toko3,PIN BUTTON,PB-0000241,varian,E:\Project\Mass upload shopee\foto-upload\toko3\pin-button\PB-0000241.png,https://cdn.jsdelivr.net/gh/dennypa77/mass-upload@main/foto-upload/toko3/pin-button/PB-0000241.png,1084129
Hangs on You,toko3,PIN BUTTON,PB-0000242,varian,E:\Project\Mass upload shopee\foto-upload\toko3\pin-button\PB-0000242.png,https://cdn.jsdelivr.net/gh/dennypa77/mass-upload@main/foto-upload/toko3/pin-button/PB-0000242.png,1177762
Hangs on You,toko3,PIN BUTTON,PB-0000243,varian,E:\Project\Mass upload shopee\foto-upload\toko3\pin-button\PB-0000243.png,https://cdn.jsdelivr.net/gh/dennypa77/mass-upload@main/foto-upload/toko3/pin-button/PB-0000243.png,1296906
Hangs on You,toko3,PIN BUTTON,PB-0000244,varian,E:\Project\Mass upload shopee\foto-upload\toko3\pin-button\PB-0000244.png,https://cdn.jsdelivr.net/gh/dennypa77/mass-upload@main/foto-upload/toko3/pin-button/PB-0000244.png,1492238
Hangs on You,toko3,PIN BUTTON,PB-0000245,varian,E:\Project\Mass upload shopee\foto-upload\toko3\pin-button\PB-0000245.png,https://cdn.jsdelivr.net/gh/dennypa77/mass-upload@main/foto-upload/toko3/pin-button/PB-0000245.png,1122291
Hangs on You,toko3,PIN BUTTON,PB-0000246,varian,E:\Project\Mass upload shopee\foto-upload\toko3\pin-button\PB-0000246.png,https://cdn.jsdelivr.net/gh/dennypa77/mass-upload@main/foto-upload/toko3/pin-button/PB-0000246.png,1260260
Hangs on You,toko3,PIN BUTTON,PB-0000247,varian,E:\Project\Mass upload shopee\foto-upload\toko3\pin-button\PB-0000247.png,https://cdn.jsdelivr.net/gh/dennypa77/mass-upload@main/foto-upload/toko3/pin-button/PB-0000247.png,1214320
Hangs on You,toko3,PIN BUTTON,PB-0000248,varian,E:\Project\Mass upload shopee\foto-upload\toko3\pin-button\PB-0000248.png,https://cdn.jsdelivr.net/gh/dennypa77/mass-upload@main/foto-upload/toko3/pin-button/PB-0000248.png,1278366
Hangs on You,toko3,PIN BUTTON,PB-0000249,varian,E:\Project\Mass upload shopee\foto-upload\toko3\pin-button\PB-0000249.png,https://cdn.jsdelivr.net/gh/dennypa77/mass-upload@main/foto-upload/toko3/pin-button/PB-0000249.png,1360840
Hangs on You,toko3,PIN BUTTON,PB-BLACKPINK-UTAMA1,utama,E:\Project\Mass upload shopee\foto-upload\toko3\pin-button\PB-BLACKPINK-utama1.png,https://cdn.jsdelivr.net/gh/dennypa77/mass-upload@main/foto-upload/toko3/pin-button/PB-BLACKPINK-utama1.png,1605955
Hangs on You,toko3,PIN BUTTON,PB-BLACKPINK-UTAMA2,utama,E:\Project\Mass upload shopee\foto-upload\toko3\pin-button\PB-BLACKPINK-utama2.png,https://cdn.jsdelivr.net/gh/dennypa77/mass-upload@main/foto-upload/toko3/pin-button/PB-BLACKPINK-utama2.png,862433
Hangs on You,toko3,PIN BUTTON,PB-BLACKPINK-UTAMA3,utama,E:\Project\Mass upload shopee\foto-upload\toko3\pin-button\PB-BLACKPINK-utama3.png,https://cdn.jsdelivr.net/gh/dennypa77/mass-upload@main/foto-upload/toko3/pin-button/PB-BLACKPINK-utama3.png,1665439
Hangs on You,toko3,PIN BUTTON,PB-BTS-UTAMA1,utama,E:\Project\Mass upload shopee\foto-upload\toko3\pin-button\PB-BTS-utama1.png,https://cdn.jsdelivr.net/gh/dennypa77/mass-upload@main/foto-upload/toko3/pin-button/PB-BTS-utama1.png,2075521
Hangs on You,toko3,PIN BUTTON,PB-BTS-UTAMA2,utama,E:\Project\Mass upload shopee\foto-upload\toko3\pin-button\PB-BTS-utama2.png,https://cdn.jsdelivr.net/gh/dennypa77/mass-upload@main/foto-upload/toko3/pin-button/PB-BTS-utama2.png,844110
Hangs on You,toko3,PIN BUTTON,PB-BTS-UTAMA3,utama,E:\Project\Mass upload shopee\foto-upload\toko3\pin-button\PB-BTS-utama3.png,https://cdn.jsdelivr.net/gh/dennypa77/mass-upload@main/foto-upload/toko3/pin-button/PB-BTS-utama3.png,1596751
Hangs on You,toko3,PIN BUTTON,PB-CORTIS-UTAMA1,utama,E:\Project\Mass upload shopee\foto-upload\toko3\pin-button\PB-CORTIS-utama1.png,https://cdn.jsdelivr.net/gh/dennypa77/mass-upload@main/foto-upload/toko3/pin-button/PB-CORTIS-utama1.png,1668391
Hangs on You,toko3,PIN BUTTON,PB-CORTIS-UTAMA2,utama,E:\Project\Mass upload shopee\foto-upload\toko3\pin-button\PB-CORTIS-utama2.png,https://cdn.jsdelivr.net/gh/dennypa77/mass-upload@main/foto-upload/toko3/pin-button/PB-CORTIS-utama2.png,1424732
Hangs on You,toko3,PIN BUTTON,PB-CORTIS-UTAMA3,utama,E:\Project\Mass upload shopee\foto-upload\toko3\pin-button\PB-CORTIS-utama3.png,https://cdn.jsdelivr.net/gh/dennypa77/mass-upload@main/foto-upload/toko3/pin-button/PB-CORTIS-utama3.png,1200239
Hangs on You,toko3,PIN BUTTON,PB-HEARTS2HEARTS-UTAMA1,utama,E:\Project\Mass upload shopee\foto-upload\toko3\pin-button\PB-HEARTS2HEARTS-utama1.png,https://cdn.jsdelivr.net/gh/dennypa77/mass-upload@main/foto-upload/toko3/pin-button/PB-HEARTS2HEARTS-utama1.png,1600496
Hangs on You,toko3,PIN BUTTON,PB-HEARTS2HEARTS-UTAMA2,utama,E:\Project\Mass upload shopee\foto-upload\toko3\pin-button\PB-HEARTS2HEARTS-utama2.png,https://cdn.jsdelivr.net/gh/dennypa77/mass-upload@main/foto-upload/toko3/pin-button/PB-HEARTS2HEARTS-utama2.png,855945
Hangs on You,toko3,PIN BUTTON,PB-HEARTS2HEARTS-UTAMA3,utama,E:\Project\Mass upload shopee\foto-upload\toko3\pin-button\PB-HEARTS2HEARTS-utama3.png,https://cdn.jsdelivr.net/gh/dennypa77/mass-upload@main/foto-upload/toko3/pin-button/PB-HEARTS2HEARTS-utama3.png,1214177
