nama_toko,folder_toko,jenis,kunci,tipe,file_lokal,url,ukuran_byte
Kaitin.aja,toko2,JIBBITZ,JB-0000001,varian,E:\Project\Mass upload shopee\foto-upload\toko2\jibbitz\JB-0000001.png,https://cdn.jsdelivr.net/gh/dennypa77/mass-upload@main/foto-upload/toko2/jibbitz/JB-0000001.png,313662
Kaitin.aja,toko2,JIBBITZ,JB-0000002,varian,E:\Project\Mass upload shopee\foto-upload\toko2\jibbitz\JB-0000002.png,https://cdn.jsdelivr.net/gh/dennypa77/mass-upload@main/foto-upload/toko2/jibbitz/JB-0000002.png,279792
Kaitin.aja,toko2,JIBBITZ,JB-0000003,varian,E:\Project\Mass upload shopee\foto-upload\toko2\jibbitz\JB-0000003.png,https://cdn.jsdelivr.net/gh/dennypa77/mass-upload@main/foto-upload/toko2/jibbitz/JB-0000003.png,282767
Kaitin.aja,toko2,JIBBITZ,JB-0000004,varian,E:\Project\Mass upload shopee\foto-upload\toko2\jibbitz\JB-0000004.png,https://cdn.jsdelivr.net/gh/dennypa77/mass-upload@main/foto-upload/toko2/jibbitz/JB-0000004.png,269522
Kaitin.aja,toko2,JIBBITZ,JB-0000005,varian,E:\Project\Mass upload shopee\foto-upload\toko2\jibbitz\JB-0000005.png,https://cdn.jsdelivr.net/gh/dennypa77/mass-upload@main/foto-upload/toko2/jibbitz/JB-0000005.png,297102
Kaitin.aja,toko2,JIBBITZ,JB-0000006,varian,E:\Project\Mass upload shopee\foto-upload\toko2\jibbitz\JB-0000006.png,https://cdn.jsdelivr.net/gh/dennypa77/mass-upload@main/foto-upload/toko2/jibbitz/JB-0000006.png,233035
Kaitin.aja,toko2,JIBBITZ,JB-0000007,varian,E:\Project\Mass upload shopee\foto-upload\toko2\jibbitz\JB-0000007.png,https://cdn.jsdelivr.net/gh/dennypa77/mass-upload@main/foto-upload/toko2/jibbitz/JB-0000007.png,289040
Kaitin.aja,toko2,JIBBITZ,JB-0000008,varian,E:\Project\Mass upload shopee\foto-upload\toko2\jibbitz\JB-0000008.png,https://cdn.jsdelivr.net/gh/dennypa77/mass-upload@main/foto-upload/toko2/jibbitz/JB-0000008.png,282532
Kaitin.aja,toko2,JIBBITZ,JB-0000009,varian,E:\Project\Mass upload shopee\foto-upload\toko2\jibbitz\JB-0000009.png,https://cdn.jsdelivr.net/gh/dennypa77/mass-upload@main/foto-upload/toko2/jibbitz/JB-0000009.png,261932
Kaitin.aja,toko2,JIBBITZ,JB-0000010,varian,E:\Project\Mass upload shopee\foto-upload\toko2\jibbitz\JB-0000010.png,https://cdn.jsdelivr.net/gh/dennypa77/mass-upload@main/foto-upload/toko2/jibbitz/JB-0000010.png,280295
Kaitin.aja,toko2,JIBBITZ,JB-0000011,varian,E:\Project\Mass upload shopee\foto-upload\toko2\jibbitz\JB-0000011.png,https://cdn.jsdelivr.net/gh/dennypa77/mass-upload@main/foto-upload/toko2/jibbitz/JB-0000011.png,245618
Kaitin.aja,toko2,JIBBITZ,JB-0000012,varian,E:\Project\Mass upload shopee\foto-upload\toko2\jibbitz\JB-0000012.png,https://cdn.jsdelivr.net/gh/dennypa77/mass-upload@main/foto-upload/toko2/jibbitz/JB-0000012.png,221300
Kaitin.aja,toko2,JIBBITZ,JB-0000013,varian,E:\Project\Mass upload shopee\foto-upload\toko2\jibbitz\JB-0000013.png,https://cdn.jsdelivr.net/gh/dennypa77/mass-upload@main/foto-upload/toko2/jibbitz/JB-0000013.png,263019
Kaitin.aja,toko2,JIBBITZ,JB-0000014,varian,E:\Project\Mass upload shopee\foto-upload\toko2\jibbitz\JB-0000014.png,https://cdn.jsdelivr.net/gh/dennypa77/mass-upload@main/foto-upload/toko2/jibbitz/JB-0000014.png,211742
Kaitin.aja,toko2,JIBBITZ,JB-0000015,varian,E:\Project\Mass upload shopee\foto-upload\toko2\jibbitz\JB-0000015.png,https://cdn.jsdelivr.net/gh/dennypa77/mass-upload@main/foto-upload/toko2/jibbitz/JB-0000015.png,255545
Kaitin.aja,toko2,JIBBITZ,JB-0000016,varian,E:\Project\Mass upload shopee\foto-upload\toko2\jibbitz\JB-0000016.png,https://cdn.jsdelivr.net/gh/dennypa77/mass-upload@main/foto-upload/toko2/jibbitz/JB-0000016.png,263913
Kaitin.aja,toko2,JIBBITZ,JB-0000017,varian,E:\Project\Mass upload shopee\foto-upload\toko2\jibbitz\JB-0000017.png,https://cdn.jsdelivr.net/gh/dennypa77/mass-upload@main/foto-upload/toko2/jibbitz/JB-0000017.png,237197
Kaitin.aja,toko2,JIBBITZ,JB-0000018,varian,E:\Project\Mass upload shopee\foto-upload\toko2\jibbitz\JB-0000018.png,https://cdn.jsdelivr.net/gh/dennypa77/mass-upload@main/foto-upload/toko2/jibbitz/JB-0000018.png,262225
Kaitin.aja,toko2,JIBBITZ,JB-0000019,varian,E:\Project\Mass upload shopee\foto-upload\toko2\jibbitz\JB-0000019.png,https://cdn.jsdelivr.net/gh/dennypa77/mass-upload@main/foto-upload/toko2/jibbitz/JB-0000019.png,222492
Kaitin.aja,toko2,JIBBITZ,JB-0000020,varian,E:\Project\Mass upload shopee\foto-upload\toko2\jibbitz\JB-0000020.png,https://cdn.jsdelivr.net/gh/dennypa77/mass-upload@main/foto-upload/toko2/jibbitz/JB-0000020.png,264383
Kaitin.aja,toko2,JIBBITZ,JB-0000021,varian,E:\Project\Mass upload shopee\foto-upload\toko2\jibbitz\JB-0000021.png,https://cdn.jsdelivr.net/gh/dennypa77/mass-upload@main/foto-upload/toko2/jibbitz/JB-0000021.png,258574
Kaitin.aja,toko2,JIBBITZ,JB-0000022,varian,E:\Project\Mass upload shopee\foto-upload\toko2\jibbitz\JB-0000022.png,https://cdn.jsdelivr.net/gh/dennypa77/mass-upload@main/foto-upload/toko2/jibbitz/JB-0000022.png,307345
Kaitin.aja,toko2,JIBBITZ,JB-0000023,varian,E:\Project\Mass upload shopee\foto-upload\toko2\jibbitz\JB-0000023.png,https://cdn.jsdelivr.net/gh/dennypa77/mass-upload@main/foto-upload/toko2/jibbitz/JB-0000023.png,253395
Kaitin.aja,toko2,JIBBITZ,JB-0000024,varian,E:\Project\Mass upload shopee\foto-upload\toko2\jibbitz\JB-0000024.png,https://cdn.jsdelivr.net/gh/dennypa77/mass-upload@main/foto-upload/toko2/jibbitz/JB-0000024.png,292478
Kaitin.aja,toko2,JIBBITZ,JB-0000025,varian,E:\Project\Mass upload shopee\foto-upload\toko2\jibbitz\JB-0000025.png,https://cdn.jsdelivr.net/gh/dennypa77/mass-upload@main/foto-upload/toko2/jibbitz/JB-0000025.png,287678
Kaitin.aja,toko2,JIBBITZ,JB-0000026,varian,E:\Project\Mass upload shopee\foto-upload\toko2\jibbitz\JB-0000026.png,https://cdn.jsdelivr.net/gh/dennypa77/mass-upload@main/foto-upload/toko2/jibbitz/JB-0000026.png,238070
Kaitin.aja,toko2,JIBBITZ,JB-0000027,varian,E:\Project\Mass upload shopee\foto-upload\toko2\jibbitz\JB-0000027.png,https://cdn.jsdelivr.net/gh/dennypa77/mass-upload@main/foto-upload/toko2/jibbitz/JB-0000027.png,248663
Kaitin.aja,toko2,JIBBITZ,JB-0000028,varian,E:\Project\Mass upload shopee\foto-upload\toko2\jibbitz\JB-0000028.png,https://cdn.jsdelivr.net/gh/dennypa77/mass-upload@main/foto-upload/toko2/jibbitz/JB-0000028.png,274145
Kaitin.aja,toko2,JIBBITZ,JB-0000029,varian,E:\Project\Mass upload shopee\foto-upload\toko2\jibbitz\JB-0000029.png,https://cdn.jsdelivr.net/gh/dennypa77/mass-upload@main/foto-upload/toko2/jibbitz/JB-0000029.png,274330
Kaitin.aja,toko2,JIBBITZ,JB-0000030,varian,E:\Project\Mass upload shopee\foto-upload\toko2\jibbitz\JB-0000030.png,https://cdn.jsdelivr.net/gh/dennypa77/mass-upload@main/foto-upload/toko2/jibbitz/JB-0000030.png,277889
Kaitin.aja,toko2,JIBBITZ,JB-0000031,varian,E:\Project\Mass upload shopee\foto-upload\toko2\jibbitz\JB-0000031.png,https://cdn.jsdelivr.net/gh/dennypa77/mass-upload@main/foto-upload/toko2/jibbitz/JB-0000031.png,229634
Kaitin.aja,toko2,JIBBITZ,JB-0000032,varian,E:\Project\Mass upload shopee\foto-upload\toko2\jibbitz\JB-0000032.png,https://cdn.jsdelivr.net/gh/dennypa77/mass-upload@main/foto-upload/toko2/jibbitz/JB-0000032.png,266878
Kaitin.aja,toko2,JIBBITZ,JB-0000033,varian,E:\Project\Mass upload shopee\foto-upload\toko2\jibbitz\JB-0000033.png,https://cdn.jsdelivr.net/gh/dennypa77/mass-upload@main/foto-upload/toko2/jibbitz/JB-0000033.png,287153
Kaitin.aja,toko2,JIBBITZ,JB-0000034,varian,E:\Project\Mass upload shopee\foto-upload\toko2\jibbitz\JB-0000034.png,https://cdn.jsdelivr.net/gh/dennypa77/mass-upload@main/foto-upload/toko2/jibbitz/JB-0000034.png,199037
Kaitin.aja,toko2,JIBBITZ,JB-0000035,varian,E:\Project\Mass upload shopee\foto-upload\toko2\jibbitz\JB-0000035.png,https://cdn.jsdelivr.net/gh/dennypa77/mass-upload@main/foto-upload/toko2/jibbitz/JB-0000035.png,245803
Kaitin.aja,toko2,JIBBITZ,JB-0000036,varian,E:\Project\Mass upload shopee\foto-upload\toko2\jibbitz\JB-0000036.png,https://cdn.jsdelivr.net/gh/dennypa77/mass-upload@main/foto-upload/toko2/jibbitz/JB-0000036.png,235126
Kaitin.aja,toko2,JIBBITZ,JB-0000037,varian,E:\Project\Mass upload shopee\foto-upload\toko2\jibbitz\JB-0000037.png,https://cdn.jsdelivr.net/gh/dennypa77/mass-upload@main/foto-upload/toko2/jibbitz/JB-0000037.png,257242
Kaitin.aja,toko2,JIBBITZ,JB-0000038,varian,E:\Project\Mass upload shopee\foto-upload\toko2\jibbitz\JB-0000038.png,https://cdn.jsdelivr.net/gh/dennypa77/mass-upload@main/foto-upload/toko2/jibbitz/JB-0000038.png,230950
Kaitin.aja,toko2,JIBBITZ,JB-0000039,varian,E:\Project\Mass upload shopee\foto-upload\toko2\jibbitz\JB-0000039.png,https://cdn.jsdelivr.net/gh/dennypa77/mass-upload@main/foto-upload/toko2/jibbitz/JB-0000039.png,243681
Kaitin.aja,toko2,JIBBITZ,JB-0000040,varian,E:\Project\Mass upload shopee\foto-upload\toko2\jibbitz\JB-0000040.png,https://cdn.jsdelivr.net/gh/dennypa77/mass-upload@main/foto-upload/toko2/jibbitz/JB-0000040.png,231461
Kaitin.aja,toko2,JIBBITZ,JB-0000041,varian,E:\Project\Mass upload shopee\foto-upload\toko2\jibbitz\JB-0000041.png,https://cdn.jsdelivr.net/gh/dennypa77/mass-upload@main/foto-upload/toko2/jibbitz/JB-0000041.png,256982
Kaitin.aja,toko2,JIBBITZ,JB-0000042,varian,E:\Project\Mass upload shopee\foto-upload\toko2\jibbitz\JB-0000042.png,https://cdn.jsdelivr.net/gh/dennypa77/mass-upload@main/foto-upload/toko2/jibbitz/JB-0000042.png,260737
Kaitin.aja,toko2,JIBBITZ,JB-0000043,varian,E:\Project\Mass upload shopee\foto-upload\toko2\jibbitz\JB-0000043.png,https://cdn.jsdelivr.net/gh/dennypa77/mass-upload@main/foto-upload/toko2/jibbitz/JB-0000043.png,262323
Kaitin.aja,toko2,JIBBITZ,JB-0000044,varian,E:\Project\Mass upload shopee\foto-upload\toko2\jibbitz\JB-0000044.png,https://cdn.jsdelivr.net/gh/dennypa77/mass-upload@main/foto-upload/toko2/jibbitz/JB-0000044.png,264279
Kaitin.aja,toko2,JIBBITZ,JB-0000045,varian,E:\Project\Mass upload shopee\foto-upload\toko2\jibbitz\JB-0000045.png,https://cdn.jsdelivr.net/gh/dennypa77/mass-upload@main/foto-upload/toko2/jibbitz/JB-0000045.png,267456
Kaitin.aja,toko2,JIBBITZ,JB-0000046,varian,E:\Project\Mass upload shopee\foto-upload\toko2\jibbitz\JB-0000046.png,https://cdn.jsdelivr.net/gh/dennypa77/mass-upload@main/foto-upload/toko2/jibbitz/JB-0000046.png,222770
Kaitin.aja,toko2,JIBBITZ,JB-0000047,varian,E:\Project\Mass upload shopee\foto-upload\toko2\jibbitz\JB-0000047.png,https://cdn.jsdelivr.net/gh/dennypa77/mass-upload@main/foto-upload/toko2/jibbitz/JB-0000047.png,200853
Kaitin.aja,toko2,JIBBITZ,JB-0000048,varian,E:\Project\Mass upload shopee\foto-upload\toko2\jibbitz\JB-0000048.png,https://cdn.jsdelivr.net/gh/dennypa77/mass-upload@main/foto-upload/toko2/jibbitz/JB-0000048.png,236887
Kaitin.aja,toko2,JIBBITZ,JB-0000049,varian,E:\Project\Mass upload shopee\foto-upload\toko2\jibbitz\JB-0000049.png,https://cdn.jsdelivr.net/gh/dennypa77/mass-upload@main/foto-upload/toko2/jibbitz/JB-0000049.png,211763
Kaitin.aja,toko2,JIBBITZ,JB-0000050,varian,E:\Project\Mass upload shopee\foto-upload\toko2\jibbitz\JB-0000050.png,https://cdn.jsdelivr.net/gh/dennypa77/mass-upload@main/foto-upload/toko2/jibbitz/JB-0000050.png,214549
Kaitin.aja,toko2,JIBBITZ,JB-0000051,varian,E:\Project\Mass upload shopee\foto-upload\toko2\jibbitz\JB-0000051.png,https://cdn.jsdelivr.net/gh/dennypa77/mass-upload@main/foto-upload/toko2/jibbitz/JB-0000051.png,271311
Kaitin.aja,toko2,JIBBITZ,JB-0000052,varian,E:\Project\Mass upload shopee\foto-upload\toko2\jibbitz\JB-0000052.png,https://cdn.jsdelivr.net/gh/dennypa77/mass-upload@main/foto-upload/toko2/jibbitz/JB-0000052.png,287539
Kaitin.aja,toko2,JIBBITZ,JB-0000053,varian,E:\Project\Mass upload shopee\foto-upload\toko2\jibbitz\JB-0000053.png,https://cdn.jsdelivr.net/gh/dennypa77/mass-upload@main/foto-upload/toko2/jibbitz/JB-0000053.png,301323
Kaitin.aja,toko2,JIBBITZ,JB-0000054,varian,E:\Project\Mass upload shopee\foto-upload\toko2\jibbitz\JB-0000054.png,https://cdn.jsdelivr.net/gh/dennypa77/mass-upload@main/foto-upload/toko2/jibbitz/JB-0000054.png,270539
Kaitin.aja,toko2,JIBBITZ,JB-0000055,varian,E:\Project\Mass upload shopee\foto-upload\toko2\jibbitz\JB-0000055.png,https://cdn.jsdelivr.net/gh/dennypa77/mass-upload@main/foto-upload/toko2/jibbitz/JB-0000055.png,290384
Kaitin.aja,toko2,JIBBITZ,JB-0000056,varian,E:\Project\Mass upload shopee\foto-upload\toko2\jibbitz\JB-0000056.png,https://cdn.jsdelivr.net/gh/dennypa77/mass-upload@main/foto-upload/toko2/jibbitz/JB-0000056.png,290279
Kaitin.aja,toko2,JIBBITZ,JB-0000057,varian,E:\Project\Mass upload shopee\foto-upload\toko2\jibbitz\JB-0000057.png,https://cdn.jsdelivr.net/gh/dennypa77/mass-upload@main/foto-upload/toko2/jibbitz/JB-0000057.png,294713
Kaitin.aja,toko2,JIBBITZ,JB-0000058,varian,E:\Project\Mass upload shopee\foto-upload\toko2\jibbitz\JB-0000058.png,https://cdn.jsdelivr.net/gh/dennypa77/mass-upload@main/foto-upload/toko2/jibbitz/JB-0000058.png,229214
Kaitin.aja,toko2,JIBBITZ,JB-0000059,varian,E:\Project\Mass upload shopee\foto-upload\toko2\jibbitz\JB-0000059.png,https://cdn.jsdelivr.net/gh/dennypa77/mass-upload@main/foto-upload/toko2/jibbitz/JB-0000059.png,235843
Kaitin.aja,toko2,JIBBITZ,JB-0000060,varian,E:\Project\Mass upload shopee\foto-upload\toko2\jibbitz\JB-0000060.png,https://cdn.jsdelivr.net/gh/dennypa77/mass-upload@main/foto-upload/toko2/jibbitz/JB-0000060.png,235169
Kaitin.aja,toko2,JIBBITZ,JB-0000061,varian,E:\Project\Mass upload shopee\foto-upload\toko2\jibbitz\JB-0000061.png,https://cdn.jsdelivr.net/gh/dennypa77/mass-upload@main/foto-upload/toko2/jibbitz/JB-0000061.png,260385
Kaitin.aja,toko2,JIBBITZ,JB-0000062,varian,E:\Project\Mass upload shopee\foto-upload\toko2\jibbitz\JB-0000062.png,https://cdn.jsdelivr.net/gh/dennypa77/mass-upload@main/foto-upload/toko2/jibbitz/JB-0000062.png,240247
Kaitin.aja,toko2,JIBBITZ,JB-0000063,varian,E:\Project\Mass upload shopee\foto-upload\toko2\jibbitz\JB-0000063.png,https://cdn.jsdelivr.net/gh/dennypa77/mass-upload@main/foto-upload/toko2/jibbitz/JB-0000063.png,243943
Kaitin.aja,toko2,JIBBITZ,JB-0000064,varian,E:\Project\Mass upload shopee\foto-upload\toko2\jibbitz\JB-0000064.png,https://cdn.jsdelivr.net/gh/dennypa77/mass-upload@main/foto-upload/toko2/jibbitz/JB-0000064.png,249843
Kaitin.aja,toko2,JIBBITZ,JB-0000065,varian,E:\Project\Mass upload shopee\foto-upload\toko2\jibbitz\JB-0000065.png,https://cdn.jsdelivr.net/gh/dennypa77/mass-upload@main/foto-upload/toko2/jibbitz/JB-0000065.png,190981
Kaitin.aja,toko2,JIBBITZ,JB-0000066,varian,E:\Project\Mass upload shopee\foto-upload\toko2\jibbitz\JB-0000066.png,https://cdn.jsdelivr.net/gh/dennypa77/mass-upload@main/foto-upload/toko2/jibbitz/JB-0000066.png,202022
Kaitin.aja,toko2,JIBBITZ,JB-0000067,varian,E:\Project\Mass upload shopee\foto-upload\toko2\jibbitz\JB-0000067.png,https://cdn.jsdelivr.net/gh/dennypa77/mass-upload@main/foto-upload/toko2/jibbitz/JB-0000067.png,207176
Kaitin.aja,toko2,JIBBITZ,JB-0000068,varian,E:\Project\Mass upload shopee\foto-upload\toko2\jibbitz\JB-0000068.png,https://cdn.jsdelivr.net/gh/dennypa77/mass-upload@main/foto-upload/toko2/jibbitz/JB-0000068.png,198280
Kaitin.aja,toko2,JIBBITZ,JB-0000069,varian,E:\Project\Mass upload shopee\foto-upload\toko2\jibbitz\JB-0000069.png,https://cdn.jsdelivr.net/gh/dennypa77/mass-upload@main/foto-upload/toko2/jibbitz/JB-0000069.png,204885
Kaitin.aja,toko2,JIBBITZ,JB-0000070,varian,E:\Project\Mass upload shopee\foto-upload\toko2\jibbitz\JB-0000070.png,https://cdn.jsdelivr.net/gh/dennypa77/mass-upload@main/foto-upload/toko2/jibbitz/JB-0000070.png,208717
Kaitin.aja,toko2,JIBBITZ,JB-0000071,varian,E:\Project\Mass upload shopee\foto-upload\toko2\jibbitz\JB-0000071.png,https://cdn.jsdelivr.net/gh/dennypa77/mass-upload@main/foto-upload/toko2/jibbitz/JB-0000071.png,196914
Kaitin.aja,toko2,JIBBITZ,JB-0000072,varian,E:\Project\Mass upload shopee\foto-upload\toko2\jibbitz\JB-0000072.png,https://cdn.jsdelivr.net/gh/dennypa77/mass-upload@main/foto-upload/toko2/jibbitz/JB-0000072.png,191235
Kaitin.aja,toko2,JIBBITZ,JB-0000073,varian,E:\Project\Mass upload shopee\foto-upload\toko2\jibbitz\JB-0000073.png,https://cdn.jsdelivr.net/gh/dennypa77/mass-upload@main/foto-upload/toko2/jibbitz/JB-0000073.png,183418
Kaitin.aja,toko2,JIBBITZ,JB-0000074,varian,E:\Project\Mass upload shopee\foto-upload\toko2\jibbitz\JB-0000074.png,https://cdn.jsdelivr.net/gh/dennypa77/mass-upload@main/foto-upload/toko2/jibbitz/JB-0000074.png,184834
Kaitin.aja,toko2,JIBBITZ,JB-0000075,varian,E:\Project\Mass upload shopee\foto-upload\toko2\jibbitz\JB-0000075.png,https://cdn.jsdelivr.net/gh/dennypa77/mass-upload@main/foto-upload/toko2/jibbitz/JB-0000075.png,192572
Kaitin.aja,toko2,JIBBITZ,JB-0000076,varian,E:\Project\Mass upload shopee\foto-upload\toko2\jibbitz\JB-0000076.png,https://cdn.jsdelivr.net/gh/dennypa77/mass-upload@main/foto-upload/toko2/jibbitz/JB-0000076.png,184357
Kaitin.aja,toko2,JIBBITZ,JB-0000077,varian,E:\Project\Mass upload shopee\foto-upload\toko2\jibbitz\JB-0000077.png,https://cdn.jsdelivr.net/gh/dennypa77/mass-upload@main/foto-upload/toko2/jibbitz/JB-0000077.png,187552
Kaitin.aja,toko2,JIBBITZ,JB-0000078,varian,E:\Project\Mass upload shopee\foto-upload\toko2\jibbitz\JB-0000078.png,https://cdn.jsdelivr.net/gh/dennypa77/mass-upload@main/foto-upload/toko2/jibbitz/JB-0000078.png,191425
Kaitin.aja,toko2,JIBBITZ,JB-0000079,varian,E:\Project\Mass upload shopee\foto-upload\toko2\jibbitz\JB-0000079.png,https://cdn.jsdelivr.net/gh/dennypa77/mass-upload@main/foto-upload/toko2/jibbitz/JB-0000079.png,244587
Kaitin.aja,toko2,JIBBITZ,JB-0000080,varian,E:\Project\Mass upload shopee\foto-upload\toko2\jibbitz\JB-0000080.png,https://cdn.jsdelivr.net/gh/dennypa77/mass-upload@main/foto-upload/toko2/jibbitz/JB-0000080.png,261560
Kaitin.aja,toko2,JIBBITZ,JB-0000081,varian,E:\Project\Mass upload shopee\foto-upload\toko2\jibbitz\JB-0000081.png,https://cdn.jsdelivr.net/gh/dennypa77/mass-upload@main/foto-upload/toko2/jibbitz/JB-0000081.png,310636
Kaitin.aja,toko2,JIBBITZ,JB-0000082,varian,E:\Project\Mass upload shopee\foto-upload\toko2\jibbitz\JB-0000082.png,https://cdn.jsdelivr.net/gh/dennypa77/mass-upload@main/foto-upload/toko2/jibbitz/JB-0000082.png,278602
Kaitin.aja,toko2,JIBBITZ,JB-0000083,varian,E:\Project\Mass upload shopee\foto-upload\toko2\jibbitz\JB-0000083.png,https://cdn.jsdelivr.net/gh/dennypa77/mass-upload@main/foto-upload/toko2/jibbitz/JB-0000083.png,252497
Kaitin.aja,toko2,JIBBITZ,JB-0000084,varian,E:\Project\Mass upload shopee\foto-upload\toko2\jibbitz\JB-0000084.png,https://cdn.jsdelivr.net/gh/dennypa77/mass-upload@main/foto-upload/toko2/jibbitz/JB-0000084.png,262576
Kaitin.aja,toko2,JIBBITZ,JB-0000085,varian,E:\Project\Mass upload shopee\foto-upload\toko2\jibbitz\JB-0000085.png,https://cdn.jsdelivr.net/gh/dennypa77/mass-upload@main/foto-upload/toko2/jibbitz/JB-0000085.png,269433
Kaitin.aja,toko2,JIBBITZ,JB-0000086,varian,E:\Project\Mass upload shopee\foto-upload\toko2\jibbitz\JB-0000086.png,https://cdn.jsdelivr.net/gh/dennypa77/mass-upload@main/foto-upload/toko2/jibbitz/JB-0000086.png,286493
Kaitin.aja,toko2,JIBBITZ,JB-0000087,varian,E:\Project\Mass upload shopee\foto-upload\toko2\jibbitz\JB-0000087.png,https://cdn.jsdelivr.net/gh/dennypa77/mass-upload@main/foto-upload/toko2/jibbitz/JB-0000087.png,208103
Kaitin.aja,toko2,JIBBITZ,JB-0000088,varian,E:\Project\Mass upload shopee\foto-upload\toko2\jibbitz\JB-0000088.png,https://cdn.jsdelivr.net/gh/dennypa77/mass-upload@main/foto-upload/toko2/jibbitz/JB-0000088.png,241433
Kaitin.aja,toko2,JIBBITZ,JB-0000089,varian,E:\Project\Mass upload shopee\foto-upload\toko2\jibbitz\JB-0000089.png,https://cdn.jsdelivr.net/gh/dennypa77/mass-upload@main/foto-upload/toko2/jibbitz/JB-0000089.png,185519
Kaitin.aja,toko2,JIBBITZ,JB-0000090,varian,E:\Project\Mass upload shopee\foto-upload\toko2\jibbitz\JB-0000090.png,https://cdn.jsdelivr.net/gh/dennypa77/mass-upload@main/foto-upload/toko2/jibbitz/JB-0000090.png,234060
Kaitin.aja,toko2,JIBBITZ,JB-0000091,varian,E:\Project\Mass upload shopee\foto-upload\toko2\jibbitz\JB-0000091.png,https://cdn.jsdelivr.net/gh/dennypa77/mass-upload@main/foto-upload/toko2/jibbitz/JB-0000091.png,228306
Kaitin.aja,toko2,JIBBITZ,JB-0000092,varian,E:\Project\Mass upload shopee\foto-upload\toko2\jibbitz\JB-0000092.png,https://cdn.jsdelivr.net/gh/dennypa77/mass-upload@main/foto-upload/toko2/jibbitz/JB-0000092.png,235594
Kaitin.aja,toko2,JIBBITZ,JB-0000093,varian,E:\Project\Mass upload shopee\foto-upload\toko2\jibbitz\JB-0000093.png,https://cdn.jsdelivr.net/gh/dennypa77/mass-upload@main/foto-upload/toko2/jibbitz/JB-0000093.png,268282
Kaitin.aja,toko2,JIBBITZ,JB-0000094,varian,E:\Project\Mass upload shopee\foto-upload\toko2\jibbitz\JB-0000094.png,https://cdn.jsdelivr.net/gh/dennypa77/mass-upload@main/foto-upload/toko2/jibbitz/JB-0000094.png,279563
Kaitin.aja,toko2,JIBBITZ,JB-0000095,varian,E:\Project\Mass upload shopee\foto-upload\toko2\jibbitz\JB-0000095.png,https://cdn.jsdelivr.net/gh/dennypa77/mass-upload@main/foto-upload/toko2/jibbitz/JB-0000095.png,276705
Kaitin.aja,toko2,JIBBITZ,JB-0000096,varian,E:\Project\Mass upload shopee\foto-upload\toko2\jibbitz\JB-0000096.png,https://cdn.jsdelivr.net/gh/dennypa77/mass-upload@main/foto-upload/toko2/jibbitz/JB-0000096.png,248606
Kaitin.aja,toko2,JIBBITZ,JB-0000097,varian,E:\Project\Mass upload shopee\foto-upload\toko2\jibbitz\JB-0000097.png,https://cdn.jsdelivr.net/gh/dennypa77/mass-upload@main/foto-upload/toko2/jibbitz/JB-0000097.png,243835
Kaitin.aja,toko2,JIBBITZ,JB-0000098,varian,E:\Project\Mass upload shopee\foto-upload\toko2\jibbitz\JB-0000098.png,https://cdn.jsdelivr.net/gh/dennypa77/mass-upload@main/foto-upload/toko2/jibbitz/JB-0000098.png,262136
Kaitin.aja,toko2,JIBBITZ,JB-0000099,varian,E:\Project\Mass upload shopee\foto-upload\toko2\jibbitz\JB-0000099.png,https://cdn.jsdelivr.net/gh/dennypa77/mass-upload@main/foto-upload/toko2/jibbitz/JB-0000099.png,252280
Kaitin.aja,toko2,JIBBITZ,JB-0000100,varian,E:\Project\Mass upload shopee\foto-upload\toko2\jibbitz\JB-0000100.png,https://cdn.jsdelivr.net/gh/dennypa77/mass-upload@main/foto-upload/toko2/jibbitz/JB-0000100.png,272848
Kaitin.aja,toko2,JIBBITZ,JB-0000151,varian,E:\Project\Mass upload shopee\foto-upload\toko2\jibbitz\JB-0000151.png,https://cdn.jsdelivr.net/gh/dennypa77/mass-upload@main/foto-upload/toko2/jibbitz/JB-0000151.png,217844
Kaitin.aja,toko2,JIBBITZ,JB-0000152,varian,E:\Project\Mass upload shopee\foto-upload\toko2\jibbitz\JB-0000152.png,https://cdn.jsdelivr.net/gh/dennypa77/mass-upload@main/foto-upload/toko2/jibbitz/JB-0000152.png,253345
Kaitin.aja,toko2,JIBBITZ,JB-0000153,varian,E:\Project\Mass upload shopee\foto-upload\toko2\jibbitz\JB-0000153.png,https://cdn.jsdelivr.net/gh/dennypa77/mass-upload@main/foto-upload/toko2/jibbitz/JB-0000153.png,243530
Kaitin.aja,toko2,JIBBITZ,JB-0000154,varian,E:\Project\Mass upload shopee\foto-upload\toko2\jibbitz\JB-0000154.png,https://cdn.jsdelivr.net/gh/dennypa77/mass-upload@main/foto-upload/toko2/jibbitz/JB-0000154.png,246128
Kaitin.aja,toko2,JIBBITZ,JB-0000155,varian,E:\Project\Mass upload shopee\foto-upload\toko2\jibbitz\JB-0000155.png,https://cdn.jsdelivr.net/gh/dennypa77/mass-upload@main/foto-upload/toko2/jibbitz/JB-0000155.png,283076
Kaitin.aja,toko2,JIBBITZ,JB-0000156,varian,E:\Project\Mass upload shopee\foto-upload\toko2\jibbitz\JB-0000156.png,https://cdn.jsdelivr.net/gh/dennypa77/mass-upload@main/foto-upload/toko2/jibbitz/JB-0000156.png,256883
Kaitin.aja,toko2,JIBBITZ,JB-0000157,varian,E:\Project\Mass upload shopee\foto-upload\toko2\jibbitz\JB-0000157.png,https://cdn.jsdelivr.net/gh/dennypa77/mass-upload@main/foto-upload/toko2/jibbitz/JB-0000157.png,306999
Kaitin.aja,toko2,JIBBITZ,JB-0000158,varian,E:\Project\Mass upload shopee\foto-upload\toko2\jibbitz\JB-0000158.png,https://cdn.jsdelivr.net/gh/dennypa77/mass-upload@main/foto-upload/toko2/jibbitz/JB-0000158.png,274822
Kaitin.aja,toko2,JIBBITZ,JB-0000159,varian,E:\Project\Mass upload shopee\foto-upload\toko2\jibbitz\JB-0000159.png,https://cdn.jsdelivr.net/gh/dennypa77/mass-upload@main/foto-upload/toko2/jibbitz/JB-0000159.png,226522
Kaitin.aja,toko2,JIBBITZ,JB-0000160,varian,E:\Project\Mass upload shopee\foto-upload\toko2\jibbitz\JB-0000160.png,https://cdn.jsdelivr.net/gh/dennypa77/mass-upload@main/foto-upload/toko2/jibbitz/JB-0000160.png,263424
Kaitin.aja,toko2,JIBBITZ,JB-0000161,varian,E:\Project\Mass upload shopee\foto-upload\toko2\jibbitz\JB-0000161.png,https://cdn.jsdelivr.net/gh/dennypa77/mass-upload@main/foto-upload/toko2/jibbitz/JB-0000161.png,179173
Kaitin.aja,toko2,JIBBITZ,JB-0000162,varian,E:\Project\Mass upload shopee\foto-upload\toko2\jibbitz\JB-0000162.png,https://cdn.jsdelivr.net/gh/dennypa77/mass-upload@main/foto-upload/toko2/jibbitz/JB-0000162.png,269218
Kaitin.aja,toko2,JIBBITZ,JB-0000163,varian,E:\Project\Mass upload shopee\foto-upload\toko2\jibbitz\JB-0000163.png,https://cdn.jsdelivr.net/gh/dennypa77/mass-upload@main/foto-upload/toko2/jibbitz/JB-0000163.png,243063
Kaitin.aja,toko2,JIBBITZ,JB-0000164,varian,E:\Project\Mass upload shopee\foto-upload\toko2\jibbitz\JB-0000164.png,https://cdn.jsdelivr.net/gh/dennypa77/mass-upload@main/foto-upload/toko2/jibbitz/JB-0000164.png,301457
Kaitin.aja,toko2,JIBBITZ,JB-0000165,varian,E:\Project\Mass upload shopee\foto-upload\toko2\jibbitz\JB-0000165.png,https://cdn.jsdelivr.net/gh/dennypa77/mass-upload@main/foto-upload/toko2/jibbitz/JB-0000165.png,249238
Kaitin.aja,toko2,JIBBITZ,JB-0000166,varian,E:\Project\Mass upload shopee\foto-upload\toko2\jibbitz\JB-0000166.png,https://cdn.jsdelivr.net/gh/dennypa77/mass-upload@main/foto-upload/toko2/jibbitz/JB-0000166.png,284490
Kaitin.aja,toko2,JIBBITZ,JB-0000167,varian,E:\Project\Mass upload shopee\foto-upload\toko2\jibbitz\JB-0000167.png,https://cdn.jsdelivr.net/gh/dennypa77/mass-upload@main/foto-upload/toko2/jibbitz/JB-0000167.png,254745
Kaitin.aja,toko2,JIBBITZ,JB-0000168,varian,E:\Project\Mass upload shopee\foto-upload\toko2\jibbitz\JB-0000168.png,https://cdn.jsdelivr.net/gh/dennypa77/mass-upload@main/foto-upload/toko2/jibbitz/JB-0000168.png,278512
Kaitin.aja,toko2,JIBBITZ,JB-0000169,varian,E:\Project\Mass upload shopee\foto-upload\toko2\jibbitz\JB-0000169.png,https://cdn.jsdelivr.net/gh/dennypa77/mass-upload@main/foto-upload/toko2/jibbitz/JB-0000169.png,242912
Kaitin.aja,toko2,JIBBITZ,JB-0000170,varian,E:\Project\Mass upload shopee\foto-upload\toko2\jibbitz\JB-0000170.png,https://cdn.jsdelivr.net/gh/dennypa77/mass-upload@main/foto-upload/toko2/jibbitz/JB-0000170.png,227246
Kaitin.aja,toko2,JIBBITZ,JB-0000171,varian,E:\Project\Mass upload shopee\foto-upload\toko2\jibbitz\JB-0000171.png,https://cdn.jsdelivr.net/gh/dennypa77/mass-upload@main/foto-upload/toko2/jibbitz/JB-0000171.png,210640
Kaitin.aja,toko2,JIBBITZ,JB-0000172,varian,E:\Project\Mass upload shopee\foto-upload\toko2\jibbitz\JB-0000172.png,https://cdn.jsdelivr.net/gh/dennypa77/mass-upload@main/foto-upload/toko2/jibbitz/JB-0000172.png,211316
Kaitin.aja,toko2,JIBBITZ,JB-0000173,varian,E:\Project\Mass upload shopee\foto-upload\toko2\jibbitz\JB-0000173.png,https://cdn.jsdelivr.net/gh/dennypa77/mass-upload@main/foto-upload/toko2/jibbitz/JB-0000173.png,246358
Kaitin.aja,toko2,JIBBITZ,JB-0000174,varian,E:\Project\Mass upload shopee\foto-upload\toko2\jibbitz\JB-0000174.png,https://cdn.jsdelivr.net/gh/dennypa77/mass-upload@main/foto-upload/toko2/jibbitz/JB-0000174.png,233497
Kaitin.aja,toko2,JIBBITZ,JB-0000175,varian,E:\Project\Mass upload shopee\foto-upload\toko2\jibbitz\JB-0000175.png,https://cdn.jsdelivr.net/gh/dennypa77/mass-upload@main/foto-upload/toko2/jibbitz/JB-0000175.png,258153
Kaitin.aja,toko2,JIBBITZ,JB-0000176,varian,E:\Project\Mass upload shopee\foto-upload\toko2\jibbitz\JB-0000176.png,https://cdn.jsdelivr.net/gh/dennypa77/mass-upload@main/foto-upload/toko2/jibbitz/JB-0000176.png,255928
Kaitin.aja,toko2,JIBBITZ,JB-0000177,varian,E:\Project\Mass upload shopee\foto-upload\toko2\jibbitz\JB-0000177.png,https://cdn.jsdelivr.net/gh/dennypa77/mass-upload@main/foto-upload/toko2/jibbitz/JB-0000177.png,247450
Kaitin.aja,toko2,JIBBITZ,JB-0000178,varian,E:\Project\Mass upload shopee\foto-upload\toko2\jibbitz\JB-0000178.png,https://cdn.jsdelivr.net/gh/dennypa77/mass-upload@main/foto-upload/toko2/jibbitz/JB-0000178.png,241304
Kaitin.aja,toko2,JIBBITZ,JB-0000179,varian,E:\Project\Mass upload shopee\foto-upload\toko2\jibbitz\JB-0000179.png,https://cdn.jsdelivr.net/gh/dennypa77/mass-upload@main/foto-upload/toko2/jibbitz/JB-0000179.png,292974
Kaitin.aja,toko2,JIBBITZ,JB-0000180,varian,E:\Project\Mass upload shopee\foto-upload\toko2\jibbitz\JB-0000180.png,https://cdn.jsdelivr.net/gh/dennypa77/mass-upload@main/foto-upload/toko2/jibbitz/JB-0000180.png,284689
Kaitin.aja,toko2,JIBBITZ,JB-0000181,varian,E:\Project\Mass upload shopee\foto-upload\toko2\jibbitz\JB-0000181.png,https://cdn.jsdelivr.net/gh/dennypa77/mass-upload@main/foto-upload/toko2/jibbitz/JB-0000181.png,202523
Kaitin.aja,toko2,JIBBITZ,JB-0000182,varian,E:\Project\Mass upload shopee\foto-upload\toko2\jibbitz\JB-0000182.png,https://cdn.jsdelivr.net/gh/dennypa77/mass-upload@main/foto-upload/toko2/jibbitz/JB-0000182.png,280283
Kaitin.aja,toko2,JIBBITZ,JB-0000183,varian,E:\Project\Mass upload shopee\foto-upload\toko2\jibbitz\JB-0000183.png,https://cdn.jsdelivr.net/gh/dennypa77/mass-upload@main/foto-upload/toko2/jibbitz/JB-0000183.png,252158
Kaitin.aja,toko2,JIBBITZ,JB-0000184,varian,E:\Project\Mass upload shopee\foto-upload\toko2\jibbitz\JB-0000184.png,https://cdn.jsdelivr.net/gh/dennypa77/mass-upload@main/foto-upload/toko2/jibbitz/JB-0000184.png,237671
Kaitin.aja,toko2,JIBBITZ,JB-0000185,varian,E:\Project\Mass upload shopee\foto-upload\toko2\jibbitz\JB-0000185.png,https://cdn.jsdelivr.net/gh/dennypa77/mass-upload@main/foto-upload/toko2/jibbitz/JB-0000185.png,230481
Kaitin.aja,toko2,JIBBITZ,JB-0000186,varian,E:\Project\Mass upload shopee\foto-upload\toko2\jibbitz\JB-0000186.png,https://cdn.jsdelivr.net/gh/dennypa77/mass-upload@main/foto-upload/toko2/jibbitz/JB-0000186.png,232430
Kaitin.aja,toko2,JIBBITZ,JB-0000187,varian,E:\Project\Mass upload shopee\foto-upload\toko2\jibbitz\JB-0000187.png,https://cdn.jsdelivr.net/gh/dennypa77/mass-upload@main/foto-upload/toko2/jibbitz/JB-0000187.png,232347
Kaitin.aja,toko2,JIBBITZ,JB-0000188,varian,E:\Project\Mass upload shopee\foto-upload\toko2\jibbitz\JB-0000188.png,https://cdn.jsdelivr.net/gh/dennypa77/mass-upload@main/foto-upload/toko2/jibbitz/JB-0000188.png,306549
Kaitin.aja,toko2,JIBBITZ,JB-0000189,varian,E:\Project\Mass upload shopee\foto-upload\toko2\jibbitz\JB-0000189.png,https://cdn.jsdelivr.net/gh/dennypa77/mass-upload@main/foto-upload/toko2/jibbitz/JB-0000189.png,217367
Kaitin.aja,toko2,JIBBITZ,JB-0000190,varian,E:\Project\Mass upload shopee\foto-upload\toko2\jibbitz\JB-0000190.png,https://cdn.jsdelivr.net/gh/dennypa77/mass-upload@main/foto-upload/toko2/jibbitz/JB-0000190.png,272411
Kaitin.aja,toko2,JIBBITZ,JB-0000191,varian,E:\Project\Mass upload shopee\foto-upload\toko2\jibbitz\JB-0000191.png,https://cdn.jsdelivr.net/gh/dennypa77/mass-upload@main/foto-upload/toko2/jibbitz/JB-0000191.png,167516
Kaitin.aja,toko2,JIBBITZ,JB-0000192,varian,E:\Project\Mass upload shopee\foto-upload\toko2\jibbitz\JB-0000192.png,https://cdn.jsdelivr.net/gh/dennypa77/mass-upload@main/foto-upload/toko2/jibbitz/JB-0000192.png,273381
Kaitin.aja,toko2,JIBBITZ,JB-0000193,varian,E:\Project\Mass upload shopee\foto-upload\toko2\jibbitz\JB-0000193.png,https://cdn.jsdelivr.net/gh/dennypa77/mass-upload@main/foto-upload/toko2/jibbitz/JB-0000193.png,314924
Kaitin.aja,toko2,JIBBITZ,JB-0000194,varian,E:\Project\Mass upload shopee\foto-upload\toko2\jibbitz\JB-0000194.png,https://cdn.jsdelivr.net/gh/dennypa77/mass-upload@main/foto-upload/toko2/jibbitz/JB-0000194.png,290438
Kaitin.aja,toko2,JIBBITZ,JB-0000195,varian,E:\Project\Mass upload shopee\foto-upload\toko2\jibbitz\JB-0000195.png,https://cdn.jsdelivr.net/gh/dennypa77/mass-upload@main/foto-upload/toko2/jibbitz/JB-0000195.png,334743
Kaitin.aja,toko2,JIBBITZ,JB-0000196,varian,E:\Project\Mass upload shopee\foto-upload\toko2\jibbitz\JB-0000196.png,https://cdn.jsdelivr.net/gh/dennypa77/mass-upload@main/foto-upload/toko2/jibbitz/JB-0000196.png,296130
Kaitin.aja,toko2,JIBBITZ,JB-0000197,varian,E:\Project\Mass upload shopee\foto-upload\toko2\jibbitz\JB-0000197.png,https://cdn.jsdelivr.net/gh/dennypa77/mass-upload@main/foto-upload/toko2/jibbitz/JB-0000197.png,209772
Kaitin.aja,toko2,JIBBITZ,JB-0000198,varian,E:\Project\Mass upload shopee\foto-upload\toko2\jibbitz\JB-0000198.png,https://cdn.jsdelivr.net/gh/dennypa77/mass-upload@main/foto-upload/toko2/jibbitz/JB-0000198.png,265951
Kaitin.aja,toko2,JIBBITZ,JB-0000199,varian,E:\Project\Mass upload shopee\foto-upload\toko2\jibbitz\JB-0000199.png,https://cdn.jsdelivr.net/gh/dennypa77/mass-upload@main/foto-upload/toko2/jibbitz/JB-0000199.png,254744
Kaitin.aja,toko2,JIBBITZ,JB-0000200,varian,E:\Project\Mass upload shopee\foto-upload\toko2\jibbitz\JB-0000200.png,https://cdn.jsdelivr.net/gh/dennypa77/mass-upload@main/foto-upload/toko2/jibbitz/JB-0000200.png,238984
Kaitin.aja,toko2,JIBBITZ,JB-0000201,varian,E:\Project\Mass upload shopee\foto-upload\toko2\jibbitz\JB-0000201.png,https://cdn.jsdelivr.net/gh/dennypa77/mass-upload@main/foto-upload/toko2/jibbitz/JB-0000201.png,725778
Kaitin.aja,toko2,JIBBITZ,JB-0000202,varian,E:\Project\Mass upload shopee\foto-upload\toko2\jibbitz\JB-0000202.png,https://cdn.jsdelivr.net/gh/dennypa77/mass-upload@main/foto-upload/toko2/jibbitz/JB-0000202.png,711744
Kaitin.aja,toko2,JIBBITZ,JB-0000203,varian,E:\Project\Mass upload shopee\foto-upload\toko2\jibbitz\JB-0000203.png,https://cdn.jsdelivr.net/gh/dennypa77/mass-upload@main/foto-upload/toko2/jibbitz/JB-0000203.png,675503
Kaitin.aja,toko2,JIBBITZ,JB-0000204,varian,E:\Project\Mass upload shopee\foto-upload\toko2\jibbitz\JB-0000204.png,https://cdn.jsdelivr.net/gh/dennypa77/mass-upload@main/foto-upload/toko2/jibbitz/JB-0000204.png,724995
Kaitin.aja,toko2,JIBBITZ,JB-0000205,varian,E:\Project\Mass upload shopee\foto-upload\toko2\jibbitz\JB-0000205.png,https://cdn.jsdelivr.net/gh/dennypa77/mass-upload@main/foto-upload/toko2/jibbitz/JB-0000205.png,718465
Kaitin.aja,toko2,JIBBITZ,JB-0000206,varian,E:\Project\Mass upload shopee\foto-upload\toko2\jibbitz\JB-0000206.png,https://cdn.jsdelivr.net/gh/dennypa77/mass-upload@main/foto-upload/toko2/jibbitz/JB-0000206.png,688950
Kaitin.aja,toko2,JIBBITZ,JB-0000207,varian,E:\Project\Mass upload shopee\foto-upload\toko2\jibbitz\JB-0000207.png,https://cdn.jsdelivr.net/gh/dennypa77/mass-upload@main/foto-upload/toko2/jibbitz/JB-0000207.png,682642
Kaitin.aja,toko2,JIBBITZ,JB-0000208,varian,E:\Project\Mass upload shopee\foto-upload\toko2\jibbitz\JB-0000208.png,https://cdn.jsdelivr.net/gh/dennypa77/mass-upload@main/foto-upload/toko2/jibbitz/JB-0000208.png,766279
Kaitin.aja,toko2,JIBBITZ,JB-0000209,varian,E:\Project\Mass upload shopee\foto-upload\toko2\jibbitz\JB-0000209.png,https://cdn.jsdelivr.net/gh/dennypa77/mass-upload@main/foto-upload/toko2/jibbitz/JB-0000209.png,719567
Kaitin.aja,toko2,JIBBITZ,JB-0000210,varian,E:\Project\Mass upload shopee\foto-upload\toko2\jibbitz\JB-0000210.png,https://cdn.jsdelivr.net/gh/dennypa77/mass-upload@main/foto-upload/toko2/jibbitz/JB-0000210.png,769707
Kaitin.aja,toko2,JIBBITZ,JB-0000211,varian,E:\Project\Mass upload shopee\foto-upload\toko2\jibbitz\JB-0000211.png,https://cdn.jsdelivr.net/gh/dennypa77/mass-upload@main/foto-upload/toko2/jibbitz/JB-0000211.png,681859
Kaitin.aja,toko2,JIBBITZ,JB-0000212,varian,E:\Project\Mass upload shopee\foto-upload\toko2\jibbitz\JB-0000212.png,https://cdn.jsdelivr.net/gh/dennypa77/mass-upload@main/foto-upload/toko2/jibbitz/JB-0000212.png,784482
Kaitin.aja,toko2,JIBBITZ,JB-0000213,varian,E:\Project\Mass upload shopee\foto-upload\toko2\jibbitz\JB-0000213.png,https://cdn.jsdelivr.net/gh/dennypa77/mass-upload@main/foto-upload/toko2/jibbitz/JB-0000213.png,651892
Kaitin.aja,toko2,JIBBITZ,JB-0000214,varian,E:\Project\Mass upload shopee\foto-upload\toko2\jibbitz\JB-0000214.png,https://cdn.jsdelivr.net/gh/dennypa77/mass-upload@main/foto-upload/toko2/jibbitz/JB-0000214.png,592915
Kaitin.aja,toko2,JIBBITZ,JB-0000215,varian,E:\Project\Mass upload shopee\foto-upload\toko2\jibbitz\JB-0000215.png,https://cdn.jsdelivr.net/gh/dennypa77/mass-upload@main/foto-upload/toko2/jibbitz/JB-0000215.png,831999
Kaitin.aja,toko2,JIBBITZ,JB-0000216,varian,E:\Project\Mass upload shopee\foto-upload\toko2\jibbitz\JB-0000216.png,https://cdn.jsdelivr.net/gh/dennypa77/mass-upload@main/foto-upload/toko2/jibbitz/JB-0000216.png,590740
Kaitin.aja,toko2,JIBBITZ,JB-0000217,varian,E:\Project\Mass upload shopee\foto-upload\toko2\jibbitz\JB-0000217.png,https://cdn.jsdelivr.net/gh/dennypa77/mass-upload@main/foto-upload/toko2/jibbitz/JB-0000217.png,668744
Kaitin.aja,toko2,JIBBITZ,JB-0000218,varian,E:\Project\Mass upload shopee\foto-upload\toko2\jibbitz\JB-0000218.png,https://cdn.jsdelivr.net/gh/dennypa77/mass-upload@main/foto-upload/toko2/jibbitz/JB-0000218.png,641107
Kaitin.aja,toko2,JIBBITZ,JB-0000219,varian,E:\Project\Mass upload shopee\foto-upload\toko2\jibbitz\JB-0000219.png,https://cdn.jsdelivr.net/gh/dennypa77/mass-upload@main/foto-upload/toko2/jibbitz/JB-0000219.png,642423
Kaitin.aja,toko2,JIBBITZ,JB-0000220,varian,E:\Project\Mass upload shopee\foto-upload\toko2\jibbitz\JB-0000220.png,https://cdn.jsdelivr.net/gh/dennypa77/mass-upload@main/foto-upload/toko2/jibbitz/JB-0000220.png,711160
Kaitin.aja,toko2,JIBBITZ,JB-0000221,varian,E:\Project\Mass upload shopee\foto-upload\toko2\jibbitz\JB-0000221.png,https://cdn.jsdelivr.net/gh/dennypa77/mass-upload@main/foto-upload/toko2/jibbitz/JB-0000221.png,516458
Kaitin.aja,toko2,JIBBITZ,JB-0000222,varian,E:\Project\Mass upload shopee\foto-upload\toko2\jibbitz\JB-0000222.png,https://cdn.jsdelivr.net/gh/dennypa77/mass-upload@main/foto-upload/toko2/jibbitz/JB-0000222.png,677477
Kaitin.aja,toko2,JIBBITZ,JB-0000223,varian,E:\Project\Mass upload shopee\foto-upload\toko2\jibbitz\JB-0000223.png,https://cdn.jsdelivr.net/gh/dennypa77/mass-upload@main/foto-upload/toko2/jibbitz/JB-0000223.png,761205
Kaitin.aja,toko2,JIBBITZ,JB-0000224,varian,E:\Project\Mass upload shopee\foto-upload\toko2\jibbitz\JB-0000224.png,https://cdn.jsdelivr.net/gh/dennypa77/mass-upload@main/foto-upload/toko2/jibbitz/JB-0000224.png,693695
Kaitin.aja,toko2,JIBBITZ,JB-0000225,varian,E:\Project\Mass upload shopee\foto-upload\toko2\jibbitz\JB-0000225.png,https://cdn.jsdelivr.net/gh/dennypa77/mass-upload@main/foto-upload/toko2/jibbitz/JB-0000225.png,685536
Kaitin.aja,toko2,JIBBITZ,JB-0000226,varian,E:\Project\Mass upload shopee\foto-upload\toko2\jibbitz\JB-0000226.png,https://cdn.jsdelivr.net/gh/dennypa77/mass-upload@main/foto-upload/toko2/jibbitz/JB-0000226.png,589982
Kaitin.aja,toko2,JIBBITZ,JB-0000227,varian,E:\Project\Mass upload shopee\foto-upload\toko2\jibbitz\JB-0000227.png,https://cdn.jsdelivr.net/gh/dennypa77/mass-upload@main/foto-upload/toko2/jibbitz/JB-0000227.png,616845
Kaitin.aja,toko2,JIBBITZ,JB-0000228,varian,E:\Project\Mass upload shopee\foto-upload\toko2\jibbitz\JB-0000228.png,https://cdn.jsdelivr.net/gh/dennypa77/mass-upload@main/foto-upload/toko2/jibbitz/JB-0000228.png,551467
Kaitin.aja,toko2,JIBBITZ,JB-0000229,varian,E:\Project\Mass upload shopee\foto-upload\toko2\jibbitz\JB-0000229.png,https://cdn.jsdelivr.net/gh/dennypa77/mass-upload@main/foto-upload/toko2/jibbitz/JB-0000229.png,814921
Kaitin.aja,toko2,JIBBITZ,JB-0000230,varian,E:\Project\Mass upload shopee\foto-upload\toko2\jibbitz\JB-0000230.png,https://cdn.jsdelivr.net/gh/dennypa77/mass-upload@main/foto-upload/toko2/jibbitz/JB-0000230.png,660803
Kaitin.aja,toko2,JIBBITZ,JB-0000231,varian,E:\Project\Mass upload shopee\foto-upload\toko2\jibbitz\JB-0000231.png,https://cdn.jsdelivr.net/gh/dennypa77/mass-upload@main/foto-upload/toko2/jibbitz/JB-0000231.png,548611
Kaitin.aja,toko2,JIBBITZ,JB-0000232,varian,E:\Project\Mass upload shopee\foto-upload\toko2\jibbitz\JB-0000232.png,https://cdn.jsdelivr.net/gh/dennypa77/mass-upload@main/foto-upload/toko2/jibbitz/JB-0000232.png,622363
Kaitin.aja,toko2,JIBBITZ,JB-0000233,varian,E:\Project\Mass upload shopee\foto-upload\toko2\jibbitz\JB-0000233.png,https://cdn.jsdelivr.net/gh/dennypa77/mass-upload@main/foto-upload/toko2/jibbitz/JB-0000233.png,631430
Kaitin.aja,toko2,JIBBITZ,JB-0000234,varian,E:\Project\Mass upload shopee\foto-upload\toko2\jibbitz\JB-0000234.png,https://cdn.jsdelivr.net/gh/dennypa77/mass-upload@main/foto-upload/toko2/jibbitz/JB-0000234.png,649597
Kaitin.aja,toko2,JIBBITZ,JB-0000235,varian,E:\Project\Mass upload shopee\foto-upload\toko2\jibbitz\JB-0000235.png,https://cdn.jsdelivr.net/gh/dennypa77/mass-upload@main/foto-upload/toko2/jibbitz/JB-0000235.png,635948
Kaitin.aja,toko2,JIBBITZ,JB-0000236,varian,E:\Project\Mass upload shopee\foto-upload\toko2\jibbitz\JB-0000236.png,https://cdn.jsdelivr.net/gh/dennypa77/mass-upload@main/foto-upload/toko2/jibbitz/JB-0000236.png,554031
Kaitin.aja,toko2,JIBBITZ,JB-0000237,varian,E:\Project\Mass upload shopee\foto-upload\toko2\jibbitz\JB-0000237.png,https://cdn.jsdelivr.net/gh/dennypa77/mass-upload@main/foto-upload/toko2/jibbitz/JB-0000237.png,569691
Kaitin.aja,toko2,JIBBITZ,JB-0000238,varian,E:\Project\Mass upload shopee\foto-upload\toko2\jibbitz\JB-0000238.png,https://cdn.jsdelivr.net/gh/dennypa77/mass-upload@main/foto-upload/toko2/jibbitz/JB-0000238.png,569666
Kaitin.aja,toko2,JIBBITZ,JB-0000239,varian,E:\Project\Mass upload shopee\foto-upload\toko2\jibbitz\JB-0000239.png,https://cdn.jsdelivr.net/gh/dennypa77/mass-upload@main/foto-upload/toko2/jibbitz/JB-0000239.png,640444
Kaitin.aja,toko2,JIBBITZ,JB-0000240,varian,E:\Project\Mass upload shopee\foto-upload\toko2\jibbitz\JB-0000240.png,https://cdn.jsdelivr.net/gh/dennypa77/mass-upload@main/foto-upload/toko2/jibbitz/JB-0000240.png,663861
Kaitin.aja,toko2,JIBBITZ,JB-0000241,varian,E:\Project\Mass upload shopee\foto-upload\toko2\jibbitz\JB-0000241.png,https://cdn.jsdelivr.net/gh/dennypa77/mass-upload@main/foto-upload/toko2/jibbitz/JB-0000241.png,651887
Kaitin.aja,toko2,JIBBITZ,JB-0000242,varian,E:\Project\Mass upload shopee\foto-upload\toko2\jibbitz\JB-0000242.png,https://cdn.jsdelivr.net/gh/dennypa77/mass-upload@main/foto-upload/toko2/jibbitz/JB-0000242.png,689828
Kaitin.aja,toko2,JIBBITZ,JB-0000243,varian,E:\Project\Mass upload shopee\foto-upload\toko2\jibbitz\JB-0000243.png,https://cdn.jsdelivr.net/gh/dennypa77/mass-upload@main/foto-upload/toko2/jibbitz/JB-0000243.png,671933
Kaitin.aja,toko2,JIBBITZ,JB-0000244,varian,E:\Project\Mass upload shopee\foto-upload\toko2\jibbitz\JB-0000244.png,https://cdn.jsdelivr.net/gh/dennypa77/mass-upload@main/foto-upload/toko2/jibbitz/JB-0000244.png,799526
Kaitin.aja,toko2,JIBBITZ,JB-0000245,varian,E:\Project\Mass upload shopee\foto-upload\toko2\jibbitz\JB-0000245.png,https://cdn.jsdelivr.net/gh/dennypa77/mass-upload@main/foto-upload/toko2/jibbitz/JB-0000245.png,600856
Kaitin.aja,toko2,JIBBITZ,JB-0000246,varian,E:\Project\Mass upload shopee\foto-upload\toko2\jibbitz\JB-0000246.png,https://cdn.jsdelivr.net/gh/dennypa77/mass-upload@main/foto-upload/toko2/jibbitz/JB-0000246.png,734471
Kaitin.aja,toko2,JIBBITZ,JB-0000247,varian,E:\Project\Mass upload shopee\foto-upload\toko2\jibbitz\JB-0000247.png,https://cdn.jsdelivr.net/gh/dennypa77/mass-upload@main/foto-upload/toko2/jibbitz/JB-0000247.png,688353
Kaitin.aja,toko2,JIBBITZ,JB-0000248,varian,E:\Project\Mass upload shopee\foto-upload\toko2\jibbitz\JB-0000248.png,https://cdn.jsdelivr.net/gh/dennypa77/mass-upload@main/foto-upload/toko2/jibbitz/JB-0000248.png,706370
Kaitin.aja,toko2,JIBBITZ,JB-0000249,varian,E:\Project\Mass upload shopee\foto-upload\toko2\jibbitz\JB-0000249.png,https://cdn.jsdelivr.net/gh/dennypa77/mass-upload@main/foto-upload/toko2/jibbitz/JB-0000249.png,544417
Kaitin.aja,toko2,JIBBITZ,JB-0000250,varian,E:\Project\Mass upload shopee\foto-upload\toko2\jibbitz\JB-0000250.png,https://cdn.jsdelivr.net/gh/dennypa77/mass-upload@main/foto-upload/toko2/jibbitz/JB-0000250.png,544844
Kaitin.aja,toko2,JIBBITZ,JB-0000751,varian,E:\Project\Mass upload shopee\foto-upload\toko2\jibbitz\JB-0000751.png,https://cdn.jsdelivr.net/gh/dennypa77/mass-upload@main/foto-upload/toko2/jibbitz/JB-0000751.png,121403
Kaitin.aja,toko2,JIBBITZ,JB-0000752,varian,E:\Project\Mass upload shopee\foto-upload\toko2\jibbitz\JB-0000752.png,https://cdn.jsdelivr.net/gh/dennypa77/mass-upload@main/foto-upload/toko2/jibbitz/JB-0000752.png,93266
Kaitin.aja,toko2,JIBBITZ,JB-0000753,varian,E:\Project\Mass upload shopee\foto-upload\toko2\jibbitz\JB-0000753.png,https://cdn.jsdelivr.net/gh/dennypa77/mass-upload@main/foto-upload/toko2/jibbitz/JB-0000753.png,94120
Kaitin.aja,toko2,JIBBITZ,JB-0000754,varian,E:\Project\Mass upload shopee\foto-upload\toko2\jibbitz\JB-0000754.png,https://cdn.jsdelivr.net/gh/dennypa77/mass-upload@main/foto-upload/toko2/jibbitz/JB-0000754.png,95482
Kaitin.aja,toko2,JIBBITZ,JB-0000755,varian,E:\Project\Mass upload shopee\foto-upload\toko2\jibbitz\JB-0000755.png,https://cdn.jsdelivr.net/gh/dennypa77/mass-upload@main/foto-upload/toko2/jibbitz/JB-0000755.png,93872
Kaitin.aja,toko2,JIBBITZ,JB-0000756,varian,E:\Project\Mass upload shopee\foto-upload\toko2\jibbitz\JB-0000756.png,https://cdn.jsdelivr.net/gh/dennypa77/mass-upload@main/foto-upload/toko2/jibbitz/JB-0000756.png,106112
Kaitin.aja,toko2,JIBBITZ,JB-0000757,varian,E:\Project\Mass upload shopee\foto-upload\toko2\jibbitz\JB-0000757.png,https://cdn.jsdelivr.net/gh/dennypa77/mass-upload@main/foto-upload/toko2/jibbitz/JB-0000757.png,108435
Kaitin.aja,toko2,JIBBITZ,JB-0000758,varian,E:\Project\Mass upload shopee\foto-upload\toko2\jibbitz\JB-0000758.png,https://cdn.jsdelivr.net/gh/dennypa77/mass-upload@main/foto-upload/toko2/jibbitz/JB-0000758.png,97094
Kaitin.aja,toko2,JIBBITZ,JB-0000759,varian,E:\Project\Mass upload shopee\foto-upload\toko2\jibbitz\JB-0000759.png,https://cdn.jsdelivr.net/gh/dennypa77/mass-upload@main/foto-upload/toko2/jibbitz/JB-0000759.png,100467
Kaitin.aja,toko2,JIBBITZ,JB-0000760,varian,E:\Project\Mass upload shopee\foto-upload\toko2\jibbitz\JB-0000760.png,https://cdn.jsdelivr.net/gh/dennypa77/mass-upload@main/foto-upload/toko2/jibbitz/JB-0000760.png,77428
Kaitin.aja,toko2,JIBBITZ,JB-0000761,varian,E:\Project\Mass upload shopee\foto-upload\toko2\jibbitz\JB-0000761.png,https://cdn.jsdelivr.net/gh/dennypa77/mass-upload@main/foto-upload/toko2/jibbitz/JB-0000761.png,91928
Kaitin.aja,toko2,JIBBITZ,JB-0000762,varian,E:\Project\Mass upload shopee\foto-upload\toko2\jibbitz\JB-0000762.png,https://cdn.jsdelivr.net/gh/dennypa77/mass-upload@main/foto-upload/toko2/jibbitz/JB-0000762.png,83285
Kaitin.aja,toko2,JIBBITZ,JB-0000763,varian,E:\Project\Mass upload shopee\foto-upload\toko2\jibbitz\JB-0000763.png,https://cdn.jsdelivr.net/gh/dennypa77/mass-upload@main/foto-upload/toko2/jibbitz/JB-0000763.png,88580
Kaitin.aja,toko2,JIBBITZ,JB-0000764,varian,E:\Project\Mass upload shopee\foto-upload\toko2\jibbitz\JB-0000764.png,https://cdn.jsdelivr.net/gh/dennypa77/mass-upload@main/foto-upload/toko2/jibbitz/JB-0000764.png,97955
Kaitin.aja,toko2,JIBBITZ,JB-0000765,varian,E:\Project\Mass upload shopee\foto-upload\toko2\jibbitz\JB-0000765.png,https://cdn.jsdelivr.net/gh/dennypa77/mass-upload@main/foto-upload/toko2/jibbitz/JB-0000765.png,82935
Kaitin.aja,toko2,JIBBITZ,JB-0000766,varian,E:\Project\Mass upload shopee\foto-upload\toko2\jibbitz\JB-0000766.png,https://cdn.jsdelivr.net/gh/dennypa77/mass-upload@main/foto-upload/toko2/jibbitz/JB-0000766.png,76420
Kaitin.aja,toko2,JIBBITZ,JB-0000767,varian,E:\Project\Mass upload shopee\foto-upload\toko2\jibbitz\JB-0000767.png,https://cdn.jsdelivr.net/gh/dennypa77/mass-upload@main/foto-upload/toko2/jibbitz/JB-0000767.png,100856
Kaitin.aja,toko2,JIBBITZ,JB-0000768,varian,E:\Project\Mass upload shopee\foto-upload\toko2\jibbitz\JB-0000768.png,https://cdn.jsdelivr.net/gh/dennypa77/mass-upload@main/foto-upload/toko2/jibbitz/JB-0000768.png,97653
Kaitin.aja,toko2,JIBBITZ,JB-0000769,varian,E:\Project\Mass upload shopee\foto-upload\toko2\jibbitz\JB-0000769.png,https://cdn.jsdelivr.net/gh/dennypa77/mass-upload@main/foto-upload/toko2/jibbitz/JB-0000769.png,75789
Kaitin.aja,toko2,JIBBITZ,JB-0000770,varian,E:\Project\Mass upload shopee\foto-upload\toko2\jibbitz\JB-0000770.png,https://cdn.jsdelivr.net/gh/dennypa77/mass-upload@main/foto-upload/toko2/jibbitz/JB-0000770.png,82295
Kaitin.aja,toko2,JIBBITZ,JB-0000771,varian,E:\Project\Mass upload shopee\foto-upload\toko2\jibbitz\JB-0000771.png,https://cdn.jsdelivr.net/gh/dennypa77/mass-upload@main/foto-upload/toko2/jibbitz/JB-0000771.png,105550
Kaitin.aja,toko2,JIBBITZ,JB-0000772,varian,E:\Project\Mass upload shopee\foto-upload\toko2\jibbitz\JB-0000772.png,https://cdn.jsdelivr.net/gh/dennypa77/mass-upload@main/foto-upload/toko2/jibbitz/JB-0000772.png,89062
Kaitin.aja,toko2,JIBBITZ,JB-0000773,varian,E:\Project\Mass upload shopee\foto-upload\toko2\jibbitz\JB-0000773.png,https://cdn.jsdelivr.net/gh/dennypa77/mass-upload@main/foto-upload/toko2/jibbitz/JB-0000773.png,93185
Kaitin.aja,toko2,JIBBITZ,JB-0000774,varian,E:\Project\Mass upload shopee\foto-upload\toko2\jibbitz\JB-0000774.png,https://cdn.jsdelivr.net/gh/dennypa77/mass-upload@main/foto-upload/toko2/jibbitz/JB-0000774.png,87819
Kaitin.aja,toko2,JIBBITZ,JB-0000775,varian,E:\Project\Mass upload shopee\foto-upload\toko2\jibbitz\JB-0000775.png,https://cdn.jsdelivr.net/gh/dennypa77/mass-upload@main/foto-upload/toko2/jibbitz/JB-0000775.png,83340
Kaitin.aja,toko2,JIBBITZ,JB-0000776,varian,E:\Project\Mass upload shopee\foto-upload\toko2\jibbitz\JB-0000776.png,https://cdn.jsdelivr.net/gh/dennypa77/mass-upload@main/foto-upload/toko2/jibbitz/JB-0000776.png,70600
Kaitin.aja,toko2,JIBBITZ,JB-0000777,varian,E:\Project\Mass upload shopee\foto-upload\toko2\jibbitz\JB-0000777.png,https://cdn.jsdelivr.net/gh/dennypa77/mass-upload@main/foto-upload/toko2/jibbitz/JB-0000777.png,86438
Kaitin.aja,toko2,JIBBITZ,JB-0000778,varian,E:\Project\Mass upload shopee\foto-upload\toko2\jibbitz\JB-0000778.png,https://cdn.jsdelivr.net/gh/dennypa77/mass-upload@main/foto-upload/toko2/jibbitz/JB-0000778.png,68823
Kaitin.aja,toko2,JIBBITZ,JB-0000779,varian,E:\Project\Mass upload shopee\foto-upload\toko2\jibbitz\JB-0000779.png,https://cdn.jsdelivr.net/gh/dennypa77/mass-upload@main/foto-upload/toko2/jibbitz/JB-0000779.png,84930
Kaitin.aja,toko2,JIBBITZ,JB-0000780,varian,E:\Project\Mass upload shopee\foto-upload\toko2\jibbitz\JB-0000780.png,https://cdn.jsdelivr.net/gh/dennypa77/mass-upload@main/foto-upload/toko2/jibbitz/JB-0000780.png,100133
Kaitin.aja,toko2,JIBBITZ,JB-0000781,varian,E:\Project\Mass upload shopee\foto-upload\toko2\jibbitz\JB-0000781.png,https://cdn.jsdelivr.net/gh/dennypa77/mass-upload@main/foto-upload/toko2/jibbitz/JB-0000781.png,82495
Kaitin.aja,toko2,JIBBITZ,JB-0000782,varian,E:\Project\Mass upload shopee\foto-upload\toko2\jibbitz\JB-0000782.png,https://cdn.jsdelivr.net/gh/dennypa77/mass-upload@main/foto-upload/toko2/jibbitz/JB-0000782.png,92600
Kaitin.aja,toko2,JIBBITZ,JB-0000783,varian,E:\Project\Mass upload shopee\foto-upload\toko2\jibbitz\JB-0000783.png,https://cdn.jsdelivr.net/gh/dennypa77/mass-upload@main/foto-upload/toko2/jibbitz/JB-0000783.png,86113
Kaitin.aja,toko2,JIBBITZ,JB-0000784,varian,E:\Project\Mass upload shopee\foto-upload\toko2\jibbitz\JB-0000784.png,https://cdn.jsdelivr.net/gh/dennypa77/mass-upload@main/foto-upload/toko2/jibbitz/JB-0000784.png,110324
Kaitin.aja,toko2,JIBBITZ,JB-0000785,varian,E:\Project\Mass upload shopee\foto-upload\toko2\jibbitz\JB-0000785.png,https://cdn.jsdelivr.net/gh/dennypa77/mass-upload@main/foto-upload/toko2/jibbitz/JB-0000785.png,99600
Kaitin.aja,toko2,JIBBITZ,JB-0000786,varian,E:\Project\Mass upload shopee\foto-upload\toko2\jibbitz\JB-0000786.png,https://cdn.jsdelivr.net/gh/dennypa77/mass-upload@main/foto-upload/toko2/jibbitz/JB-0000786.png,105137
Kaitin.aja,toko2,JIBBITZ,JB-0000787,varian,E:\Project\Mass upload shopee\foto-upload\toko2\jibbitz\JB-0000787.png,https://cdn.jsdelivr.net/gh/dennypa77/mass-upload@main/foto-upload/toko2/jibbitz/JB-0000787.png,107454
Kaitin.aja,toko2,JIBBITZ,JB-0000788,varian,E:\Project\Mass upload shopee\foto-upload\toko2\jibbitz\JB-0000788.png,https://cdn.jsdelivr.net/gh/dennypa77/mass-upload@main/foto-upload/toko2/jibbitz/JB-0000788.png,79312
Kaitin.aja,toko2,JIBBITZ,JB-0000789,varian,E:\Project\Mass upload shopee\foto-upload\toko2\jibbitz\JB-0000789.png,https://cdn.jsdelivr.net/gh/dennypa77/mass-upload@main/foto-upload/toko2/jibbitz/JB-0000789.png,75598
Kaitin.aja,toko2,JIBBITZ,JB-0000790,varian,E:\Project\Mass upload shopee\foto-upload\toko2\jibbitz\JB-0000790.png,https://cdn.jsdelivr.net/gh/dennypa77/mass-upload@main/foto-upload/toko2/jibbitz/JB-0000790.png,103356
Kaitin.aja,toko2,JIBBITZ,JB-0000791,varian,E:\Project\Mass upload shopee\foto-upload\toko2\jibbitz\JB-0000791.png,https://cdn.jsdelivr.net/gh/dennypa77/mass-upload@main/foto-upload/toko2/jibbitz/JB-0000791.png,66165
Kaitin.aja,toko2,JIBBITZ,JB-0000792,varian,E:\Project\Mass upload shopee\foto-upload\toko2\jibbitz\JB-0000792.png,https://cdn.jsdelivr.net/gh/dennypa77/mass-upload@main/foto-upload/toko2/jibbitz/JB-0000792.png,117156
Kaitin.aja,toko2,JIBBITZ,JB-0000793,varian,E:\Project\Mass upload shopee\foto-upload\toko2\jibbitz\JB-0000793.png,https://cdn.jsdelivr.net/gh/dennypa77/mass-upload@main/foto-upload/toko2/jibbitz/JB-0000793.png,80533
Kaitin.aja,toko2,JIBBITZ,JB-0000794,varian,E:\Project\Mass upload shopee\foto-upload\toko2\jibbitz\JB-0000794.png,https://cdn.jsdelivr.net/gh/dennypa77/mass-upload@main/foto-upload/toko2/jibbitz/JB-0000794.png,74347
Kaitin.aja,toko2,JIBBITZ,JB-0000795,varian,E:\Project\Mass upload shopee\foto-upload\toko2\jibbitz\JB-0000795.png,https://cdn.jsdelivr.net/gh/dennypa77/mass-upload@main/foto-upload/toko2/jibbitz/JB-0000795.png,101672
Kaitin.aja,toko2,JIBBITZ,JB-0000796,varian,E:\Project\Mass upload shopee\foto-upload\toko2\jibbitz\JB-0000796.png,https://cdn.jsdelivr.net/gh/dennypa77/mass-upload@main/foto-upload/toko2/jibbitz/JB-0000796.png,79477
Kaitin.aja,toko2,JIBBITZ,JB-0000797,varian,E:\Project\Mass upload shopee\foto-upload\toko2\jibbitz\JB-0000797.png,https://cdn.jsdelivr.net/gh/dennypa77/mass-upload@main/foto-upload/toko2/jibbitz/JB-0000797.png,74929
Kaitin.aja,toko2,JIBBITZ,JB-0000798,varian,E:\Project\Mass upload shopee\foto-upload\toko2\jibbitz\JB-0000798.png,https://cdn.jsdelivr.net/gh/dennypa77/mass-upload@main/foto-upload/toko2/jibbitz/JB-0000798.png,92557
Kaitin.aja,toko2,JIBBITZ,JB-0000799,varian,E:\Project\Mass upload shopee\foto-upload\toko2\jibbitz\JB-0000799.png,https://cdn.jsdelivr.net/gh/dennypa77/mass-upload@main/foto-upload/toko2/jibbitz/JB-0000799.png,84227
Kaitin.aja,toko2,JIBBITZ,JB-0000800,varian,E:\Project\Mass upload shopee\foto-upload\toko2\jibbitz\JB-0000800.png,https://cdn.jsdelivr.net/gh/dennypa77/mass-upload@main/foto-upload/toko2/jibbitz/JB-0000800.png,69410
Kaitin.aja,toko2,JIBBITZ,JB-BLACKPINK-UTAMA1,utama,E:\Project\Mass upload shopee\foto-upload\toko2\jibbitz\JB-BLACKPINK-utama1.png,https://cdn.jsdelivr.net/gh/dennypa77/mass-upload@main/foto-upload/toko2/jibbitz/JB-BLACKPINK-utama1.png,1812437
Kaitin.aja,toko2,JIBBITZ,JB-BLACKPINK-UTAMA2,utama,E:\Project\Mass upload shopee\foto-upload\toko2\jibbitz\JB-BLACKPINK-utama2.png,https://cdn.jsdelivr.net/gh/dennypa77/mass-upload@main/foto-upload/toko2/jibbitz/JB-BLACKPINK-utama2.png,864703
Kaitin.aja,toko2,JIBBITZ,JB-BLACKPINK-UTAMA3,utama,E:\Project\Mass upload shopee\foto-upload\toko2\jibbitz\JB-BLACKPINK-utama3.png,https://cdn.jsdelivr.net/gh/dennypa77/mass-upload@main/foto-upload/toko2/jibbitz/JB-BLACKPINK-utama3.png,1423736
Kaitin.aja,toko2,JIBBITZ,JB-BTS-UTAMA1,utama,E:\Project\Mass upload shopee\foto-upload\toko2\jibbitz\JB-BTS-utama1.png,https://cdn.jsdelivr.net/gh/dennypa77/mass-upload@main/foto-upload/toko2/jibbitz/JB-BTS-utama1.png,1593022
Kaitin.aja,toko2,JIBBITZ,JB-BTS-UTAMA2,utama,E:\Project\Mass upload shopee\foto-upload\toko2\jibbitz\JB-BTS-utama2.png,https://cdn.jsdelivr.net/gh/dennypa77/mass-upload@main/foto-upload/toko2/jibbitz/JB-BTS-utama2.png,861307
Kaitin.aja,toko2,JIBBITZ,JB-BTS-UTAMA3,utama,E:\Project\Mass upload shopee\foto-upload\toko2\jibbitz\JB-BTS-utama3.png,https://cdn.jsdelivr.net/gh/dennypa77/mass-upload@main/foto-upload/toko2/jibbitz/JB-BTS-utama3.png,1418299
Kaitin.aja,toko2,JIBBITZ,JB-CORTIS-UTAMA1,utama,E:\Project\Mass upload shopee\foto-upload\toko2\jibbitz\JB-CORTIS-utama1.png,https://cdn.jsdelivr.net/gh/dennypa77/mass-upload@main/foto-upload/toko2/jibbitz/JB-CORTIS-utama1.png,1701759
Kaitin.aja,toko2,JIBBITZ,JB-CORTIS-UTAMA2,utama,E:\Project\Mass upload shopee\foto-upload\toko2\jibbitz\JB-CORTIS-utama2.png,https://cdn.jsdelivr.net/gh/dennypa77/mass-upload@main/foto-upload/toko2/jibbitz/JB-CORTIS-utama2.png,1338503
Kaitin.aja,toko2,JIBBITZ,JB-CORTIS-UTAMA3,utama,E:\Project\Mass upload shopee\foto-upload\toko2\jibbitz\JB-CORTIS-utama3.png,https://cdn.jsdelivr.net/gh/dennypa77/mass-upload@main/foto-upload/toko2/jibbitz/JB-CORTIS-utama3.png,1578351
Kaitin.aja,toko2,JIBBITZ,JB-HEARTS2HEARTS-UTAMA1,utama,E:\Project\Mass upload shopee\foto-upload\toko2\jibbitz\JB-HEARTS2HEARTS-utama1.png,https://cdn.jsdelivr.net/gh/dennypa77/mass-upload@main/foto-upload/toko2/jibbitz/JB-HEARTS2HEARTS-utama1.png,1784537
Kaitin.aja,toko2,JIBBITZ,JB-HEARTS2HEARTS-UTAMA2,utama,E:\Project\Mass upload shopee\foto-upload\toko2\jibbitz\JB-HEARTS2HEARTS-utama2.png,https://cdn.jsdelivr.net/gh/dennypa77/mass-upload@main/foto-upload/toko2/jibbitz/JB-HEARTS2HEARTS-utama2.png,1319398
Kaitin.aja,toko2,JIBBITZ,JB-HEARTS2HEARTS-UTAMA3,utama,E:\Project\Mass upload shopee\foto-upload\toko2\jibbitz\JB-HEARTS2HEARTS-utama3.png,https://cdn.jsdelivr.net/gh/dennypa77/mass-upload@main/foto-upload/toko2/jibbitz/JB-HEARTS2HEARTS-utama3.png,1562757
Kaitin.aja,toko2,PIN AKRILIK,PA-0000001,varian,E:\Project\Mass upload shopee\foto-upload\toko2\pin-akrilik\PA-0000001.png,https://cdn.jsdelivr.net/gh/dennypa77/mass-upload@main/foto-upload/toko2/pin-akrilik/PA-0000001.png,285447
Kaitin.aja,toko2,PIN AKRILIK,PA-0000002,varian,E:\Project\Mass upload shopee\foto-upload\toko2\pin-akrilik\PA-0000002.png,https://cdn.jsdelivr.net/gh/dennypa77/mass-upload@main/foto-upload/toko2/pin-akrilik/PA-0000002.png,252505
Kaitin.aja,toko2,PIN AKRILIK,PA-0000003,varian,E:\Project\Mass upload shopee\foto-upload\toko2\pin-akrilik\PA-0000003.png,https://cdn.jsdelivr.net/gh/dennypa77/mass-upload@main/foto-upload/toko2/pin-akrilik/PA-0000003.png,254227
Kaitin.aja,toko2,PIN AKRILIK,PA-0000004,varian,E:\Project\Mass upload shopee\foto-upload\toko2\pin-akrilik\PA-0000004.png,https://cdn.jsdelivr.net/gh/dennypa77/mass-upload@main/foto-upload/toko2/pin-akrilik/PA-0000004.png,242696
Kaitin.aja,toko2,PIN AKRILIK,PA-0000005,varian,E:\Project\Mass upload shopee\foto-upload\toko2\pin-akrilik\PA-0000005.png,https://cdn.jsdelivr.net/gh/dennypa77/mass-upload@main/foto-upload/toko2/pin-akrilik/PA-0000005.png,268612
Kaitin.aja,toko2,PIN AKRILIK,PA-0000006,varian,E:\Project\Mass upload shopee\foto-upload\toko2\pin-akrilik\PA-0000006.png,https://cdn.jsdelivr.net/gh/dennypa77/mass-upload@main/foto-upload/toko2/pin-akrilik/PA-0000006.png,200138
Kaitin.aja,toko2,PIN AKRILIK,PA-0000007,varian,E:\Project\Mass upload shopee\foto-upload\toko2\pin-akrilik\PA-0000007.png,https://cdn.jsdelivr.net/gh/dennypa77/mass-upload@main/foto-upload/toko2/pin-akrilik/PA-0000007.png,258196
Kaitin.aja,toko2,PIN AKRILIK,PA-0000008,varian,E:\Project\Mass upload shopee\foto-upload\toko2\pin-akrilik\PA-0000008.png,https://cdn.jsdelivr.net/gh/dennypa77/mass-upload@main/foto-upload/toko2/pin-akrilik/PA-0000008.png,254296
Kaitin.aja,toko2,PIN AKRILIK,PA-0000009,varian,E:\Project\Mass upload shopee\foto-upload\toko2\pin-akrilik\PA-0000009.png,https://cdn.jsdelivr.net/gh/dennypa77/mass-upload@main/foto-upload/toko2/pin-akrilik/PA-0000009.png,232351
Kaitin.aja,toko2,PIN AKRILIK,PA-0000010,varian,E:\Project\Mass upload shopee\foto-upload\toko2\pin-akrilik\PA-0000010.png,https://cdn.jsdelivr.net/gh/dennypa77/mass-upload@main/foto-upload/toko2/pin-akrilik/PA-0000010.png,249742
Kaitin.aja,toko2,PIN AKRILIK,PA-0000011,varian,E:\Project\Mass upload shopee\foto-upload\toko2\pin-akrilik\PA-0000011.png,https://cdn.jsdelivr.net/gh/dennypa77/mass-upload@main/foto-upload/toko2/pin-akrilik/PA-0000011.png,214627
Kaitin.aja,toko2,PIN AKRILIK,PA-0000012,varian,E:\Project\Mass upload shopee\foto-upload\toko2\pin-akrilik\PA-0000012.png,https://cdn.jsdelivr.net/gh/dennypa77/mass-upload@main/foto-upload/toko2/pin-akrilik/PA-0000012.png,189393
Kaitin.aja,toko2,PIN AKRILIK,PA-0000013,varian,E:\Project\Mass upload shopee\foto-upload\toko2\pin-akrilik\PA-0000013.png,https://cdn.jsdelivr.net/gh/dennypa77/mass-upload@main/foto-upload/toko2/pin-akrilik/PA-0000013.png,233835
Kaitin.aja,toko2,PIN AKRILIK,PA-0000014,varian,E:\Project\Mass upload shopee\foto-upload\toko2\pin-akrilik\PA-0000014.png,https://cdn.jsdelivr.net/gh/dennypa77/mass-upload@main/foto-upload/toko2/pin-akrilik/PA-0000014.png,180311
Kaitin.aja,toko2,PIN AKRILIK,PA-0000015,varian,E:\Project\Mass upload shopee\foto-upload\toko2\pin-akrilik\PA-0000015.png,https://cdn.jsdelivr.net/gh/dennypa77/mass-upload@main/foto-upload/toko2/pin-akrilik/PA-0000015.png,223557
Kaitin.aja,toko2,PIN AKRILIK,PA-0000016,varian,E:\Project\Mass upload shopee\foto-upload\toko2\pin-akrilik\PA-0000016.png,https://cdn.jsdelivr.net/gh/dennypa77/mass-upload@main/foto-upload/toko2/pin-akrilik/PA-0000016.png,233102
Kaitin.aja,toko2,PIN AKRILIK,PA-0000017,varian,E:\Project\Mass upload shopee\foto-upload\toko2\pin-akrilik\PA-0000017.png,https://cdn.jsdelivr.net/gh/dennypa77/mass-upload@main/foto-upload/toko2/pin-akrilik/PA-0000017.png,205291
Kaitin.aja,toko2,PIN AKRILIK,PA-0000018,varian,E:\Project\Mass upload shopee\foto-upload\toko2\pin-akrilik\PA-0000018.png,https://cdn.jsdelivr.net/gh/dennypa77/mass-upload@main/foto-upload/toko2/pin-akrilik/PA-0000018.png,231058
Kaitin.aja,toko2,PIN AKRILIK,PA-0000019,varian,E:\Project\Mass upload shopee\foto-upload\toko2\pin-akrilik\PA-0000019.png,https://cdn.jsdelivr.net/gh/dennypa77/mass-upload@main/foto-upload/toko2/pin-akrilik/PA-0000019.png,192996
Kaitin.aja,toko2,PIN AKRILIK,PA-0000020,varian,E:\Project\Mass upload shopee\foto-upload\toko2\pin-akrilik\PA-0000020.png,https://cdn.jsdelivr.net/gh/dennypa77/mass-upload@main/foto-upload/toko2/pin-akrilik/PA-0000020.png,233604
Kaitin.aja,toko2,PIN AKRILIK,PA-0000021,varian,E:\Project\Mass upload shopee\foto-upload\toko2\pin-akrilik\PA-0000021.png,https://cdn.jsdelivr.net/gh/dennypa77/mass-upload@main/foto-upload/toko2/pin-akrilik/PA-0000021.png,228116
Kaitin.aja,toko2,PIN AKRILIK,PA-0000022,varian,E:\Project\Mass upload shopee\foto-upload\toko2\pin-akrilik\PA-0000022.png,https://cdn.jsdelivr.net/gh/dennypa77/mass-upload@main/foto-upload/toko2/pin-akrilik/PA-0000022.png,277319
Kaitin.aja,toko2,PIN AKRILIK,PA-0000023,varian,E:\Project\Mass upload shopee\foto-upload\toko2\pin-akrilik\PA-0000023.png,https://cdn.jsdelivr.net/gh/dennypa77/mass-upload@main/foto-upload/toko2/pin-akrilik/PA-0000023.png,224350
Kaitin.aja,toko2,PIN AKRILIK,PA-0000024,varian,E:\Project\Mass upload shopee\foto-upload\toko2\pin-akrilik\PA-0000024.png,https://cdn.jsdelivr.net/gh/dennypa77/mass-upload@main/foto-upload/toko2/pin-akrilik/PA-0000024.png,240128
Kaitin.aja,toko2,PIN AKRILIK,PA-0000025,varian,E:\Project\Mass upload shopee\foto-upload\toko2\pin-akrilik\PA-0000025.png,https://cdn.jsdelivr.net/gh/dennypa77/mass-upload@main/foto-upload/toko2/pin-akrilik/PA-0000025.png,258156
Kaitin.aja,toko2,PIN AKRILIK,PA-0000026,varian,E:\Project\Mass upload shopee\foto-upload\toko2\pin-akrilik\PA-0000026.png,https://cdn.jsdelivr.net/gh/dennypa77/mass-upload@main/foto-upload/toko2/pin-akrilik/PA-0000026.png,206613
Kaitin.aja,toko2,PIN AKRILIK,PA-0000027,varian,E:\Project\Mass upload shopee\foto-upload\toko2\pin-akrilik\PA-0000027.png,https://cdn.jsdelivr.net/gh/dennypa77/mass-upload@main/foto-upload/toko2/pin-akrilik/PA-0000027.png,220282
Kaitin.aja,toko2,PIN AKRILIK,PA-0000028,varian,E:\Project\Mass upload shopee\foto-upload\toko2\pin-akrilik\PA-0000028.png,https://cdn.jsdelivr.net/gh/dennypa77/mass-upload@main/foto-upload/toko2/pin-akrilik/PA-0000028.png,243096
Kaitin.aja,toko2,PIN AKRILIK,PA-0000029,varian,E:\Project\Mass upload shopee\foto-upload\toko2\pin-akrilik\PA-0000029.png,https://cdn.jsdelivr.net/gh/dennypa77/mass-upload@main/foto-upload/toko2/pin-akrilik/PA-0000029.png,246342
Kaitin.aja,toko2,PIN AKRILIK,PA-0000030,varian,E:\Project\Mass upload shopee\foto-upload\toko2\pin-akrilik\PA-0000030.png,https://cdn.jsdelivr.net/gh/dennypa77/mass-upload@main/foto-upload/toko2/pin-akrilik/PA-0000030.png,224682
Kaitin.aja,toko2,PIN AKRILIK,PA-0000031,varian,E:\Project\Mass upload shopee\foto-upload\toko2\pin-akrilik\PA-0000031.png,https://cdn.jsdelivr.net/gh/dennypa77/mass-upload@main/foto-upload/toko2/pin-akrilik/PA-0000031.png,199134
Kaitin.aja,toko2,PIN AKRILIK,PA-0000032,varian,E:\Project\Mass upload shopee\foto-upload\toko2\pin-akrilik\PA-0000032.png,https://cdn.jsdelivr.net/gh/dennypa77/mass-upload@main/foto-upload/toko2/pin-akrilik/PA-0000032.png,237654
Kaitin.aja,toko2,PIN AKRILIK,PA-0000033,varian,E:\Project\Mass upload shopee\foto-upload\toko2\pin-akrilik\PA-0000033.png,https://cdn.jsdelivr.net/gh/dennypa77/mass-upload@main/foto-upload/toko2/pin-akrilik/PA-0000033.png,258081
Kaitin.aja,toko2,PIN AKRILIK,PA-0000034,varian,E:\Project\Mass upload shopee\foto-upload\toko2\pin-akrilik\PA-0000034.png,https://cdn.jsdelivr.net/gh/dennypa77/mass-upload@main/foto-upload/toko2/pin-akrilik/PA-0000034.png,166521
Kaitin.aja,toko2,PIN AKRILIK,PA-0000035,varian,E:\Project\Mass upload shopee\foto-upload\toko2\pin-akrilik\PA-0000035.png,https://cdn.jsdelivr.net/gh/dennypa77/mass-upload@main/foto-upload/toko2/pin-akrilik/PA-0000035.png,213610
Kaitin.aja,toko2,PIN AKRILIK,PA-0000036,varian,E:\Project\Mass upload shopee\foto-upload\toko2\pin-akrilik\PA-0000036.png,https://cdn.jsdelivr.net/gh/dennypa77/mass-upload@main/foto-upload/toko2/pin-akrilik/PA-0000036.png,205103
Kaitin.aja,toko2,PIN AKRILIK,PA-0000037,varian,E:\Project\Mass upload shopee\foto-upload\toko2\pin-akrilik\PA-0000037.png,https://cdn.jsdelivr.net/gh/dennypa77/mass-upload@main/foto-upload/toko2/pin-akrilik/PA-0000037.png,226458
Kaitin.aja,toko2,PIN AKRILIK,PA-0000038,varian,E:\Project\Mass upload shopee\foto-upload\toko2\pin-akrilik\PA-0000038.png,https://cdn.jsdelivr.net/gh/dennypa77/mass-upload@main/foto-upload/toko2/pin-akrilik/PA-0000038.png,201019
Kaitin.aja,toko2,PIN AKRILIK,PA-0000039,varian,E:\Project\Mass upload shopee\foto-upload\toko2\pin-akrilik\PA-0000039.png,https://cdn.jsdelivr.net/gh/dennypa77/mass-upload@main/foto-upload/toko2/pin-akrilik/PA-0000039.png,212196
Kaitin.aja,toko2,PIN AKRILIK,PA-0000040,varian,E:\Project\Mass upload shopee\foto-upload\toko2\pin-akrilik\PA-0000040.png,https://cdn.jsdelivr.net/gh/dennypa77/mass-upload@main/foto-upload/toko2/pin-akrilik/PA-0000040.png,201253
Kaitin.aja,toko2,PIN AKRILIK,PA-0000041,varian,E:\Project\Mass upload shopee\foto-upload\toko2\pin-akrilik\PA-0000041.png,https://cdn.jsdelivr.net/gh/dennypa77/mass-upload@main/foto-upload/toko2/pin-akrilik/PA-0000041.png,225668
Kaitin.aja,toko2,PIN AKRILIK,PA-0000042,varian,E:\Project\Mass upload shopee\foto-upload\toko2\pin-akrilik\PA-0000042.png,https://cdn.jsdelivr.net/gh/dennypa77/mass-upload@main/foto-upload/toko2/pin-akrilik/PA-0000042.png,230791
Kaitin.aja,toko2,PIN AKRILIK,PA-0000043,varian,E:\Project\Mass upload shopee\foto-upload\toko2\pin-akrilik\PA-0000043.png,https://cdn.jsdelivr.net/gh/dennypa77/mass-upload@main/foto-upload/toko2/pin-akrilik/PA-0000043.png,232541
Kaitin.aja,toko2,PIN AKRILIK,PA-0000044,varian,E:\Project\Mass upload shopee\foto-upload\toko2\pin-akrilik\PA-0000044.png,https://cdn.jsdelivr.net/gh/dennypa77/mass-upload@main/foto-upload/toko2/pin-akrilik/PA-0000044.png,234141
Kaitin.aja,toko2,PIN AKRILIK,PA-0000045,varian,E:\Project\Mass upload shopee\foto-upload\toko2\pin-akrilik\PA-0000045.png,https://cdn.jsdelivr.net/gh/dennypa77/mass-upload@main/foto-upload/toko2/pin-akrilik/PA-0000045.png,236912
Kaitin.aja,toko2,PIN AKRILIK,PA-0000046,varian,E:\Project\Mass upload shopee\foto-upload\toko2\pin-akrilik\PA-0000046.png,https://cdn.jsdelivr.net/gh/dennypa77/mass-upload@main/foto-upload/toko2/pin-akrilik/PA-0000046.png,191891
Kaitin.aja,toko2,PIN AKRILIK,PA-0000047,varian,E:\Project\Mass upload shopee\foto-upload\toko2\pin-akrilik\PA-0000047.png,https://cdn.jsdelivr.net/gh/dennypa77/mass-upload@main/foto-upload/toko2/pin-akrilik/PA-0000047.png,169608
Kaitin.aja,toko2,PIN AKRILIK,PA-0000048,varian,E:\Project\Mass upload shopee\foto-upload\toko2\pin-akrilik\PA-0000048.png,https://cdn.jsdelivr.net/gh/dennypa77/mass-upload@main/foto-upload/toko2/pin-akrilik/PA-0000048.png,206417
Kaitin.aja,toko2,PIN AKRILIK,PA-0000049,varian,E:\Project\Mass upload shopee\foto-upload\toko2\pin-akrilik\PA-0000049.png,https://cdn.jsdelivr.net/gh/dennypa77/mass-upload@main/foto-upload/toko2/pin-akrilik/PA-0000049.png,180485
Kaitin.aja,toko2,PIN AKRILIK,PA-0000050,varian,E:\Project\Mass upload shopee\foto-upload\toko2\pin-akrilik\PA-0000050.png,https://cdn.jsdelivr.net/gh/dennypa77/mass-upload@main/foto-upload/toko2/pin-akrilik/PA-0000050.png,184315
Kaitin.aja,toko2,PIN AKRILIK,PA-0000051,varian,E:\Project\Mass upload shopee\foto-upload\toko2\pin-akrilik\PA-0000051.png,https://cdn.jsdelivr.net/gh/dennypa77/mass-upload@main/foto-upload/toko2/pin-akrilik/PA-0000051.png,241327
Kaitin.aja,toko2,PIN AKRILIK,PA-0000052,varian,E:\Project\Mass upload shopee\foto-upload\toko2\pin-akrilik\PA-0000052.png,https://cdn.jsdelivr.net/gh/dennypa77/mass-upload@main/foto-upload/toko2/pin-akrilik/PA-0000052.png,257508
Kaitin.aja,toko2,PIN AKRILIK,PA-0000053,varian,E:\Project\Mass upload shopee\foto-upload\toko2\pin-akrilik\PA-0000053.png,https://cdn.jsdelivr.net/gh/dennypa77/mass-upload@main/foto-upload/toko2/pin-akrilik/PA-0000053.png,271718
Kaitin.aja,toko2,PIN AKRILIK,PA-0000054,varian,E:\Project\Mass upload shopee\foto-upload\toko2\pin-akrilik\PA-0000054.png,https://cdn.jsdelivr.net/gh/dennypa77/mass-upload@main/foto-upload/toko2/pin-akrilik/PA-0000054.png,241825
Kaitin.aja,toko2,PIN AKRILIK,PA-0000055,varian,E:\Project\Mass upload shopee\foto-upload\toko2\pin-akrilik\PA-0000055.png,https://cdn.jsdelivr.net/gh/dennypa77/mass-upload@main/foto-upload/toko2/pin-akrilik/PA-0000055.png,260949
Kaitin.aja,toko2,PIN AKRILIK,PA-0000056,varian,E:\Project\Mass upload shopee\foto-upload\toko2\pin-akrilik\PA-0000056.png,https://cdn.jsdelivr.net/gh/dennypa77/mass-upload@main/foto-upload/toko2/pin-akrilik/PA-0000056.png,260608
Kaitin.aja,toko2,PIN AKRILIK,PA-0000057,varian,E:\Project\Mass upload shopee\foto-upload\toko2\pin-akrilik\PA-0000057.png,https://cdn.jsdelivr.net/gh/dennypa77/mass-upload@main/foto-upload/toko2/pin-akrilik/PA-0000057.png,265708
Kaitin.aja,toko2,PIN AKRILIK,PA-0000058,varian,E:\Project\Mass upload shopee\foto-upload\toko2\pin-akrilik\PA-0000058.png,https://cdn.jsdelivr.net/gh/dennypa77/mass-upload@main/foto-upload/toko2/pin-akrilik/PA-0000058.png,199451
Kaitin.aja,toko2,PIN AKRILIK,PA-0000059,varian,E:\Project\Mass upload shopee\foto-upload\toko2\pin-akrilik\PA-0000059.png,https://cdn.jsdelivr.net/gh/dennypa77/mass-upload@main/foto-upload/toko2/pin-akrilik/PA-0000059.png,207035
Kaitin.aja,toko2,PIN AKRILIK,PA-0000060,varian,E:\Project\Mass upload shopee\foto-upload\toko2\pin-akrilik\PA-0000060.png,https://cdn.jsdelivr.net/gh/dennypa77/mass-upload@main/foto-upload/toko2/pin-akrilik/PA-0000060.png,206220
Kaitin.aja,toko2,PIN AKRILIK,PA-0000061,varian,E:\Project\Mass upload shopee\foto-upload\toko2\pin-akrilik\PA-0000061.png,https://cdn.jsdelivr.net/gh/dennypa77/mass-upload@main/foto-upload/toko2/pin-akrilik/PA-0000061.png,230723
Kaitin.aja,toko2,PIN AKRILIK,PA-0000062,varian,E:\Project\Mass upload shopee\foto-upload\toko2\pin-akrilik\PA-0000062.png,https://cdn.jsdelivr.net/gh/dennypa77/mass-upload@main/foto-upload/toko2/pin-akrilik/PA-0000062.png,210911
Kaitin.aja,toko2,PIN AKRILIK,PA-0000063,varian,E:\Project\Mass upload shopee\foto-upload\toko2\pin-akrilik\PA-0000063.png,https://cdn.jsdelivr.net/gh/dennypa77/mass-upload@main/foto-upload/toko2/pin-akrilik/PA-0000063.png,213279
Kaitin.aja,toko2,PIN AKRILIK,PA-0000064,varian,E:\Project\Mass upload shopee\foto-upload\toko2\pin-akrilik\PA-0000064.png,https://cdn.jsdelivr.net/gh/dennypa77/mass-upload@main/foto-upload/toko2/pin-akrilik/PA-0000064.png,219893
Kaitin.aja,toko2,PIN AKRILIK,PA-0000065,varian,E:\Project\Mass upload shopee\foto-upload\toko2\pin-akrilik\PA-0000065.png,https://cdn.jsdelivr.net/gh/dennypa77/mass-upload@main/foto-upload/toko2/pin-akrilik/PA-0000065.png,161386
Kaitin.aja,toko2,PIN AKRILIK,PA-0000066,varian,E:\Project\Mass upload shopee\foto-upload\toko2\pin-akrilik\PA-0000066.png,https://cdn.jsdelivr.net/gh/dennypa77/mass-upload@main/foto-upload/toko2/pin-akrilik/PA-0000066.png,171698
Kaitin.aja,toko2,PIN AKRILIK,PA-0000067,varian,E:\Project\Mass upload shopee\foto-upload\toko2\pin-akrilik\PA-0000067.png,https://cdn.jsdelivr.net/gh/dennypa77/mass-upload@main/foto-upload/toko2/pin-akrilik/PA-0000067.png,176630
Kaitin.aja,toko2,PIN AKRILIK,PA-0000068,varian,E:\Project\Mass upload shopee\foto-upload\toko2\pin-akrilik\PA-0000068.png,https://cdn.jsdelivr.net/gh/dennypa77/mass-upload@main/foto-upload/toko2/pin-akrilik/PA-0000068.png,167570
Kaitin.aja,toko2,PIN AKRILIK,PA-0000069,varian,E:\Project\Mass upload shopee\foto-upload\toko2\pin-akrilik\PA-0000069.png,https://cdn.jsdelivr.net/gh/dennypa77/mass-upload@main/foto-upload/toko2/pin-akrilik/PA-0000069.png,175375
Kaitin.aja,toko2,PIN AKRILIK,PA-0000070,varian,E:\Project\Mass upload shopee\foto-upload\toko2\pin-akrilik\PA-0000070.png,https://cdn.jsdelivr.net/gh/dennypa77/mass-upload@main/foto-upload/toko2/pin-akrilik/PA-0000070.png,178752
Kaitin.aja,toko2,PIN AKRILIK,PA-0000071,varian,E:\Project\Mass upload shopee\foto-upload\toko2\pin-akrilik\PA-0000071.png,https://cdn.jsdelivr.net/gh/dennypa77/mass-upload@main/foto-upload/toko2/pin-akrilik/PA-0000071.png,166976
Kaitin.aja,toko2,PIN AKRILIK,PA-0000072,varian,E:\Project\Mass upload shopee\foto-upload\toko2\pin-akrilik\PA-0000072.png,https://cdn.jsdelivr.net/gh/dennypa77/mass-upload@main/foto-upload/toko2/pin-akrilik/PA-0000072.png,160795
Kaitin.aja,toko2,PIN AKRILIK,PA-0000073,varian,E:\Project\Mass upload shopee\foto-upload\toko2\pin-akrilik\PA-0000073.png,https://cdn.jsdelivr.net/gh/dennypa77/mass-upload@main/foto-upload/toko2/pin-akrilik/PA-0000073.png,152805
Kaitin.aja,toko2,PIN AKRILIK,PA-0000074,varian,E:\Project\Mass upload shopee\foto-upload\toko2\pin-akrilik\PA-0000074.png,https://cdn.jsdelivr.net/gh/dennypa77/mass-upload@main/foto-upload/toko2/pin-akrilik/PA-0000074.png,154316
Kaitin.aja,toko2,PIN AKRILIK,PA-0000075,varian,E:\Project\Mass upload shopee\foto-upload\toko2\pin-akrilik\PA-0000075.png,https://cdn.jsdelivr.net/gh/dennypa77/mass-upload@main/foto-upload/toko2/pin-akrilik/PA-0000075.png,162986
Kaitin.aja,toko2,PIN AKRILIK,PA-0000076,varian,E:\Project\Mass upload shopee\foto-upload\toko2\pin-akrilik\PA-0000076.png,https://cdn.jsdelivr.net/gh/dennypa77/mass-upload@main/foto-upload/toko2/pin-akrilik/PA-0000076.png,153152
Kaitin.aja,toko2,PIN AKRILIK,PA-0000077,varian,E:\Project\Mass upload shopee\foto-upload\toko2\pin-akrilik\PA-0000077.png,https://cdn.jsdelivr.net/gh/dennypa77/mass-upload@main/foto-upload/toko2/pin-akrilik/PA-0000077.png,156720
Kaitin.aja,toko2,PIN AKRILIK,PA-0000078,varian,E:\Project\Mass upload shopee\foto-upload\toko2\pin-akrilik\PA-0000078.png,https://cdn.jsdelivr.net/gh/dennypa77/mass-upload@main/foto-upload/toko2/pin-akrilik/PA-0000078.png,161460
Kaitin.aja,toko2,PIN AKRILIK,PA-0000079,varian,E:\Project\Mass upload shopee\foto-upload\toko2\pin-akrilik\PA-0000079.png,https://cdn.jsdelivr.net/gh/dennypa77/mass-upload@main/foto-upload/toko2/pin-akrilik/PA-0000079.png,214933
Kaitin.aja,toko2,PIN AKRILIK,PA-0000080,varian,E:\Project\Mass upload shopee\foto-upload\toko2\pin-akrilik\PA-0000080.png,https://cdn.jsdelivr.net/gh/dennypa77/mass-upload@main/foto-upload/toko2/pin-akrilik/PA-0000080.png,231147
Kaitin.aja,toko2,PIN AKRILIK,PA-0000081,varian,E:\Project\Mass upload shopee\foto-upload\toko2\pin-akrilik\PA-0000081.png,https://cdn.jsdelivr.net/gh/dennypa77/mass-upload@main/foto-upload/toko2/pin-akrilik/PA-0000081.png,280264
Kaitin.aja,toko2,PIN AKRILIK,PA-0000082,varian,E:\Project\Mass upload shopee\foto-upload\toko2\pin-akrilik\PA-0000082.png,https://cdn.jsdelivr.net/gh/dennypa77/mass-upload@main/foto-upload/toko2/pin-akrilik/PA-0000082.png,247363
Kaitin.aja,toko2,PIN AKRILIK,PA-0000083,varian,E:\Project\Mass upload shopee\foto-upload\toko2\pin-akrilik\PA-0000083.png,https://cdn.jsdelivr.net/gh/dennypa77/mass-upload@main/foto-upload/toko2/pin-akrilik/PA-0000083.png,222186
Kaitin.aja,toko2,PIN AKRILIK,PA-0000084,varian,E:\Project\Mass upload shopee\foto-upload\toko2\pin-akrilik\PA-0000084.png,https://cdn.jsdelivr.net/gh/dennypa77/mass-upload@main/foto-upload/toko2/pin-akrilik/PA-0000084.png,232343
Kaitin.aja,toko2,PIN AKRILIK,PA-0000085,varian,E:\Project\Mass upload shopee\foto-upload\toko2\pin-akrilik\PA-0000085.png,https://cdn.jsdelivr.net/gh/dennypa77/mass-upload@main/foto-upload/toko2/pin-akrilik/PA-0000085.png,239680
Kaitin.aja,toko2,PIN AKRILIK,PA-0000086,varian,E:\Project\Mass upload shopee\foto-upload\toko2\pin-akrilik\PA-0000086.png,https://cdn.jsdelivr.net/gh/dennypa77/mass-upload@main/foto-upload/toko2/pin-akrilik/PA-0000086.png,254535
Kaitin.aja,toko2,PIN AKRILIK,PA-0000087,varian,E:\Project\Mass upload shopee\foto-upload\toko2\pin-akrilik\PA-0000087.png,https://cdn.jsdelivr.net/gh/dennypa77/mass-upload@main/foto-upload/toko2/pin-akrilik/PA-0000087.png,177121
Kaitin.aja,toko2,PIN AKRILIK,PA-0000088,varian,E:\Project\Mass upload shopee\foto-upload\toko2\pin-akrilik\PA-0000088.png,https://cdn.jsdelivr.net/gh/dennypa77/mass-upload@main/foto-upload/toko2/pin-akrilik/PA-0000088.png,211248
Kaitin.aja,toko2,PIN AKRILIK,PA-0000089,varian,E:\Project\Mass upload shopee\foto-upload\toko2\pin-akrilik\PA-0000089.png,https://cdn.jsdelivr.net/gh/dennypa77/mass-upload@main/foto-upload/toko2/pin-akrilik/PA-0000089.png,155285
Kaitin.aja,toko2,PIN AKRILIK,PA-0000090,varian,E:\Project\Mass upload shopee\foto-upload\toko2\pin-akrilik\PA-0000090.png,https://cdn.jsdelivr.net/gh/dennypa77/mass-upload@main/foto-upload/toko2/pin-akrilik/PA-0000090.png,202752
Kaitin.aja,toko2,PIN AKRILIK,PA-0000091,varian,E:\Project\Mass upload shopee\foto-upload\toko2\pin-akrilik\PA-0000091.png,https://cdn.jsdelivr.net/gh/dennypa77/mass-upload@main/foto-upload/toko2/pin-akrilik/PA-0000091.png,197160
Kaitin.aja,toko2,PIN AKRILIK,PA-0000092,varian,E:\Project\Mass upload shopee\foto-upload\toko2\pin-akrilik\PA-0000092.png,https://cdn.jsdelivr.net/gh/dennypa77/mass-upload@main/foto-upload/toko2/pin-akrilik/PA-0000092.png,204451
Kaitin.aja,toko2,PIN AKRILIK,PA-0000093,varian,E:\Project\Mass upload shopee\foto-upload\toko2\pin-akrilik\PA-0000093.png,https://cdn.jsdelivr.net/gh/dennypa77/mass-upload@main/foto-upload/toko2/pin-akrilik/PA-0000093.png,237728
Kaitin.aja,toko2,PIN AKRILIK,PA-0000094,varian,E:\Project\Mass upload shopee\foto-upload\toko2\pin-akrilik\PA-0000094.png,https://cdn.jsdelivr.net/gh/dennypa77/mass-upload@main/foto-upload/toko2/pin-akrilik/PA-0000094.png,212648
Kaitin.aja,toko2,PIN AKRILIK,PA-0000095,varian,E:\Project\Mass upload shopee\foto-upload\toko2\pin-akrilik\PA-0000095.png,https://cdn.jsdelivr.net/gh/dennypa77/mass-upload@main/foto-upload/toko2/pin-akrilik/PA-0000095.png,244604
Kaitin.aja,toko2,PIN AKRILIK,PA-0000096,varian,E:\Project\Mass upload shopee\foto-upload\toko2\pin-akrilik\PA-0000096.png,https://cdn.jsdelivr.net/gh/dennypa77/mass-upload@main/foto-upload/toko2/pin-akrilik/PA-0000096.png,190498
Kaitin.aja,toko2,PIN AKRILIK,PA-0000097,varian,E:\Project\Mass upload shopee\foto-upload\toko2\pin-akrilik\PA-0000097.png,https://cdn.jsdelivr.net/gh/dennypa77/mass-upload@main/foto-upload/toko2/pin-akrilik/PA-0000097.png,183737
Kaitin.aja,toko2,PIN AKRILIK,PA-0000098,varian,E:\Project\Mass upload shopee\foto-upload\toko2\pin-akrilik\PA-0000098.png,https://cdn.jsdelivr.net/gh/dennypa77/mass-upload@main/foto-upload/toko2/pin-akrilik/PA-0000098.png,196498
Kaitin.aja,toko2,PIN AKRILIK,PA-0000099,varian,E:\Project\Mass upload shopee\foto-upload\toko2\pin-akrilik\PA-0000099.png,https://cdn.jsdelivr.net/gh/dennypa77/mass-upload@main/foto-upload/toko2/pin-akrilik/PA-0000099.png,221045
Kaitin.aja,toko2,PIN AKRILIK,PA-0000100,varian,E:\Project\Mass upload shopee\foto-upload\toko2\pin-akrilik\PA-0000100.png,https://cdn.jsdelivr.net/gh/dennypa77/mass-upload@main/foto-upload/toko2/pin-akrilik/PA-0000100.png,241705
Kaitin.aja,toko2,PIN AKRILIK,PA-0000151,varian,E:\Project\Mass upload shopee\foto-upload\toko2\pin-akrilik\PA-0000151.png,https://cdn.jsdelivr.net/gh/dennypa77/mass-upload@main/foto-upload/toko2/pin-akrilik/PA-0000151.png,68508
Kaitin.aja,toko2,PIN AKRILIK,PA-0000152,varian,E:\Project\Mass upload shopee\foto-upload\toko2\pin-akrilik\PA-0000152.png,https://cdn.jsdelivr.net/gh/dennypa77/mass-upload@main/foto-upload/toko2/pin-akrilik/PA-0000152.png,79018
Kaitin.aja,toko2,PIN AKRILIK,PA-0000153,varian,E:\Project\Mass upload shopee\foto-upload\toko2\pin-akrilik\PA-0000153.png,https://cdn.jsdelivr.net/gh/dennypa77/mass-upload@main/foto-upload/toko2/pin-akrilik/PA-0000153.png,77231
Kaitin.aja,toko2,PIN AKRILIK,PA-0000154,varian,E:\Project\Mass upload shopee\foto-upload\toko2\pin-akrilik\PA-0000154.png,https://cdn.jsdelivr.net/gh/dennypa77/mass-upload@main/foto-upload/toko2/pin-akrilik/PA-0000154.png,75538
Kaitin.aja,toko2,PIN AKRILIK,PA-0000155,varian,E:\Project\Mass upload shopee\foto-upload\toko2\pin-akrilik\PA-0000155.png,https://cdn.jsdelivr.net/gh/dennypa77/mass-upload@main/foto-upload/toko2/pin-akrilik/PA-0000155.png,88726
Kaitin.aja,toko2,PIN AKRILIK,PA-0000156,varian,E:\Project\Mass upload shopee\foto-upload\toko2\pin-akrilik\PA-0000156.png,https://cdn.jsdelivr.net/gh/dennypa77/mass-upload@main/foto-upload/toko2/pin-akrilik/PA-0000156.png,80759
Kaitin.aja,toko2,PIN AKRILIK,PA-0000157,varian,E:\Project\Mass upload shopee\foto-upload\toko2\pin-akrilik\PA-0000157.png,https://cdn.jsdelivr.net/gh/dennypa77/mass-upload@main/foto-upload/toko2/pin-akrilik/PA-0000157.png,94389
Kaitin.aja,toko2,PIN AKRILIK,PA-0000158,varian,E:\Project\Mass upload shopee\foto-upload\toko2\pin-akrilik\PA-0000158.png,https://cdn.jsdelivr.net/gh/dennypa77/mass-upload@main/foto-upload/toko2/pin-akrilik/PA-0000158.png,86167
Kaitin.aja,toko2,PIN AKRILIK,PA-0000159,varian,E:\Project\Mass upload shopee\foto-upload\toko2\pin-akrilik\PA-0000159.png,https://cdn.jsdelivr.net/gh/dennypa77/mass-upload@main/foto-upload/toko2/pin-akrilik/PA-0000159.png,71652
Kaitin.aja,toko2,PIN AKRILIK,PA-0000160,varian,E:\Project\Mass upload shopee\foto-upload\toko2\pin-akrilik\PA-0000160.png,https://cdn.jsdelivr.net/gh/dennypa77/mass-upload@main/foto-upload/toko2/pin-akrilik/PA-0000160.png,81732
Kaitin.aja,toko2,PIN AKRILIK,PA-0000161,varian,E:\Project\Mass upload shopee\foto-upload\toko2\pin-akrilik\PA-0000161.png,https://cdn.jsdelivr.net/gh/dennypa77/mass-upload@main/foto-upload/toko2/pin-akrilik/PA-0000161.png,53477
Kaitin.aja,toko2,PIN AKRILIK,PA-0000162,varian,E:\Project\Mass upload shopee\foto-upload\toko2\pin-akrilik\PA-0000162.png,https://cdn.jsdelivr.net/gh/dennypa77/mass-upload@main/foto-upload/toko2/pin-akrilik/PA-0000162.png,85951
Kaitin.aja,toko2,PIN AKRILIK,PA-0000163,varian,E:\Project\Mass upload shopee\foto-upload\toko2\pin-akrilik\PA-0000163.png,https://cdn.jsdelivr.net/gh/dennypa77/mass-upload@main/foto-upload/toko2/pin-akrilik/PA-0000163.png,75987
Kaitin.aja,toko2,PIN AKRILIK,PA-0000164,varian,E:\Project\Mass upload shopee\foto-upload\toko2\pin-akrilik\PA-0000164.png,https://cdn.jsdelivr.net/gh/dennypa77/mass-upload@main/foto-upload/toko2/pin-akrilik/PA-0000164.png,93452
Kaitin.aja,toko2,PIN AKRILIK,PA-0000165,varian,E:\Project\Mass upload shopee\foto-upload\toko2\pin-akrilik\PA-0000165.png,https://cdn.jsdelivr.net/gh/dennypa77/mass-upload@main/foto-upload/toko2/pin-akrilik/PA-0000165.png,78873
Kaitin.aja,toko2,PIN AKRILIK,PA-0000166,varian,E:\Project\Mass upload shopee\foto-upload\toko2\pin-akrilik\PA-0000166.png,https://cdn.jsdelivr.net/gh/dennypa77/mass-upload@main/foto-upload/toko2/pin-akrilik/PA-0000166.png,91068
Kaitin.aja,toko2,PIN AKRILIK,PA-0000167,varian,E:\Project\Mass upload shopee\foto-upload\toko2\pin-akrilik\PA-0000167.png,https://cdn.jsdelivr.net/gh/dennypa77/mass-upload@main/foto-upload/toko2/pin-akrilik/PA-0000167.png,80465
Kaitin.aja,toko2,PIN AKRILIK,PA-0000168,varian,E:\Project\Mass upload shopee\foto-upload\toko2\pin-akrilik\PA-0000168.png,https://cdn.jsdelivr.net/gh/dennypa77/mass-upload@main/foto-upload/toko2/pin-akrilik/PA-0000168.png,90086
Kaitin.aja,toko2,PIN AKRILIK,PA-0000169,varian,E:\Project\Mass upload shopee\foto-upload\toko2\pin-akrilik\PA-0000169.png,https://cdn.jsdelivr.net/gh/dennypa77/mass-upload@main/foto-upload/toko2/pin-akrilik/PA-0000169.png,75854
Kaitin.aja,toko2,PIN AKRILIK,PA-0000170,varian,E:\Project\Mass upload shopee\foto-upload\toko2\pin-akrilik\PA-0000170.png,https://cdn.jsdelivr.net/gh/dennypa77/mass-upload@main/foto-upload/toko2/pin-akrilik/PA-0000170.png,74002
Kaitin.aja,toko2,PIN AKRILIK,PA-0000171,varian,E:\Project\Mass upload shopee\foto-upload\toko2\pin-akrilik\PA-0000171.png,https://cdn.jsdelivr.net/gh/dennypa77/mass-upload@main/foto-upload/toko2/pin-akrilik/PA-0000171.png,66252
Kaitin.aja,toko2,PIN AKRILIK,PA-0000172,varian,E:\Project\Mass upload shopee\foto-upload\toko2\pin-akrilik\PA-0000172.png,https://cdn.jsdelivr.net/gh/dennypa77/mass-upload@main/foto-upload/toko2/pin-akrilik/PA-0000172.png,70805
Kaitin.aja,toko2,PIN AKRILIK,PA-0000173,varian,E:\Project\Mass upload shopee\foto-upload\toko2\pin-akrilik\PA-0000173.png,https://cdn.jsdelivr.net/gh/dennypa77/mass-upload@main/foto-upload/toko2/pin-akrilik/PA-0000173.png,78434
Kaitin.aja,toko2,PIN AKRILIK,PA-0000174,varian,E:\Project\Mass upload shopee\foto-upload\toko2\pin-akrilik\PA-0000174.png,https://cdn.jsdelivr.net/gh/dennypa77/mass-upload@main/foto-upload/toko2/pin-akrilik/PA-0000174.png,74705
Kaitin.aja,toko2,PIN AKRILIK,PA-0000175,varian,E:\Project\Mass upload shopee\foto-upload\toko2\pin-akrilik\PA-0000175.png,https://cdn.jsdelivr.net/gh/dennypa77/mass-upload@main/foto-upload/toko2/pin-akrilik/PA-0000175.png,82000
Kaitin.aja,toko2,PIN AKRILIK,PA-0000176,varian,E:\Project\Mass upload shopee\foto-upload\toko2\pin-akrilik\PA-0000176.png,https://cdn.jsdelivr.net/gh/dennypa77/mass-upload@main/foto-upload/toko2/pin-akrilik/PA-0000176.png,81005
Kaitin.aja,toko2,PIN AKRILIK,PA-0000177,varian,E:\Project\Mass upload shopee\foto-upload\toko2\pin-akrilik\PA-0000177.png,https://cdn.jsdelivr.net/gh/dennypa77/mass-upload@main/foto-upload/toko2/pin-akrilik/PA-0000177.png,76731
Kaitin.aja,toko2,PIN AKRILIK,PA-0000178,varian,E:\Project\Mass upload shopee\foto-upload\toko2\pin-akrilik\PA-0000178.png,https://cdn.jsdelivr.net/gh/dennypa77/mass-upload@main/foto-upload/toko2/pin-akrilik/PA-0000178.png,75674
Kaitin.aja,toko2,PIN AKRILIK,PA-0000179,varian,E:\Project\Mass upload shopee\foto-upload\toko2\pin-akrilik\PA-0000179.png,https://cdn.jsdelivr.net/gh/dennypa77/mass-upload@main/foto-upload/toko2/pin-akrilik/PA-0000179.png,92082
Kaitin.aja,toko2,PIN AKRILIK,PA-0000180,varian,E:\Project\Mass upload shopee\foto-upload\toko2\pin-akrilik\PA-0000180.png,https://cdn.jsdelivr.net/gh/dennypa77/mass-upload@main/foto-upload/toko2/pin-akrilik/PA-0000180.png,88485
Kaitin.aja,toko2,PIN AKRILIK,PA-0000181,varian,E:\Project\Mass upload shopee\foto-upload\toko2\pin-akrilik\PA-0000181.png,https://cdn.jsdelivr.net/gh/dennypa77/mass-upload@main/foto-upload/toko2/pin-akrilik/PA-0000181.png,62494
Kaitin.aja,toko2,PIN AKRILIK,PA-0000182,varian,E:\Project\Mass upload shopee\foto-upload\toko2\pin-akrilik\PA-0000182.png,https://cdn.jsdelivr.net/gh/dennypa77/mass-upload@main/foto-upload/toko2/pin-akrilik/PA-0000182.png,87398
Kaitin.aja,toko2,PIN AKRILIK,PA-0000183,varian,E:\Project\Mass upload shopee\foto-upload\toko2\pin-akrilik\PA-0000183.png,https://cdn.jsdelivr.net/gh/dennypa77/mass-upload@main/foto-upload/toko2/pin-akrilik/PA-0000183.png,80715
Kaitin.aja,toko2,PIN AKRILIK,PA-0000184,varian,E:\Project\Mass upload shopee\foto-upload\toko2\pin-akrilik\PA-0000184.png,https://cdn.jsdelivr.net/gh/dennypa77/mass-upload@main/foto-upload/toko2/pin-akrilik/PA-0000184.png,72662
Kaitin.aja,toko2,PIN AKRILIK,PA-0000185,varian,E:\Project\Mass upload shopee\foto-upload\toko2\pin-akrilik\PA-0000185.png,https://cdn.jsdelivr.net/gh/dennypa77/mass-upload@main/foto-upload/toko2/pin-akrilik/PA-0000185.png,69980
Kaitin.aja,toko2,PIN AKRILIK,PA-0000186,varian,E:\Project\Mass upload shopee\foto-upload\toko2\pin-akrilik\PA-0000186.png,https://cdn.jsdelivr.net/gh/dennypa77/mass-upload@main/foto-upload/toko2/pin-akrilik/PA-0000186.png,74047
Kaitin.aja,toko2,PIN AKRILIK,PA-0000187,varian,E:\Project\Mass upload shopee\foto-upload\toko2\pin-akrilik\PA-0000187.png,https://cdn.jsdelivr.net/gh/dennypa77/mass-upload@main/foto-upload/toko2/pin-akrilik/PA-0000187.png,73655
Kaitin.aja,toko2,PIN AKRILIK,PA-0000188,varian,E:\Project\Mass upload shopee\foto-upload\toko2\pin-akrilik\PA-0000188.png,https://cdn.jsdelivr.net/gh/dennypa77/mass-upload@main/foto-upload/toko2/pin-akrilik/PA-0000188.png,94252
Kaitin.aja,toko2,PIN AKRILIK,PA-0000189,varian,E:\Project\Mass upload shopee\foto-upload\toko2\pin-akrilik\PA-0000189.png,https://cdn.jsdelivr.net/gh/dennypa77/mass-upload@main/foto-upload/toko2/pin-akrilik/PA-0000189.png,67224
Kaitin.aja,toko2,PIN AKRILIK,PA-0000190,varian,E:\Project\Mass upload shopee\foto-upload\toko2\pin-akrilik\PA-0000190.png,https://cdn.jsdelivr.net/gh/dennypa77/mass-upload@main/foto-upload/toko2/pin-akrilik/PA-0000190.png,86671
Kaitin.aja,toko2,PIN AKRILIK,PA-0000191,varian,E:\Project\Mass upload shopee\foto-upload\toko2\pin-akrilik\PA-0000191.png,https://cdn.jsdelivr.net/gh/dennypa77/mass-upload@main/foto-upload/toko2/pin-akrilik/PA-0000191.png,53023
Kaitin.aja,toko2,PIN AKRILIK,PA-0000192,varian,E:\Project\Mass upload shopee\foto-upload\toko2\pin-akrilik\PA-0000192.png,https://cdn.jsdelivr.net/gh/dennypa77/mass-upload@main/foto-upload/toko2/pin-akrilik/PA-0000192.png,86847
Kaitin.aja,toko2,PIN AKRILIK,PA-0000193,varian,E:\Project\Mass upload shopee\foto-upload\toko2\pin-akrilik\PA-0000193.png,https://cdn.jsdelivr.net/gh/dennypa77/mass-upload@main/foto-upload/toko2/pin-akrilik/PA-0000193.png,98906
Kaitin.aja,toko2,PIN AKRILIK,PA-0000194,varian,E:\Project\Mass upload shopee\foto-upload\toko2\pin-akrilik\PA-0000194.png,https://cdn.jsdelivr.net/gh/dennypa77/mass-upload@main/foto-upload/toko2/pin-akrilik/PA-0000194.png,90852
Kaitin.aja,toko2,PIN AKRILIK,PA-0000195,varian,E:\Project\Mass upload shopee\foto-upload\toko2\pin-akrilik\PA-0000195.png,https://cdn.jsdelivr.net/gh/dennypa77/mass-upload@main/foto-upload/toko2/pin-akrilik/PA-0000195.png,101187
Kaitin.aja,toko2,PIN AKRILIK,PA-0000196,varian,E:\Project\Mass upload shopee\foto-upload\toko2\pin-akrilik\PA-0000196.png,https://cdn.jsdelivr.net/gh/dennypa77/mass-upload@main/foto-upload/toko2/pin-akrilik/PA-0000196.png,91812
Kaitin.aja,toko2,PIN AKRILIK,PA-0000197,varian,E:\Project\Mass upload shopee\foto-upload\toko2\pin-akrilik\PA-0000197.png,https://cdn.jsdelivr.net/gh/dennypa77/mass-upload@main/foto-upload/toko2/pin-akrilik/PA-0000197.png,66253
Kaitin.aja,toko2,PIN AKRILIK,PA-0000198,varian,E:\Project\Mass upload shopee\foto-upload\toko2\pin-akrilik\PA-0000198.png,https://cdn.jsdelivr.net/gh/dennypa77/mass-upload@main/foto-upload/toko2/pin-akrilik/PA-0000198.png,83071
Kaitin.aja,toko2,PIN AKRILIK,PA-0000199,varian,E:\Project\Mass upload shopee\foto-upload\toko2\pin-akrilik\PA-0000199.png,https://cdn.jsdelivr.net/gh/dennypa77/mass-upload@main/foto-upload/toko2/pin-akrilik/PA-0000199.png,81379
Kaitin.aja,toko2,PIN AKRILIK,PA-0000200,varian,E:\Project\Mass upload shopee\foto-upload\toko2\pin-akrilik\PA-0000200.png,https://cdn.jsdelivr.net/gh/dennypa77/mass-upload@main/foto-upload/toko2/pin-akrilik/PA-0000200.png,75773
Kaitin.aja,toko2,PIN AKRILIK,PA-0000201,varian,E:\Project\Mass upload shopee\foto-upload\toko2\pin-akrilik\PA-0000201.png,https://cdn.jsdelivr.net/gh/dennypa77/mass-upload@main/foto-upload/toko2/pin-akrilik/PA-0000201.png,591364
Kaitin.aja,toko2,PIN AKRILIK,PA-0000202,varian,E:\Project\Mass upload shopee\foto-upload\toko2\pin-akrilik\PA-0000202.png,https://cdn.jsdelivr.net/gh/dennypa77/mass-upload@main/foto-upload/toko2/pin-akrilik/PA-0000202.png,573490
Kaitin.aja,toko2,PIN AKRILIK,PA-0000203,varian,E:\Project\Mass upload shopee\foto-upload\toko2\pin-akrilik\PA-0000203.png,https://cdn.jsdelivr.net/gh/dennypa77/mass-upload@main/foto-upload/toko2/pin-akrilik/PA-0000203.png,542047
Kaitin.aja,toko2,PIN AKRILIK,PA-0000204,varian,E:\Project\Mass upload shopee\foto-upload\toko2\pin-akrilik\PA-0000204.png,https://cdn.jsdelivr.net/gh/dennypa77/mass-upload@main/foto-upload/toko2/pin-akrilik/PA-0000204.png,591106
Kaitin.aja,toko2,PIN AKRILIK,PA-0000205,varian,E:\Project\Mass upload shopee\foto-upload\toko2\pin-akrilik\PA-0000205.png,https://cdn.jsdelivr.net/gh/dennypa77/mass-upload@main/foto-upload/toko2/pin-akrilik/PA-0000205.png,587772
Kaitin.aja,toko2,PIN AKRILIK,PA-0000206,varian,E:\Project\Mass upload shopee\foto-upload\toko2\pin-akrilik\PA-0000206.png,https://cdn.jsdelivr.net/gh/dennypa77/mass-upload@main/foto-upload/toko2/pin-akrilik/PA-0000206.png,555462
Kaitin.aja,toko2,PIN AKRILIK,PA-0000207,varian,E:\Project\Mass upload shopee\foto-upload\toko2\pin-akrilik\PA-0000207.png,https://cdn.jsdelivr.net/gh/dennypa77/mass-upload@main/foto-upload/toko2/pin-akrilik/PA-0000207.png,548497
Kaitin.aja,toko2,PIN AKRILIK,PA-0000208,varian,E:\Project\Mass upload shopee\foto-upload\toko2\pin-akrilik\PA-0000208.png,https://cdn.jsdelivr.net/gh/dennypa77/mass-upload@main/foto-upload/toko2/pin-akrilik/PA-0000208.png,630020
Kaitin.aja,toko2,PIN AKRILIK,PA-0000209,varian,E:\Project\Mass upload shopee\foto-upload\toko2\pin-akrilik\PA-0000209.png,https://cdn.jsdelivr.net/gh/dennypa77/mass-upload@main/foto-upload/toko2/pin-akrilik/PA-0000209.png,587605
Kaitin.aja,toko2,PIN AKRILIK,PA-0000210,varian,E:\Project\Mass upload shopee\foto-upload\toko2\pin-akrilik\PA-0000210.png,https://cdn.jsdelivr.net/gh/dennypa77/mass-upload@main/foto-upload/toko2/pin-akrilik/PA-0000210.png,636562
Kaitin.aja,toko2,PIN AKRILIK,PA-0000211,varian,E:\Project\Mass upload shopee\foto-upload\toko2\pin-akrilik\PA-0000211.png,https://cdn.jsdelivr.net/gh/dennypa77/mass-upload@main/foto-upload/toko2/pin-akrilik/PA-0000211.png,542978
Kaitin.aja,toko2,PIN AKRILIK,PA-0000212,varian,E:\Project\Mass upload shopee\foto-upload\toko2\pin-akrilik\PA-0000212.png,https://cdn.jsdelivr.net/gh/dennypa77/mass-upload@main/foto-upload/toko2/pin-akrilik/PA-0000212.png,646563
Kaitin.aja,toko2,PIN AKRILIK,PA-0000213,varian,E:\Project\Mass upload shopee\foto-upload\toko2\pin-akrilik\PA-0000213.png,https://cdn.jsdelivr.net/gh/dennypa77/mass-upload@main/foto-upload/toko2/pin-akrilik/PA-0000213.png,514641
Kaitin.aja,toko2,PIN AKRILIK,PA-0000214,varian,E:\Project\Mass upload shopee\foto-upload\toko2\pin-akrilik\PA-0000214.png,https://cdn.jsdelivr.net/gh/dennypa77/mass-upload@main/foto-upload/toko2/pin-akrilik/PA-0000214.png,458238
Kaitin.aja,toko2,PIN AKRILIK,PA-0000215,varian,E:\Project\Mass upload shopee\foto-upload\toko2\pin-akrilik\PA-0000215.png,https://cdn.jsdelivr.net/gh/dennypa77/mass-upload@main/foto-upload/toko2/pin-akrilik/PA-0000215.png,699065
Kaitin.aja,toko2,PIN AKRILIK,PA-0000216,varian,E:\Project\Mass upload shopee\foto-upload\toko2\pin-akrilik\PA-0000216.png,https://cdn.jsdelivr.net/gh/dennypa77/mass-upload@main/foto-upload/toko2/pin-akrilik/PA-0000216.png,452947
Kaitin.aja,toko2,PIN AKRILIK,PA-0000217,varian,E:\Project\Mass upload shopee\foto-upload\toko2\pin-akrilik\PA-0000217.png,https://cdn.jsdelivr.net/gh/dennypa77/mass-upload@main/foto-upload/toko2/pin-akrilik/PA-0000217.png,533401
Kaitin.aja,toko2,PIN AKRILIK,PA-0000218,varian,E:\Project\Mass upload shopee\foto-upload\toko2\pin-akrilik\PA-0000218.png,https://cdn.jsdelivr.net/gh/dennypa77/mass-upload@main/foto-upload/toko2/pin-akrilik/PA-0000218.png,506332
Kaitin.aja,toko2,PIN AKRILIK,PA-0000219,varian,E:\Project\Mass upload shopee\foto-upload\toko2\pin-akrilik\PA-0000219.png,https://cdn.jsdelivr.net/gh/dennypa77/mass-upload@main/foto-upload/toko2/pin-akrilik/PA-0000219.png,513759
Kaitin.aja,toko2,PIN AKRILIK,PA-0000220,varian,E:\Project\Mass upload shopee\foto-upload\toko2\pin-akrilik\PA-0000220.png,https://cdn.jsdelivr.net/gh/dennypa77/mass-upload@main/foto-upload/toko2/pin-akrilik/PA-0000220.png,575003
Kaitin.aja,toko2,PIN AKRILIK,PA-0000221,varian,E:\Project\Mass upload shopee\foto-upload\toko2\pin-akrilik\PA-0000221.png,https://cdn.jsdelivr.net/gh/dennypa77/mass-upload@main/foto-upload/toko2/pin-akrilik/PA-0000221.png,383345
Kaitin.aja,toko2,PIN AKRILIK,PA-0000222,varian,E:\Project\Mass upload shopee\foto-upload\toko2\pin-akrilik\PA-0000222.png,https://cdn.jsdelivr.net/gh/dennypa77/mass-upload@main/foto-upload/toko2/pin-akrilik/PA-0000222.png,542603
Kaitin.aja,toko2,PIN AKRILIK,PA-0000223,varian,E:\Project\Mass upload shopee\foto-upload\toko2\pin-akrilik\PA-0000223.png,https://cdn.jsdelivr.net/gh/dennypa77/mass-upload@main/foto-upload/toko2/pin-akrilik/PA-0000223.png,630853
Kaitin.aja,toko2,PIN AKRILIK,PA-0000224,varian,E:\Project\Mass upload shopee\foto-upload\toko2\pin-akrilik\PA-0000224.png,https://cdn.jsdelivr.net/gh/dennypa77/mass-upload@main/foto-upload/toko2/pin-akrilik/PA-0000224.png,561960
Kaitin.aja,toko2,PIN AKRILIK,PA-0000225,varian,E:\Project\Mass upload shopee\foto-upload\toko2\pin-akrilik\PA-0000225.png,https://cdn.jsdelivr.net/gh/dennypa77/mass-upload@main/foto-upload/toko2/pin-akrilik/PA-0000225.png,553487
Kaitin.aja,toko2,PIN AKRILIK,PA-0000226,varian,E:\Project\Mass upload shopee\foto-upload\toko2\pin-akrilik\PA-0000226.png,https://cdn.jsdelivr.net/gh/dennypa77/mass-upload@main/foto-upload/toko2/pin-akrilik/PA-0000226.png,456933
Kaitin.aja,toko2,PIN AKRILIK,PA-0000227,varian,E:\Project\Mass upload shopee\foto-upload\toko2\pin-akrilik\PA-0000227.png,https://cdn.jsdelivr.net/gh/dennypa77/mass-upload@main/foto-upload/toko2/pin-akrilik/PA-0000227.png,484927
Kaitin.aja,toko2,PIN AKRILIK,PA-0000228,varian,E:\Project\Mass upload shopee\foto-upload\toko2\pin-akrilik\PA-0000228.png,https://cdn.jsdelivr.net/gh/dennypa77/mass-upload@main/foto-upload/toko2/pin-akrilik/PA-0000228.png,415690
Kaitin.aja,toko2,PIN AKRILIK,PA-0000229,varian,E:\Project\Mass upload shopee\foto-upload\toko2\pin-akrilik\PA-0000229.png,https://cdn.jsdelivr.net/gh/dennypa77/mass-upload@main/foto-upload/toko2/pin-akrilik/PA-0000229.png,681890
Kaitin.aja,toko2,PIN AKRILIK,PA-0000230,varian,E:\Project\Mass upload shopee\foto-upload\toko2\pin-akrilik\PA-0000230.png,https://cdn.jsdelivr.net/gh/dennypa77/mass-upload@main/foto-upload/toko2/pin-akrilik/PA-0000230.png,526589
Kaitin.aja,toko2,PIN AKRILIK,PA-0000231,varian,E:\Project\Mass upload shopee\foto-upload\toko2\pin-akrilik\PA-0000231.png,https://cdn.jsdelivr.net/gh/dennypa77/mass-upload@main/foto-upload/toko2/pin-akrilik/PA-0000231.png,413876
Kaitin.aja,toko2,PIN AKRILIK,PA-0000232,varian,E:\Project\Mass upload shopee\foto-upload\toko2\pin-akrilik\PA-0000232.png,https://cdn.jsdelivr.net/gh/dennypa77/mass-upload@main/foto-upload/toko2/pin-akrilik/PA-0000232.png,489346
Kaitin.aja,toko2,PIN AKRILIK,PA-0000233,varian,E:\Project\Mass upload shopee\foto-upload\toko2\pin-akrilik\PA-0000233.png,https://cdn.jsdelivr.net/gh/dennypa77/mass-upload@main/foto-upload/toko2/pin-akrilik/PA-0000233.png,497535
Kaitin.aja,toko2,PIN AKRILIK,PA-0000234,varian,E:\Project\Mass upload shopee\foto-upload\toko2\pin-akrilik\PA-0000234.png,https://cdn.jsdelivr.net/gh/dennypa77/mass-upload@main/foto-upload/toko2/pin-akrilik/PA-0000234.png,520945
Kaitin.aja,toko2,PIN AKRILIK,PA-0000235,varian,E:\Project\Mass upload shopee\foto-upload\toko2\pin-akrilik\PA-0000235.png,https://cdn.jsdelivr.net/gh/dennypa77/mass-upload@main/foto-upload/toko2/pin-akrilik/PA-0000235.png,503832
Kaitin.aja,toko2,PIN AKRILIK,PA-0000236,varian,E:\Project\Mass upload shopee\foto-upload\toko2\pin-akrilik\PA-0000236.png,https://cdn.jsdelivr.net/gh/dennypa77/mass-upload@main/foto-upload/toko2/pin-akrilik/PA-0000236.png,423903
Kaitin.aja,toko2,PIN AKRILIK,PA-0000237,varian,E:\Project\Mass upload shopee\foto-upload\toko2\pin-akrilik\PA-0000237.png,https://cdn.jsdelivr.net/gh/dennypa77/mass-upload@main/foto-upload/toko2/pin-akrilik/PA-0000237.png,435717
Kaitin.aja,toko2,PIN AKRILIK,PA-0000238,varian,E:\Project\Mass upload shopee\foto-upload\toko2\pin-akrilik\PA-0000238.png,https://cdn.jsdelivr.net/gh/dennypa77/mass-upload@main/foto-upload/toko2/pin-akrilik/PA-0000238.png,434805
Kaitin.aja,toko2,PIN AKRILIK,PA-0000239,varian,E:\Project\Mass upload shopee\foto-upload\toko2\pin-akrilik\PA-0000239.png,https://cdn.jsdelivr.net/gh/dennypa77/mass-upload@main/foto-upload/toko2/pin-akrilik/PA-0000239.png,506828
Kaitin.aja,toko2,PIN AKRILIK,PA-0000240,varian,E:\Project\Mass upload shopee\foto-upload\toko2\pin-akrilik\PA-0000240.png,https://cdn.jsdelivr.net/gh/dennypa77/mass-upload@main/foto-upload/toko2/pin-akrilik/PA-0000240.png,525934
Kaitin.aja,toko2,PIN AKRILIK,PA-0000241,varian,E:\Project\Mass upload shopee\foto-upload\toko2\pin-akrilik\PA-0000241.png,https://cdn.jsdelivr.net/gh/dennypa77/mass-upload@main/foto-upload/toko2/pin-akrilik/PA-0000241.png,533998
Kaitin.aja,toko2,PIN AKRILIK,PA-0000242,varian,E:\Project\Mass upload shopee\foto-upload\toko2\pin-akrilik\PA-0000242.png,https://cdn.jsdelivr.net/gh/dennypa77/mass-upload@main/foto-upload/toko2/pin-akrilik/PA-0000242.png,551305
Kaitin.aja,toko2,PIN AKRILIK,PA-0000243,varian,E:\Project\Mass upload shopee\foto-upload\toko2\pin-akrilik\PA-0000243.png,https://cdn.jsdelivr.net/gh/dennypa77/mass-upload@main/foto-upload/toko2/pin-akrilik/PA-0000243.png,526881
Kaitin.aja,toko2,PIN AKRILIK,PA-0000244,varian,E:\Project\Mass upload shopee\foto-upload\toko2\pin-akrilik\PA-0000244.png,https://cdn.jsdelivr.net/gh/dennypa77/mass-upload@main/foto-upload/toko2/pin-akrilik/PA-0000244.png,539675
Kaitin.aja,toko2,PIN AKRILIK,PA-0000245,varian,E:\Project\Mass upload shopee\foto-upload\toko2\pin-akrilik\PA-0000245.png,https://cdn.jsdelivr.net/gh/dennypa77/mass-upload@main/foto-upload/toko2/pin-akrilik/PA-0000245.png,498383
Kaitin.aja,toko2,PIN AKRILIK,PA-0000246,varian,E:\Project\Mass upload shopee\foto-upload\toko2\pin-akrilik\PA-0000246.png,https://cdn.jsdelivr.net/gh/dennypa77/mass-upload@main/foto-upload/toko2/pin-akrilik/PA-0000246.png,534719
Kaitin.aja,toko2,PIN AKRILIK,PA-0000247,varian,E:\Project\Mass upload shopee\foto-upload\toko2\pin-akrilik\PA-0000247.png,https://cdn.jsdelivr.net/gh/dennypa77/mass-upload@main/foto-upload/toko2/pin-akrilik/PA-0000247.png,536723
Kaitin.aja,toko2,PIN AKRILIK,PA-0000248,varian,E:\Project\Mass upload shopee\foto-upload\toko2\pin-akrilik\PA-0000248.png,https://cdn.jsdelivr.net/gh/dennypa77/mass-upload@main/foto-upload/toko2/pin-akrilik/PA-0000248.png,574624
Kaitin.aja,toko2,PIN AKRILIK,PA-0000249,varian,E:\Project\Mass upload shopee\foto-upload\toko2\pin-akrilik\PA-0000249.png,https://cdn.jsdelivr.net/gh/dennypa77/mass-upload@main/foto-upload/toko2/pin-akrilik/PA-0000249.png,408267
Kaitin.aja,toko2,PIN AKRILIK,PA-0000250,varian,E:\Project\Mass upload shopee\foto-upload\toko2\pin-akrilik\PA-0000250.png,https://cdn.jsdelivr.net/gh/dennypa77/mass-upload@main/foto-upload/toko2/pin-akrilik/PA-0000250.png,408917
Kaitin.aja,toko2,PIN AKRILIK,PA-BLACKPINK-UTAMA1,utama,E:\Project\Mass upload shopee\foto-upload\toko2\pin-akrilik\PA-BLACKPINK-utama1.png,https://cdn.jsdelivr.net/gh/dennypa77/mass-upload@main/foto-upload/toko2/pin-akrilik/PA-BLACKPINK-utama1.png,1762252
Kaitin.aja,toko2,PIN AKRILIK,PA-BLACKPINK-UTAMA2,utama,E:\Project\Mass upload shopee\foto-upload\toko2\pin-akrilik\PA-BLACKPINK-utama2.png,https://cdn.jsdelivr.net/gh/dennypa77/mass-upload@main/foto-upload/toko2/pin-akrilik/PA-BLACKPINK-utama2.png,506838
Kaitin.aja,toko2,PIN AKRILIK,PA-BLACKPINK-UTAMA3,utama,E:\Project\Mass upload shopee\foto-upload\toko2\pin-akrilik\PA-BLACKPINK-utama3.png,https://cdn.jsdelivr.net/gh/dennypa77/mass-upload@main/foto-upload/toko2/pin-akrilik/PA-BLACKPINK-utama3.png,1631016
Kaitin.aja,toko2,PIN AKRILIK,PA-BTS-UTAMA1,utama,E:\Project\Mass upload shopee\foto-upload\toko2\pin-akrilik\PA-BTS-utama1.png,https://cdn.jsdelivr.net/gh/dennypa77/mass-upload@main/foto-upload/toko2/pin-akrilik/PA-BTS-utama1.png,1544767
Kaitin.aja,toko2,PIN AKRILIK,PA-BTS-UTAMA2,utama,E:\Project\Mass upload shopee\foto-upload\toko2\pin-akrilik\PA-BTS-utama2.png,https://cdn.jsdelivr.net/gh/dennypa77/mass-upload@main/foto-upload/toko2/pin-akrilik/PA-BTS-utama2.png,394992
Kaitin.aja,toko2,PIN AKRILIK,PA-BTS-UTAMA3,utama,E:\Project\Mass upload shopee\foto-upload\toko2\pin-akrilik\PA-BTS-utama3.png,https://cdn.jsdelivr.net/gh/dennypa77/mass-upload@main/foto-upload/toko2/pin-akrilik/PA-BTS-utama3.png,1613161
Kaitin.aja,toko2,PIN AKRILIK,PA-CORTIS-UTAMA1,utama,E:\Project\Mass upload shopee\foto-upload\toko2\pin-akrilik\PA-CORTIS-utama1.png,https://cdn.jsdelivr.net/gh/dennypa77/mass-upload@main/foto-upload/toko2/pin-akrilik/PA-CORTIS-utama1.png,1644897
Kaitin.aja,toko2,PIN AKRILIK,PA-CORTIS-UTAMA2,utama,E:\Project\Mass upload shopee\foto-upload\toko2\pin-akrilik\PA-CORTIS-utama2.png,https://cdn.jsdelivr.net/gh/dennypa77/mass-upload@main/foto-upload/toko2/pin-akrilik/PA-CORTIS-utama2.png,741545
Kaitin.aja,toko2,PIN AKRILIK,PA-CORTIS-UTAMA3,utama,E:\Project\Mass upload shopee\foto-upload\toko2\pin-akrilik\PA-CORTIS-utama3.png,https://cdn.jsdelivr.net/gh/dennypa77/mass-upload@main/foto-upload/toko2/pin-akrilik/PA-CORTIS-utama3.png,1862772
Kaitin.aja,toko2,PIN AKRILIK,PA-HEARTS2HEARTS-UTAMA1,utama,E:\Project\Mass upload shopee\foto-upload\toko2\pin-akrilik\PA-HEARTS2HEARTS-utama1.png,https://cdn.jsdelivr.net/gh/dennypa77/mass-upload@main/foto-upload/toko2/pin-akrilik/PA-HEARTS2HEARTS-utama1.png,1683518
Kaitin.aja,toko2,PIN AKRILIK,PA-HEARTS2HEARTS-UTAMA2,utama,E:\Project\Mass upload shopee\foto-upload\toko2\pin-akrilik\PA-HEARTS2HEARTS-utama2.png,https://cdn.jsdelivr.net/gh/dennypa77/mass-upload@main/foto-upload/toko2/pin-akrilik/PA-HEARTS2HEARTS-utama2.png,907941
Kaitin.aja,toko2,PIN AKRILIK,PA-HEARTS2HEARTS-UTAMA3,utama,E:\Project\Mass upload shopee\foto-upload\toko2\pin-akrilik\PA-HEARTS2HEARTS-utama3.png,https://cdn.jsdelivr.net/gh/dennypa77/mass-upload@main/foto-upload/toko2/pin-akrilik/PA-HEARTS2HEARTS-utama3.png,1166064
Kaitin.aja,toko2,PIN BUTTON,PB-0000001,varian,E:\Project\Mass upload shopee\foto-upload\toko2\pin-button\PB-0000001.png,https://cdn.jsdelivr.net/gh/dennypa77/mass-upload@main/foto-upload/toko2/pin-button/PB-0000001.png,359333
Kaitin.aja,toko2,PIN BUTTON,PB-0000002,varian,E:\Project\Mass upload shopee\foto-upload\toko2\pin-button\PB-0000002.png,https://cdn.jsdelivr.net/gh/dennypa77/mass-upload@main/foto-upload/toko2/pin-button/PB-0000002.png,338795
Kaitin.aja,toko2,PIN BUTTON,PB-0000003,varian,E:\Project\Mass upload shopee\foto-upload\toko2\pin-button\PB-0000003.png,https://cdn.jsdelivr.net/gh/dennypa77/mass-upload@main/foto-upload/toko2/pin-button/PB-0000003.png,320990
Kaitin.aja,toko2,PIN BUTTON,PB-0000004,varian,E:\Project\Mass upload shopee\foto-upload\toko2\pin-button\PB-0000004.png,https://cdn.jsdelivr.net/gh/dennypa77/mass-upload@main/foto-upload/toko2/pin-button/PB-0000004.png,304667
Kaitin.aja,toko2,PIN BUTTON,PB-0000005,varian,E:\Project\Mass upload shopee\foto-upload\toko2\pin-button\PB-0000005.png,https://cdn.jsdelivr.net/gh/dennypa77/mass-upload@main/foto-upload/toko2/pin-button/PB-0000005.png,353659
Kaitin.aja,toko2,PIN BUTTON,PB-0000006,varian,E:\Project\Mass upload shopee\foto-upload\toko2\pin-button\PB-0000006.png,https://cdn.jsdelivr.net/gh/dennypa77/mass-upload@main/foto-upload/toko2/pin-button/PB-0000006.png,400854
Kaitin.aja,toko2,PIN BUTTON,PB-0000007,varian,E:\Project\Mass upload shopee\foto-upload\toko2\pin-button\PB-0000007.png,https://cdn.jsdelivr.net/gh/dennypa77/mass-upload@main/foto-upload/toko2/pin-button/PB-0000007.png,339915
Kaitin.aja,toko2,PIN BUTTON,PB-0000008,varian,E:\Project\Mass upload shopee\foto-upload\toko2\pin-button\PB-0000008.png,https://cdn.jsdelivr.net/gh/dennypa77/mass-upload@main/foto-upload/toko2/pin-button/PB-0000008.png,342972
Kaitin.aja,toko2,PIN BUTTON,PB-0000009,varian,E:\Project\Mass upload shopee\foto-upload\toko2\pin-button\PB-0000009.png,https://cdn.jsdelivr.net/gh/dennypa77/mass-upload@main/foto-upload/toko2/pin-button/PB-0000009.png,359741
Kaitin.aja,toko2,PIN BUTTON,PB-0000010,varian,E:\Project\Mass upload shopee\foto-upload\toko2\pin-button\PB-0000010.png,https://cdn.jsdelivr.net/gh/dennypa77/mass-upload@main/foto-upload/toko2/pin-button/PB-0000010.png,338659
Kaitin.aja,toko2,PIN BUTTON,PB-0000011,varian,E:\Project\Mass upload shopee\foto-upload\toko2\pin-button\PB-0000011.png,https://cdn.jsdelivr.net/gh/dennypa77/mass-upload@main/foto-upload/toko2/pin-button/PB-0000011.png,339360
Kaitin.aja,toko2,PIN BUTTON,PB-0000012,varian,E:\Project\Mass upload shopee\foto-upload\toko2\pin-button\PB-0000012.png,https://cdn.jsdelivr.net/gh/dennypa77/mass-upload@main/foto-upload/toko2/pin-button/PB-0000012.png,330909
Kaitin.aja,toko2,PIN BUTTON,PB-0000013,varian,E:\Project\Mass upload shopee\foto-upload\toko2\pin-button\PB-0000013.png,https://cdn.jsdelivr.net/gh/dennypa77/mass-upload@main/foto-upload/toko2/pin-button/PB-0000013.png,280570
Kaitin.aja,toko2,PIN BUTTON,PB-0000014,varian,E:\Project\Mass upload shopee\foto-upload\toko2\pin-button\PB-0000014.png,https://cdn.jsdelivr.net/gh/dennypa77/mass-upload@main/foto-upload/toko2/pin-button/PB-0000014.png,274026
Kaitin.aja,toko2,PIN BUTTON,PB-0000015,varian,E:\Project\Mass upload shopee\foto-upload\toko2\pin-button\PB-0000015.png,https://cdn.jsdelivr.net/gh/dennypa77/mass-upload@main/foto-upload/toko2/pin-button/PB-0000015.png,357584
Kaitin.aja,toko2,PIN BUTTON,PB-0000016,varian,E:\Project\Mass upload shopee\foto-upload\toko2\pin-button\PB-0000016.png,https://cdn.jsdelivr.net/gh/dennypa77/mass-upload@main/foto-upload/toko2/pin-button/PB-0000016.png,329787
Kaitin.aja,toko2,PIN BUTTON,PB-0000017,varian,E:\Project\Mass upload shopee\foto-upload\toko2\pin-button\PB-0000017.png,https://cdn.jsdelivr.net/gh/dennypa77/mass-upload@main/foto-upload/toko2/pin-button/PB-0000017.png,293821
Kaitin.aja,toko2,PIN BUTTON,PB-0000018,varian,E:\Project\Mass upload shopee\foto-upload\toko2\pin-button\PB-0000018.png,https://cdn.jsdelivr.net/gh/dennypa77/mass-upload@main/foto-upload/toko2/pin-button/PB-0000018.png,334325
Kaitin.aja,toko2,PIN BUTTON,PB-0000019,varian,E:\Project\Mass upload shopee\foto-upload\toko2\pin-button\PB-0000019.png,https://cdn.jsdelivr.net/gh/dennypa77/mass-upload@main/foto-upload/toko2/pin-button/PB-0000019.png,332655
Kaitin.aja,toko2,PIN BUTTON,PB-0000020,varian,E:\Project\Mass upload shopee\foto-upload\toko2\pin-button\PB-0000020.png,https://cdn.jsdelivr.net/gh/dennypa77/mass-upload@main/foto-upload/toko2/pin-button/PB-0000020.png,343312
Kaitin.aja,toko2,PIN BUTTON,PB-0000021,varian,E:\Project\Mass upload shopee\foto-upload\toko2\pin-button\PB-0000021.png,https://cdn.jsdelivr.net/gh/dennypa77/mass-upload@main/foto-upload/toko2/pin-button/PB-0000021.png,370268
Kaitin.aja,toko2,PIN BUTTON,PB-0000022,varian,E:\Project\Mass upload shopee\foto-upload\toko2\pin-button\PB-0000022.png,https://cdn.jsdelivr.net/gh/dennypa77/mass-upload@main/foto-upload/toko2/pin-button/PB-0000022.png,379825
Kaitin.aja,toko2,PIN BUTTON,PB-0000023,varian,E:\Project\Mass upload shopee\foto-upload\toko2\pin-button\PB-0000023.png,https://cdn.jsdelivr.net/gh/dennypa77/mass-upload@main/foto-upload/toko2/pin-button/PB-0000023.png,311030
Kaitin.aja,toko2,PIN BUTTON,PB-0000024,varian,E:\Project\Mass upload shopee\foto-upload\toko2\pin-button\PB-0000024.png,https://cdn.jsdelivr.net/gh/dennypa77/mass-upload@main/foto-upload/toko2/pin-button/PB-0000024.png,336147
Kaitin.aja,toko2,PIN BUTTON,PB-0000025,varian,E:\Project\Mass upload shopee\foto-upload\toko2\pin-button\PB-0000025.png,https://cdn.jsdelivr.net/gh/dennypa77/mass-upload@main/foto-upload/toko2/pin-button/PB-0000025.png,352983
Kaitin.aja,toko2,PIN BUTTON,PB-0000026,varian,E:\Project\Mass upload shopee\foto-upload\toko2\pin-button\PB-0000026.png,https://cdn.jsdelivr.net/gh/dennypa77/mass-upload@main/foto-upload/toko2/pin-button/PB-0000026.png,353677
Kaitin.aja,toko2,PIN BUTTON,PB-0000027,varian,E:\Project\Mass upload shopee\foto-upload\toko2\pin-button\PB-0000027.png,https://cdn.jsdelivr.net/gh/dennypa77/mass-upload@main/foto-upload/toko2/pin-button/PB-0000027.png,328298
Kaitin.aja,toko2,PIN BUTTON,PB-0000028,varian,E:\Project\Mass upload shopee\foto-upload\toko2\pin-button\PB-0000028.png,https://cdn.jsdelivr.net/gh/dennypa77/mass-upload@main/foto-upload/toko2/pin-button/PB-0000028.png,342245
Kaitin.aja,toko2,PIN BUTTON,PB-0000029,varian,E:\Project\Mass upload shopee\foto-upload\toko2\pin-button\PB-0000029.png,https://cdn.jsdelivr.net/gh/dennypa77/mass-upload@main/foto-upload/toko2/pin-button/PB-0000029.png,324706
Kaitin.aja,toko2,PIN BUTTON,PB-0000030,varian,E:\Project\Mass upload shopee\foto-upload\toko2\pin-button\PB-0000030.png,https://cdn.jsdelivr.net/gh/dennypa77/mass-upload@main/foto-upload/toko2/pin-button/PB-0000030.png,333301
Kaitin.aja,toko2,PIN BUTTON,PB-0000031,varian,E:\Project\Mass upload shopee\foto-upload\toko2\pin-button\PB-0000031.png,https://cdn.jsdelivr.net/gh/dennypa77/mass-upload@main/foto-upload/toko2/pin-button/PB-0000031.png,338300
Kaitin.aja,toko2,PIN BUTTON,PB-0000032,varian,E:\Project\Mass upload shopee\foto-upload\toko2\pin-button\PB-0000032.png,https://cdn.jsdelivr.net/gh/dennypa77/mass-upload@main/foto-upload/toko2/pin-button/PB-0000032.png,381958
Kaitin.aja,toko2,PIN BUTTON,PB-0000033,varian,E:\Project\Mass upload shopee\foto-upload\toko2\pin-button\PB-0000033.png,https://cdn.jsdelivr.net/gh/dennypa77/mass-upload@main/foto-upload/toko2/pin-button/PB-0000033.png,270219
Kaitin.aja,toko2,PIN BUTTON,PB-0000034,varian,E:\Project\Mass upload shopee\foto-upload\toko2\pin-button\PB-0000034.png,https://cdn.jsdelivr.net/gh/dennypa77/mass-upload@main/foto-upload/toko2/pin-button/PB-0000034.png,385266
Kaitin.aja,toko2,PIN BUTTON,PB-0000035,varian,E:\Project\Mass upload shopee\foto-upload\toko2\pin-button\PB-0000035.png,https://cdn.jsdelivr.net/gh/dennypa77/mass-upload@main/foto-upload/toko2/pin-button/PB-0000035.png,386267
Kaitin.aja,toko2,PIN BUTTON,PB-0000036,varian,E:\Project\Mass upload shopee\foto-upload\toko2\pin-button\PB-0000036.png,https://cdn.jsdelivr.net/gh/dennypa77/mass-upload@main/foto-upload/toko2/pin-button/PB-0000036.png,352611
Kaitin.aja,toko2,PIN BUTTON,PB-0000037,varian,E:\Project\Mass upload shopee\foto-upload\toko2\pin-button\PB-0000037.png,https://cdn.jsdelivr.net/gh/dennypa77/mass-upload@main/foto-upload/toko2/pin-button/PB-0000037.png,353464
Kaitin.aja,toko2,PIN BUTTON,PB-0000038,varian,E:\Project\Mass upload shopee\foto-upload\toko2\pin-button\PB-0000038.png,https://cdn.jsdelivr.net/gh/dennypa77/mass-upload@main/foto-upload/toko2/pin-button/PB-0000038.png,341028
Kaitin.aja,toko2,PIN BUTTON,PB-0000039,varian,E:\Project\Mass upload shopee\foto-upload\toko2\pin-button\PB-0000039.png,https://cdn.jsdelivr.net/gh/dennypa77/mass-upload@main/foto-upload/toko2/pin-button/PB-0000039.png,359833
Kaitin.aja,toko2,PIN BUTTON,PB-0000040,varian,E:\Project\Mass upload shopee\foto-upload\toko2\pin-button\PB-0000040.png,https://cdn.jsdelivr.net/gh/dennypa77/mass-upload@main/foto-upload/toko2/pin-button/PB-0000040.png,323542
Kaitin.aja,toko2,PIN BUTTON,PB-0000041,varian,E:\Project\Mass upload shopee\foto-upload\toko2\pin-button\PB-0000041.png,https://cdn.jsdelivr.net/gh/dennypa77/mass-upload@main/foto-upload/toko2/pin-button/PB-0000041.png,371565
Kaitin.aja,toko2,PIN BUTTON,PB-0000042,varian,E:\Project\Mass upload shopee\foto-upload\toko2\pin-button\PB-0000042.png,https://cdn.jsdelivr.net/gh/dennypa77/mass-upload@main/foto-upload/toko2/pin-button/PB-0000042.png,403516
Kaitin.aja,toko2,PIN BUTTON,PB-0000043,varian,E:\Project\Mass upload shopee\foto-upload\toko2\pin-button\PB-0000043.png,https://cdn.jsdelivr.net/gh/dennypa77/mass-upload@main/foto-upload/toko2/pin-button/PB-0000043.png,388131
Kaitin.aja,toko2,PIN BUTTON,PB-0000044,varian,E:\Project\Mass upload shopee\foto-upload\toko2\pin-button\PB-0000044.png,https://cdn.jsdelivr.net/gh/dennypa77/mass-upload@main/foto-upload/toko2/pin-button/PB-0000044.png,300656
Kaitin.aja,toko2,PIN BUTTON,PB-0000045,varian,E:\Project\Mass upload shopee\foto-upload\toko2\pin-button\PB-0000045.png,https://cdn.jsdelivr.net/gh/dennypa77/mass-upload@main/foto-upload/toko2/pin-button/PB-0000045.png,353854
Kaitin.aja,toko2,PIN BUTTON,PB-0000046,varian,E:\Project\Mass upload shopee\foto-upload\toko2\pin-button\PB-0000046.png,https://cdn.jsdelivr.net/gh/dennypa77/mass-upload@main/foto-upload/toko2/pin-button/PB-0000046.png,343620
Kaitin.aja,toko2,PIN BUTTON,PB-0000047,varian,E:\Project\Mass upload shopee\foto-upload\toko2\pin-button\PB-0000047.png,https://cdn.jsdelivr.net/gh/dennypa77/mass-upload@main/foto-upload/toko2/pin-button/PB-0000047.png,305997
Kaitin.aja,toko2,PIN BUTTON,PB-0000048,varian,E:\Project\Mass upload shopee\foto-upload\toko2\pin-button\PB-0000048.png,https://cdn.jsdelivr.net/gh/dennypa77/mass-upload@main/foto-upload/toko2/pin-button/PB-0000048.png,375283
Kaitin.aja,toko2,PIN BUTTON,PB-0000049,varian,E:\Project\Mass upload shopee\foto-upload\toko2\pin-button\PB-0000049.png,https://cdn.jsdelivr.net/gh/dennypa77/mass-upload@main/foto-upload/toko2/pin-button/PB-0000049.png,368456
Kaitin.aja,toko2,PIN BUTTON,PB-0000050,varian,E:\Project\Mass upload shopee\foto-upload\toko2\pin-button\PB-0000050.png,https://cdn.jsdelivr.net/gh/dennypa77/mass-upload@main/foto-upload/toko2/pin-button/PB-0000050.png,375105
Kaitin.aja,toko2,PIN BUTTON,PB-0000051,varian,E:\Project\Mass upload shopee\foto-upload\toko2\pin-button\PB-0000051.png,https://cdn.jsdelivr.net/gh/dennypa77/mass-upload@main/foto-upload/toko2/pin-button/PB-0000051.png,376242
Kaitin.aja,toko2,PIN BUTTON,PB-0000052,varian,E:\Project\Mass upload shopee\foto-upload\toko2\pin-button\PB-0000052.png,https://cdn.jsdelivr.net/gh/dennypa77/mass-upload@main/foto-upload/toko2/pin-button/PB-0000052.png,311425
Kaitin.aja,toko2,PIN BUTTON,PB-0000053,varian,E:\Project\Mass upload shopee\foto-upload\toko2\pin-button\PB-0000053.png,https://cdn.jsdelivr.net/gh/dennypa77/mass-upload@main/foto-upload/toko2/pin-button/PB-0000053.png,319967
Kaitin.aja,toko2,PIN BUTTON,PB-0000054,varian,E:\Project\Mass upload shopee\foto-upload\toko2\pin-button\PB-0000054.png,https://cdn.jsdelivr.net/gh/dennypa77/mass-upload@main/foto-upload/toko2/pin-button/PB-0000054.png,304625
Kaitin.aja,toko2,PIN BUTTON,PB-0000055,varian,E:\Project\Mass upload shopee\foto-upload\toko2\pin-button\PB-0000055.png,https://cdn.jsdelivr.net/gh/dennypa77/mass-upload@main/foto-upload/toko2/pin-button/PB-0000055.png,319939
Kaitin.aja,toko2,PIN BUTTON,PB-0000056,varian,E:\Project\Mass upload shopee\foto-upload\toko2\pin-button\PB-0000056.png,https://cdn.jsdelivr.net/gh/dennypa77/mass-upload@main/foto-upload/toko2/pin-button/PB-0000056.png,305139
Kaitin.aja,toko2,PIN BUTTON,PB-0000057,varian,E:\Project\Mass upload shopee\foto-upload\toko2\pin-button\PB-0000057.png,https://cdn.jsdelivr.net/gh/dennypa77/mass-upload@main/foto-upload/toko2/pin-button/PB-0000057.png,310780
Kaitin.aja,toko2,PIN BUTTON,PB-0000058,varian,E:\Project\Mass upload shopee\foto-upload\toko2\pin-button\PB-0000058.png,https://cdn.jsdelivr.net/gh/dennypa77/mass-upload@main/foto-upload/toko2/pin-button/PB-0000058.png,301393
Kaitin.aja,toko2,PIN BUTTON,PB-0000059,varian,E:\Project\Mass upload shopee\foto-upload\toko2\pin-button\PB-0000059.png,https://cdn.jsdelivr.net/gh/dennypa77/mass-upload@main/foto-upload/toko2/pin-button/PB-0000059.png,296002
Kaitin.aja,toko2,PIN BUTTON,PB-0000060,varian,E:\Project\Mass upload shopee\foto-upload\toko2\pin-button\PB-0000060.png,https://cdn.jsdelivr.net/gh/dennypa77/mass-upload@main/foto-upload/toko2/pin-button/PB-0000060.png,367875
Kaitin.aja,toko2,PIN BUTTON,PB-0000061,varian,E:\Project\Mass upload shopee\foto-upload\toko2\pin-button\PB-0000061.png,https://cdn.jsdelivr.net/gh/dennypa77/mass-upload@main/foto-upload/toko2/pin-button/PB-0000061.png,300558
Kaitin.aja,toko2,PIN BUTTON,PB-0000062,varian,E:\Project\Mass upload shopee\foto-upload\toko2\pin-button\PB-0000062.png,https://cdn.jsdelivr.net/gh/dennypa77/mass-upload@main/foto-upload/toko2/pin-button/PB-0000062.png,370724
Kaitin.aja,toko2,PIN BUTTON,PB-0000063,varian,E:\Project\Mass upload shopee\foto-upload\toko2\pin-button\PB-0000063.png,https://cdn.jsdelivr.net/gh/dennypa77/mass-upload@main/foto-upload/toko2/pin-button/PB-0000063.png,345502
Kaitin.aja,toko2,PIN BUTTON,PB-0000064,varian,E:\Project\Mass upload shopee\foto-upload\toko2\pin-button\PB-0000064.png,https://cdn.jsdelivr.net/gh/dennypa77/mass-upload@main/foto-upload/toko2/pin-button/PB-0000064.png,321479
Kaitin.aja,toko2,PIN BUTTON,PB-0000065,varian,E:\Project\Mass upload shopee\foto-upload\toko2\pin-button\PB-0000065.png,https://cdn.jsdelivr.net/gh/dennypa77/mass-upload@main/foto-upload/toko2/pin-button/PB-0000065.png,338297
Kaitin.aja,toko2,PIN BUTTON,PB-0000066,varian,E:\Project\Mass upload shopee\foto-upload\toko2\pin-button\PB-0000066.png,https://cdn.jsdelivr.net/gh/dennypa77/mass-upload@main/foto-upload/toko2/pin-button/PB-0000066.png,314436
Kaitin.aja,toko2,PIN BUTTON,PB-0000067,varian,E:\Project\Mass upload shopee\foto-upload\toko2\pin-button\PB-0000067.png,https://cdn.jsdelivr.net/gh/dennypa77/mass-upload@main/foto-upload/toko2/pin-button/PB-0000067.png,316515
Kaitin.aja,toko2,PIN BUTTON,PB-0000068,varian,E:\Project\Mass upload shopee\foto-upload\toko2\pin-button\PB-0000068.png,https://cdn.jsdelivr.net/gh/dennypa77/mass-upload@main/foto-upload/toko2/pin-button/PB-0000068.png,311695
Kaitin.aja,toko2,PIN BUTTON,PB-0000069,varian,E:\Project\Mass upload shopee\foto-upload\toko2\pin-button\PB-0000069.png,https://cdn.jsdelivr.net/gh/dennypa77/mass-upload@main/foto-upload/toko2/pin-button/PB-0000069.png,323710
Kaitin.aja,toko2,PIN BUTTON,PB-0000070,varian,E:\Project\Mass upload shopee\foto-upload\toko2\pin-button\PB-0000070.png,https://cdn.jsdelivr.net/gh/dennypa77/mass-upload@main/foto-upload/toko2/pin-button/PB-0000070.png,345655
Kaitin.aja,toko2,PIN BUTTON,PB-0000071,varian,E:\Project\Mass upload shopee\foto-upload\toko2\pin-button\PB-0000071.png,https://cdn.jsdelivr.net/gh/dennypa77/mass-upload@main/foto-upload/toko2/pin-button/PB-0000071.png,252665
Kaitin.aja,toko2,PIN BUTTON,PB-0000072,varian,E:\Project\Mass upload shopee\foto-upload\toko2\pin-button\PB-0000072.png,https://cdn.jsdelivr.net/gh/dennypa77/mass-upload@main/foto-upload/toko2/pin-button/PB-0000072.png,301798
Kaitin.aja,toko2,PIN BUTTON,PB-0000073,varian,E:\Project\Mass upload shopee\foto-upload\toko2\pin-button\PB-0000073.png,https://cdn.jsdelivr.net/gh/dennypa77/mass-upload@main/foto-upload/toko2/pin-button/PB-0000073.png,264441
Kaitin.aja,toko2,PIN BUTTON,PB-0000074,varian,E:\Project\Mass upload shopee\foto-upload\toko2\pin-button\PB-0000074.png,https://cdn.jsdelivr.net/gh/dennypa77/mass-upload@main/foto-upload/toko2/pin-button/PB-0000074.png,228679
Kaitin.aja,toko2,PIN BUTTON,PB-0000075,varian,E:\Project\Mass upload shopee\foto-upload\toko2\pin-button\PB-0000075.png,https://cdn.jsdelivr.net/gh/dennypa77/mass-upload@main/foto-upload/toko2/pin-button/PB-0000075.png,291053
Kaitin.aja,toko2,PIN BUTTON,PB-0000076,varian,E:\Project\Mass upload shopee\foto-upload\toko2\pin-button\PB-0000076.png,https://cdn.jsdelivr.net/gh/dennypa77/mass-upload@main/foto-upload/toko2/pin-button/PB-0000076.png,257895
Kaitin.aja,toko2,PIN BUTTON,PB-0000077,varian,E:\Project\Mass upload shopee\foto-upload\toko2\pin-button\PB-0000077.png,https://cdn.jsdelivr.net/gh/dennypa77/mass-upload@main/foto-upload/toko2/pin-button/PB-0000077.png,293424
Kaitin.aja,toko2,PIN BUTTON,PB-0000078,varian,E:\Project\Mass upload shopee\foto-upload\toko2\pin-button\PB-0000078.png,https://cdn.jsdelivr.net/gh/dennypa77/mass-upload@main/foto-upload/toko2/pin-button/PB-0000078.png,337120
Kaitin.aja,toko2,PIN BUTTON,PB-0000079,varian,E:\Project\Mass upload shopee\foto-upload\toko2\pin-button\PB-0000079.png,https://cdn.jsdelivr.net/gh/dennypa77/mass-upload@main/foto-upload/toko2/pin-button/PB-0000079.png,324549
Kaitin.aja,toko2,PIN BUTTON,PB-0000080,varian,E:\Project\Mass upload shopee\foto-upload\toko2\pin-button\PB-0000080.png,https://cdn.jsdelivr.net/gh/dennypa77/mass-upload@main/foto-upload/toko2/pin-button/PB-0000080.png,300904
Kaitin.aja,toko2,PIN BUTTON,PB-0000081,varian,E:\Project\Mass upload shopee\foto-upload\toko2\pin-button\PB-0000081.png,https://cdn.jsdelivr.net/gh/dennypa77/mass-upload@main/foto-upload/toko2/pin-button/PB-0000081.png,239830
Kaitin.aja,toko2,PIN BUTTON,PB-0000082,varian,E:\Project\Mass upload shopee\foto-upload\toko2\pin-button\PB-0000082.png,https://cdn.jsdelivr.net/gh/dennypa77/mass-upload@main/foto-upload/toko2/pin-button/PB-0000082.png,345478
Kaitin.aja,toko2,PIN BUTTON,PB-0000083,varian,E:\Project\Mass upload shopee\foto-upload\toko2\pin-button\PB-0000083.png,https://cdn.jsdelivr.net/gh/dennypa77/mass-upload@main/foto-upload/toko2/pin-button/PB-0000083.png,320541
Kaitin.aja,toko2,PIN BUTTON,PB-0000084,varian,E:\Project\Mass upload shopee\foto-upload\toko2\pin-button\PB-0000084.png,https://cdn.jsdelivr.net/gh/dennypa77/mass-upload@main/foto-upload/toko2/pin-button/PB-0000084.png,266206
Kaitin.aja,toko2,PIN BUTTON,PB-0000085,varian,E:\Project\Mass upload shopee\foto-upload\toko2\pin-button\PB-0000085.png,https://cdn.jsdelivr.net/gh/dennypa77/mass-upload@main/foto-upload/toko2/pin-button/PB-0000085.png,270455
Kaitin.aja,toko2,PIN BUTTON,PB-0000086,varian,E:\Project\Mass upload shopee\foto-upload\toko2\pin-button\PB-0000086.png,https://cdn.jsdelivr.net/gh/dennypa77/mass-upload@main/foto-upload/toko2/pin-button/PB-0000086.png,267077
Kaitin.aja,toko2,PIN BUTTON,PB-0000087,varian,E:\Project\Mass upload shopee\foto-upload\toko2\pin-button\PB-0000087.png,https://cdn.jsdelivr.net/gh/dennypa77/mass-upload@main/foto-upload/toko2/pin-button/PB-0000087.png,245147
Kaitin.aja,toko2,PIN BUTTON,PB-0000088,varian,E:\Project\Mass upload shopee\foto-upload\toko2\pin-button\PB-0000088.png,https://cdn.jsdelivr.net/gh/dennypa77/mass-upload@main/foto-upload/toko2/pin-button/PB-0000088.png,325439
Kaitin.aja,toko2,PIN BUTTON,PB-0000089,varian,E:\Project\Mass upload shopee\foto-upload\toko2\pin-button\PB-0000089.png,https://cdn.jsdelivr.net/gh/dennypa77/mass-upload@main/foto-upload/toko2/pin-button/PB-0000089.png,301705
Kaitin.aja,toko2,PIN BUTTON,PB-0000090,varian,E:\Project\Mass upload shopee\foto-upload\toko2\pin-button\PB-0000090.png,https://cdn.jsdelivr.net/gh/dennypa77/mass-upload@main/foto-upload/toko2/pin-button/PB-0000090.png,252079
Kaitin.aja,toko2,PIN BUTTON,PB-0000091,varian,E:\Project\Mass upload shopee\foto-upload\toko2\pin-button\PB-0000091.png,https://cdn.jsdelivr.net/gh/dennypa77/mass-upload@main/foto-upload/toko2/pin-button/PB-0000091.png,272741
Kaitin.aja,toko2,PIN BUTTON,PB-0000092,varian,E:\Project\Mass upload shopee\foto-upload\toko2\pin-button\PB-0000092.png,https://cdn.jsdelivr.net/gh/dennypa77/mass-upload@main/foto-upload/toko2/pin-button/PB-0000092.png,315082
Kaitin.aja,toko2,PIN BUTTON,PB-0000093,varian,E:\Project\Mass upload shopee\foto-upload\toko2\pin-button\PB-0000093.png,https://cdn.jsdelivr.net/gh/dennypa77/mass-upload@main/foto-upload/toko2/pin-button/PB-0000093.png,325933
Kaitin.aja,toko2,PIN BUTTON,PB-0000094,varian,E:\Project\Mass upload shopee\foto-upload\toko2\pin-button\PB-0000094.png,https://cdn.jsdelivr.net/gh/dennypa77/mass-upload@main/foto-upload/toko2/pin-button/PB-0000094.png,371185
Kaitin.aja,toko2,PIN BUTTON,PB-0000095,varian,E:\Project\Mass upload shopee\foto-upload\toko2\pin-button\PB-0000095.png,https://cdn.jsdelivr.net/gh/dennypa77/mass-upload@main/foto-upload/toko2/pin-button/PB-0000095.png,339090
Kaitin.aja,toko2,PIN BUTTON,PB-0000096,varian,E:\Project\Mass upload shopee\foto-upload\toko2\pin-button\PB-0000096.png,https://cdn.jsdelivr.net/gh/dennypa77/mass-upload@main/foto-upload/toko2/pin-button/PB-0000096.png,290593
Kaitin.aja,toko2,PIN BUTTON,PB-0000097,varian,E:\Project\Mass upload shopee\foto-upload\toko2\pin-button\PB-0000097.png,https://cdn.jsdelivr.net/gh/dennypa77/mass-upload@main/foto-upload/toko2/pin-button/PB-0000097.png,291221
Kaitin.aja,toko2,PIN BUTTON,PB-0000098,varian,E:\Project\Mass upload shopee\foto-upload\toko2\pin-button\PB-0000098.png,https://cdn.jsdelivr.net/gh/dennypa77/mass-upload@main/foto-upload/toko2/pin-button/PB-0000098.png,315218
Kaitin.aja,toko2,PIN BUTTON,PB-0000099,varian,E:\Project\Mass upload shopee\foto-upload\toko2\pin-button\PB-0000099.png,https://cdn.jsdelivr.net/gh/dennypa77/mass-upload@main/foto-upload/toko2/pin-button/PB-0000099.png,276464
Kaitin.aja,toko2,PIN BUTTON,PB-0000100,varian,E:\Project\Mass upload shopee\foto-upload\toko2\pin-button\PB-0000100.png,https://cdn.jsdelivr.net/gh/dennypa77/mass-upload@main/foto-upload/toko2/pin-button/PB-0000100.png,334402
Kaitin.aja,toko2,PIN BUTTON,PB-0000151,varian,E:\Project\Mass upload shopee\foto-upload\toko2\pin-button\PB-0000151.png,https://cdn.jsdelivr.net/gh/dennypa77/mass-upload@main/foto-upload/toko2/pin-button/PB-0000151.png,399227
Kaitin.aja,toko2,PIN BUTTON,PB-0000152,varian,E:\Project\Mass upload shopee\foto-upload\toko2\pin-button\PB-0000152.png,https://cdn.jsdelivr.net/gh/dennypa77/mass-upload@main/foto-upload/toko2/pin-button/PB-0000152.png,365101
Kaitin.aja,toko2,PIN BUTTON,PB-0000153,varian,E:\Project\Mass upload shopee\foto-upload\toko2\pin-button\PB-0000153.png,https://cdn.jsdelivr.net/gh/dennypa77/mass-upload@main/foto-upload/toko2/pin-button/PB-0000153.png,345699
Kaitin.aja,toko2,PIN BUTTON,PB-0000154,varian,E:\Project\Mass upload shopee\foto-upload\toko2\pin-button\PB-0000154.png,https://cdn.jsdelivr.net/gh/dennypa77/mass-upload@main/foto-upload/toko2/pin-button/PB-0000154.png,349139
Kaitin.aja,toko2,PIN BUTTON,PB-0000155,varian,E:\Project\Mass upload shopee\foto-upload\toko2\pin-button\PB-0000155.png,https://cdn.jsdelivr.net/gh/dennypa77/mass-upload@main/foto-upload/toko2/pin-button/PB-0000155.png,354950
Kaitin.aja,toko2,PIN BUTTON,PB-0000156,varian,E:\Project\Mass upload shopee\foto-upload\toko2\pin-button\PB-0000156.png,https://cdn.jsdelivr.net/gh/dennypa77/mass-upload@main/foto-upload/toko2/pin-button/PB-0000156.png,345809
Kaitin.aja,toko2,PIN BUTTON,PB-0000157,varian,E:\Project\Mass upload shopee\foto-upload\toko2\pin-button\PB-0000157.png,https://cdn.jsdelivr.net/gh/dennypa77/mass-upload@main/foto-upload/toko2/pin-button/PB-0000157.png,294029
Kaitin.aja,toko2,PIN BUTTON,PB-0000158,varian,E:\Project\Mass upload shopee\foto-upload\toko2\pin-button\PB-0000158.png,https://cdn.jsdelivr.net/gh/dennypa77/mass-upload@main/foto-upload/toko2/pin-button/PB-0000158.png,330345
Kaitin.aja,toko2,PIN BUTTON,PB-0000159,varian,E:\Project\Mass upload shopee\foto-upload\toko2\pin-button\PB-0000159.png,https://cdn.jsdelivr.net/gh/dennypa77/mass-upload@main/foto-upload/toko2/pin-button/PB-0000159.png,356209
Kaitin.aja,toko2,PIN BUTTON,PB-0000160,varian,E:\Project\Mass upload shopee\foto-upload\toko2\pin-button\PB-0000160.png,https://cdn.jsdelivr.net/gh/dennypa77/mass-upload@main/foto-upload/toko2/pin-button/PB-0000160.png,308292
Kaitin.aja,toko2,PIN BUTTON,PB-0000161,varian,E:\Project\Mass upload shopee\foto-upload\toko2\pin-button\PB-0000161.png,https://cdn.jsdelivr.net/gh/dennypa77/mass-upload@main/foto-upload/toko2/pin-button/PB-0000161.png,329014
Kaitin.aja,toko2,PIN BUTTON,PB-0000162,varian,E:\Project\Mass upload shopee\foto-upload\toko2\pin-button\PB-0000162.png,https://cdn.jsdelivr.net/gh/dennypa77/mass-upload@main/foto-upload/toko2/pin-button/PB-0000162.png,398904
Kaitin.aja,toko2,PIN BUTTON,PB-0000163,varian,E:\Project\Mass upload shopee\foto-upload\toko2\pin-button\PB-0000163.png,https://cdn.jsdelivr.net/gh/dennypa77/mass-upload@main/foto-upload/toko2/pin-button/PB-0000163.png,345038
Kaitin.aja,toko2,PIN BUTTON,PB-0000164,varian,E:\Project\Mass upload shopee\foto-upload\toko2\pin-button\PB-0000164.png,https://cdn.jsdelivr.net/gh/dennypa77/mass-upload@main/foto-upload/toko2/pin-button/PB-0000164.png,334979
Kaitin.aja,toko2,PIN BUTTON,PB-0000165,varian,E:\Project\Mass upload shopee\foto-upload\toko2\pin-button\PB-0000165.png,https://cdn.jsdelivr.net/gh/dennypa77/mass-upload@main/foto-upload/toko2/pin-button/PB-0000165.png,307788
Kaitin.aja,toko2,PIN BUTTON,PB-0000166,varian,E:\Project\Mass upload shopee\foto-upload\toko2\pin-button\PB-0000166.png,https://cdn.jsdelivr.net/gh/dennypa77/mass-upload@main/foto-upload/toko2/pin-button/PB-0000166.png,267216
Kaitin.aja,toko2,PIN BUTTON,PB-0000167,varian,E:\Project\Mass upload shopee\foto-upload\toko2\pin-button\PB-0000167.png,https://cdn.jsdelivr.net/gh/dennypa77/mass-upload@main/foto-upload/toko2/pin-button/PB-0000167.png,287070
Kaitin.aja,toko2,PIN BUTTON,PB-0000168,varian,E:\Project\Mass upload shopee\foto-upload\toko2\pin-button\PB-0000168.png,https://cdn.jsdelivr.net/gh/dennypa77/mass-upload@main/foto-upload/toko2/pin-button/PB-0000168.png,358168
Kaitin.aja,toko2,PIN BUTTON,PB-0000169,varian,E:\Project\Mass upload shopee\foto-upload\toko2\pin-button\PB-0000169.png,https://cdn.jsdelivr.net/gh/dennypa77/mass-upload@main/foto-upload/toko2/pin-button/PB-0000169.png,282057
Kaitin.aja,toko2,PIN BUTTON,PB-0000170,varian,E:\Project\Mass upload shopee\foto-upload\toko2\pin-button\PB-0000170.png,https://cdn.jsdelivr.net/gh/dennypa77/mass-upload@main/foto-upload/toko2/pin-button/PB-0000170.png,310372
Kaitin.aja,toko2,PIN BUTTON,PB-0000171,varian,E:\Project\Mass upload shopee\foto-upload\toko2\pin-button\PB-0000171.png,https://cdn.jsdelivr.net/gh/dennypa77/mass-upload@main/foto-upload/toko2/pin-button/PB-0000171.png,330159
Kaitin.aja,toko2,PIN BUTTON,PB-0000172,varian,E:\Project\Mass upload shopee\foto-upload\toko2\pin-button\PB-0000172.png,https://cdn.jsdelivr.net/gh/dennypa77/mass-upload@main/foto-upload/toko2/pin-button/PB-0000172.png,323282
Kaitin.aja,toko2,PIN BUTTON,PB-0000173,varian,E:\Project\Mass upload shopee\foto-upload\toko2\pin-button\PB-0000173.png,https://cdn.jsdelivr.net/gh/dennypa77/mass-upload@main/foto-upload/toko2/pin-button/PB-0000173.png,290608
Kaitin.aja,toko2,PIN BUTTON,PB-0000174,varian,E:\Project\Mass upload shopee\foto-upload\toko2\pin-button\PB-0000174.png,https://cdn.jsdelivr.net/gh/dennypa77/mass-upload@main/foto-upload/toko2/pin-button/PB-0000174.png,369411
Kaitin.aja,toko2,PIN BUTTON,PB-0000175,varian,E:\Project\Mass upload shopee\foto-upload\toko2\pin-button\PB-0000175.png,https://cdn.jsdelivr.net/gh/dennypa77/mass-upload@main/foto-upload/toko2/pin-button/PB-0000175.png,351218
Kaitin.aja,toko2,PIN BUTTON,PB-0000176,varian,E:\Project\Mass upload shopee\foto-upload\toko2\pin-button\PB-0000176.png,https://cdn.jsdelivr.net/gh/dennypa77/mass-upload@main/foto-upload/toko2/pin-button/PB-0000176.png,293309
Kaitin.aja,toko2,PIN BUTTON,PB-0000177,varian,E:\Project\Mass upload shopee\foto-upload\toko2\pin-button\PB-0000177.png,https://cdn.jsdelivr.net/gh/dennypa77/mass-upload@main/foto-upload/toko2/pin-button/PB-0000177.png,329087
Kaitin.aja,toko2,PIN BUTTON,PB-0000178,varian,E:\Project\Mass upload shopee\foto-upload\toko2\pin-button\PB-0000178.png,https://cdn.jsdelivr.net/gh/dennypa77/mass-upload@main/foto-upload/toko2/pin-button/PB-0000178.png,383220
Kaitin.aja,toko2,PIN BUTTON,PB-0000179,varian,E:\Project\Mass upload shopee\foto-upload\toko2\pin-button\PB-0000179.png,https://cdn.jsdelivr.net/gh/dennypa77/mass-upload@main/foto-upload/toko2/pin-button/PB-0000179.png,336396
Kaitin.aja,toko2,PIN BUTTON,PB-0000180,varian,E:\Project\Mass upload shopee\foto-upload\toko2\pin-button\PB-0000180.png,https://cdn.jsdelivr.net/gh/dennypa77/mass-upload@main/foto-upload/toko2/pin-button/PB-0000180.png,332341
Kaitin.aja,toko2,PIN BUTTON,PB-0000181,varian,E:\Project\Mass upload shopee\foto-upload\toko2\pin-button\PB-0000181.png,https://cdn.jsdelivr.net/gh/dennypa77/mass-upload@main/foto-upload/toko2/pin-button/PB-0000181.png,325183
Kaitin.aja,toko2,PIN BUTTON,PB-0000182,varian,E:\Project\Mass upload shopee\foto-upload\toko2\pin-button\PB-0000182.png,https://cdn.jsdelivr.net/gh/dennypa77/mass-upload@main/foto-upload/toko2/pin-button/PB-0000182.png,301720
Kaitin.aja,toko2,PIN BUTTON,PB-0000183,varian,E:\Project\Mass upload shopee\foto-upload\toko2\pin-button\PB-0000183.png,https://cdn.jsdelivr.net/gh/dennypa77/mass-upload@main/foto-upload/toko2/pin-button/PB-0000183.png,306850
Kaitin.aja,toko2,PIN BUTTON,PB-0000184,varian,E:\Project\Mass upload shopee\foto-upload\toko2\pin-button\PB-0000184.png,https://cdn.jsdelivr.net/gh/dennypa77/mass-upload@main/foto-upload/toko2/pin-button/PB-0000184.png,350363
Kaitin.aja,toko2,PIN BUTTON,PB-0000185,varian,E:\Project\Mass upload shopee\foto-upload\toko2\pin-button\PB-0000185.png,https://cdn.jsdelivr.net/gh/dennypa77/mass-upload@main/foto-upload/toko2/pin-button/PB-0000185.png,321438
Kaitin.aja,toko2,PIN BUTTON,PB-0000186,varian,E:\Project\Mass upload shopee\foto-upload\toko2\pin-button\PB-0000186.png,https://cdn.jsdelivr.net/gh/dennypa77/mass-upload@main/foto-upload/toko2/pin-button/PB-0000186.png,251889
Kaitin.aja,toko2,PIN BUTTON,PB-0000187,varian,E:\Project\Mass upload shopee\foto-upload\toko2\pin-button\PB-0000187.png,https://cdn.jsdelivr.net/gh/dennypa77/mass-upload@main/foto-upload/toko2/pin-button/PB-0000187.png,305453
Kaitin.aja,toko2,PIN BUTTON,PB-0000188,varian,E:\Project\Mass upload shopee\foto-upload\toko2\pin-button\PB-0000188.png,https://cdn.jsdelivr.net/gh/dennypa77/mass-upload@main/foto-upload/toko2/pin-button/PB-0000188.png,372924
Kaitin.aja,toko2,PIN BUTTON,PB-0000189,varian,E:\Project\Mass upload shopee\foto-upload\toko2\pin-button\PB-0000189.png,https://cdn.jsdelivr.net/gh/dennypa77/mass-upload@main/foto-upload/toko2/pin-button/PB-0000189.png,318155
Kaitin.aja,toko2,PIN BUTTON,PB-0000190,varian,E:\Project\Mass upload shopee\foto-upload\toko2\pin-button\PB-0000190.png,https://cdn.jsdelivr.net/gh/dennypa77/mass-upload@main/foto-upload/toko2/pin-button/PB-0000190.png,306279
Kaitin.aja,toko2,PIN BUTTON,PB-0000191,varian,E:\Project\Mass upload shopee\foto-upload\toko2\pin-button\PB-0000191.png,https://cdn.jsdelivr.net/gh/dennypa77/mass-upload@main/foto-upload/toko2/pin-button/PB-0000191.png,302954
Kaitin.aja,toko2,PIN BUTTON,PB-0000192,varian,E:\Project\Mass upload shopee\foto-upload\toko2\pin-button\PB-0000192.png,https://cdn.jsdelivr.net/gh/dennypa77/mass-upload@main/foto-upload/toko2/pin-button/PB-0000192.png,306217
Kaitin.aja,toko2,PIN BUTTON,PB-0000193,varian,E:\Project\Mass upload shopee\foto-upload\toko2\pin-button\PB-0000193.png,https://cdn.jsdelivr.net/gh/dennypa77/mass-upload@main/foto-upload/toko2/pin-button/PB-0000193.png,299191
Kaitin.aja,toko2,PIN BUTTON,PB-0000194,varian,E:\Project\Mass upload shopee\foto-upload\toko2\pin-button\PB-0000194.png,https://cdn.jsdelivr.net/gh/dennypa77/mass-upload@main/foto-upload/toko2/pin-button/PB-0000194.png,362562
Kaitin.aja,toko2,PIN BUTTON,PB-0000195,varian,E:\Project\Mass upload shopee\foto-upload\toko2\pin-button\PB-0000195.png,https://cdn.jsdelivr.net/gh/dennypa77/mass-upload@main/foto-upload/toko2/pin-button/PB-0000195.png,367870
Kaitin.aja,toko2,PIN BUTTON,PB-0000196,varian,E:\Project\Mass upload shopee\foto-upload\toko2\pin-button\PB-0000196.png,https://cdn.jsdelivr.net/gh/dennypa77/mass-upload@main/foto-upload/toko2/pin-button/PB-0000196.png,350260
Kaitin.aja,toko2,PIN BUTTON,PB-0000197,varian,E:\Project\Mass upload shopee\foto-upload\toko2\pin-button\PB-0000197.png,https://cdn.jsdelivr.net/gh/dennypa77/mass-upload@main/foto-upload/toko2/pin-button/PB-0000197.png,334927
Kaitin.aja,toko2,PIN BUTTON,PB-0000198,varian,E:\Project\Mass upload shopee\foto-upload\toko2\pin-button\PB-0000198.png,https://cdn.jsdelivr.net/gh/dennypa77/mass-upload@main/foto-upload/toko2/pin-button/PB-0000198.png,288090
Kaitin.aja,toko2,PIN BUTTON,PB-0000199,varian,E:\Project\Mass upload shopee\foto-upload\toko2\pin-button\PB-0000199.png,https://cdn.jsdelivr.net/gh/dennypa77/mass-upload@main/foto-upload/toko2/pin-button/PB-0000199.png,312902
Kaitin.aja,toko2,PIN BUTTON,PB-0000200,varian,E:\Project\Mass upload shopee\foto-upload\toko2\pin-button\PB-0000200.png,https://cdn.jsdelivr.net/gh/dennypa77/mass-upload@main/foto-upload/toko2/pin-button/PB-0000200.png,337145
Kaitin.aja,toko2,PIN BUTTON,PB-0000201,varian,E:\Project\Mass upload shopee\foto-upload\toko2\pin-button\PB-0000201.png,https://cdn.jsdelivr.net/gh/dennypa77/mass-upload@main/foto-upload/toko2/pin-button/PB-0000201.png,900541
Kaitin.aja,toko2,PIN BUTTON,PB-0000202,varian,E:\Project\Mass upload shopee\foto-upload\toko2\pin-button\PB-0000202.png,https://cdn.jsdelivr.net/gh/dennypa77/mass-upload@main/foto-upload/toko2/pin-button/PB-0000202.png,976015
Kaitin.aja,toko2,PIN BUTTON,PB-0000203,varian,E:\Project\Mass upload shopee\foto-upload\toko2\pin-button\PB-0000203.png,https://cdn.jsdelivr.net/gh/dennypa77/mass-upload@main/foto-upload/toko2/pin-button/PB-0000203.png,946298
Kaitin.aja,toko2,PIN BUTTON,PB-0000204,varian,E:\Project\Mass upload shopee\foto-upload\toko2\pin-button\PB-0000204.png,https://cdn.jsdelivr.net/gh/dennypa77/mass-upload@main/foto-upload/toko2/pin-button/PB-0000204.png,801884
Kaitin.aja,toko2,PIN BUTTON,PB-0000205,varian,E:\Project\Mass upload shopee\foto-upload\toko2\pin-button\PB-0000205.png,https://cdn.jsdelivr.net/gh/dennypa77/mass-upload@main/foto-upload/toko2/pin-button/PB-0000205.png,683470
Kaitin.aja,toko2,PIN BUTTON,PB-0000206,varian,E:\Project\Mass upload shopee\foto-upload\toko2\pin-button\PB-0000206.png,https://cdn.jsdelivr.net/gh/dennypa77/mass-upload@main/foto-upload/toko2/pin-button/PB-0000206.png,746534
Kaitin.aja,toko2,PIN BUTTON,PB-0000207,varian,E:\Project\Mass upload shopee\foto-upload\toko2\pin-button\PB-0000207.png,https://cdn.jsdelivr.net/gh/dennypa77/mass-upload@main/foto-upload/toko2/pin-button/PB-0000207.png,860598
Kaitin.aja,toko2,PIN BUTTON,PB-0000208,varian,E:\Project\Mass upload shopee\foto-upload\toko2\pin-button\PB-0000208.png,https://cdn.jsdelivr.net/gh/dennypa77/mass-upload@main/foto-upload/toko2/pin-button/PB-0000208.png,933725
Kaitin.aja,toko2,PIN BUTTON,PB-0000209,varian,E:\Project\Mass upload shopee\foto-upload\toko2\pin-button\PB-0000209.png,https://cdn.jsdelivr.net/gh/dennypa77/mass-upload@main/foto-upload/toko2/pin-button/PB-0000209.png,1032662
Kaitin.aja,toko2,PIN BUTTON,PB-0000210,varian,E:\Project\Mass upload shopee\foto-upload\toko2\pin-button\PB-0000210.png,https://cdn.jsdelivr.net/gh/dennypa77/mass-upload@main/foto-upload/toko2/pin-button/PB-0000210.png,1013220
Kaitin.aja,toko2,PIN BUTTON,PB-0000211,varian,E:\Project\Mass upload shopee\foto-upload\toko2\pin-button\PB-0000211.png,https://cdn.jsdelivr.net/gh/dennypa77/mass-upload@main/foto-upload/toko2/pin-button/PB-0000211.png,843449
Kaitin.aja,toko2,PIN BUTTON,PB-0000212,varian,E:\Project\Mass upload shopee\foto-upload\toko2\pin-button\PB-0000212.png,https://cdn.jsdelivr.net/gh/dennypa77/mass-upload@main/foto-upload/toko2/pin-button/PB-0000212.png,992792
Kaitin.aja,toko2,PIN BUTTON,PB-0000213,varian,E:\Project\Mass upload shopee\foto-upload\toko2\pin-button\PB-0000213.png,https://cdn.jsdelivr.net/gh/dennypa77/mass-upload@main/foto-upload/toko2/pin-button/PB-0000213.png,993699
Kaitin.aja,toko2,PIN BUTTON,PB-0000214,varian,E:\Project\Mass upload shopee\foto-upload\toko2\pin-button\PB-0000214.png,https://cdn.jsdelivr.net/gh/dennypa77/mass-upload@main/foto-upload/toko2/pin-button/PB-0000214.png,932091
Kaitin.aja,toko2,PIN BUTTON,PB-0000215,varian,E:\Project\Mass upload shopee\foto-upload\toko2\pin-button\PB-0000215.png,https://cdn.jsdelivr.net/gh/dennypa77/mass-upload@main/foto-upload/toko2/pin-button/PB-0000215.png,1091866
Kaitin.aja,toko2,PIN BUTTON,PB-0000216,varian,E:\Project\Mass upload shopee\foto-upload\toko2\pin-button\PB-0000216.png,https://cdn.jsdelivr.net/gh/dennypa77/mass-upload@main/foto-upload/toko2/pin-button/PB-0000216.png,945379
Kaitin.aja,toko2,PIN BUTTON,PB-0000217,varian,E:\Project\Mass upload shopee\foto-upload\toko2\pin-button\PB-0000217.png,https://cdn.jsdelivr.net/gh/dennypa77/mass-upload@main/foto-upload/toko2/pin-button/PB-0000217.png,922165
Kaitin.aja,toko2,PIN BUTTON,PB-0000218,varian,E:\Project\Mass upload shopee\foto-upload\toko2\pin-button\PB-0000218.png,https://cdn.jsdelivr.net/gh/dennypa77/mass-upload@main/foto-upload/toko2/pin-button/PB-0000218.png,1094004
Kaitin.aja,toko2,PIN BUTTON,PB-0000219,varian,E:\Project\Mass upload shopee\foto-upload\toko2\pin-button\PB-0000219.png,https://cdn.jsdelivr.net/gh/dennypa77/mass-upload@main/foto-upload/toko2/pin-button/PB-0000219.png,766251
Kaitin.aja,toko2,PIN BUTTON,PB-0000220,varian,E:\Project\Mass upload shopee\foto-upload\toko2\pin-button\PB-0000220.png,https://cdn.jsdelivr.net/gh/dennypa77/mass-upload@main/foto-upload/toko2/pin-button/PB-0000220.png,723989
Kaitin.aja,toko2,PIN BUTTON,PB-0000221,varian,E:\Project\Mass upload shopee\foto-upload\toko2\pin-button\PB-0000221.png,https://cdn.jsdelivr.net/gh/dennypa77/mass-upload@main/foto-upload/toko2/pin-button/PB-0000221.png,1033420
Kaitin.aja,toko2,PIN BUTTON,PB-0000222,varian,E:\Project\Mass upload shopee\foto-upload\toko2\pin-button\PB-0000222.png,https://cdn.jsdelivr.net/gh/dennypa77/mass-upload@main/foto-upload/toko2/pin-button/PB-0000222.png,875957
Kaitin.aja,toko2,PIN BUTTON,PB-0000223,varian,E:\Project\Mass upload shopee\foto-upload\toko2\pin-button\PB-0000223.png,https://cdn.jsdelivr.net/gh/dennypa77/mass-upload@main/foto-upload/toko2/pin-button/PB-0000223.png,883205
Kaitin.aja,toko2,PIN BUTTON,PB-0000224,varian,E:\Project\Mass upload shopee\foto-upload\toko2\pin-button\PB-0000224.png,https://cdn.jsdelivr.net/gh/dennypa77/mass-upload@main/foto-upload/toko2/pin-button/PB-0000224.png,920262
Kaitin.aja,toko2,PIN BUTTON,PB-0000225,varian,E:\Project\Mass upload shopee\foto-upload\toko2\pin-button\PB-0000225.png,https://cdn.jsdelivr.net/gh/dennypa77/mass-upload@main/foto-upload/toko2/pin-button/PB-0000225.png,866396
Kaitin.aja,toko2,PIN BUTTON,PB-0000226,varian,E:\Project\Mass upload shopee\foto-upload\toko2\pin-button\PB-0000226.png,https://cdn.jsdelivr.net/gh/dennypa77/mass-upload@main/foto-upload/toko2/pin-button/PB-0000226.png,793849
Kaitin.aja,toko2,PIN BUTTON,PB-0000227,varian,E:\Project\Mass upload shopee\foto-upload\toko2\pin-button\PB-0000227.png,https://cdn.jsdelivr.net/gh/dennypa77/mass-upload@main/foto-upload/toko2/pin-button/PB-0000227.png,909726
Kaitin.aja,toko2,PIN BUTTON,PB-0000228,varian,E:\Project\Mass upload shopee\foto-upload\toko2\pin-button\PB-0000228.png,https://cdn.jsdelivr.net/gh/dennypa77/mass-upload@main/foto-upload/toko2/pin-button/PB-0000228.png,960350
Kaitin.aja,toko2,PIN BUTTON,PB-0000229,varian,E:\Project\Mass upload shopee\foto-upload\toko2\pin-button\PB-0000229.png,https://cdn.jsdelivr.net/gh/dennypa77/mass-upload@main/foto-upload/toko2/pin-button/PB-0000229.png,924556
Kaitin.aja,toko2,PIN BUTTON,PB-0000230,varian,E:\Project\Mass upload shopee\foto-upload\toko2\pin-button\PB-0000230.png,https://cdn.jsdelivr.net/gh/dennypa77/mass-upload@main/foto-upload/toko2/pin-button/PB-0000230.png,1062498
Kaitin.aja,toko2,PIN BUTTON,PB-0000231,varian,E:\Project\Mass upload shopee\foto-upload\toko2\pin-button\PB-0000231.png,https://cdn.jsdelivr.net/gh/dennypa77/mass-upload@main/foto-upload/toko2/pin-button/PB-0000231.png,948969
Kaitin.aja,toko2,PIN BUTTON,PB-0000232,varian,E:\Project\Mass upload shopee\foto-upload\toko2\pin-button\PB-0000232.png,https://cdn.jsdelivr.net/gh/dennypa77/mass-upload@main/foto-upload/toko2/pin-button/PB-0000232.png,994137
Kaitin.aja,toko2,PIN BUTTON,PB-0000233,varian,E:\Project\Mass upload shopee\foto-upload\toko2\pin-button\PB-0000233.png,https://cdn.jsdelivr.net/gh/dennypa77/mass-upload@main/foto-upload/toko2/pin-button/PB-0000233.png,1215285
Kaitin.aja,toko2,PIN BUTTON,PB-0000234,varian,E:\Project\Mass upload shopee\foto-upload\toko2\pin-button\PB-0000234.png,https://cdn.jsdelivr.net/gh/dennypa77/mass-upload@main/foto-upload/toko2/pin-button/PB-0000234.png,933924
Kaitin.aja,toko2,PIN BUTTON,PB-0000235,varian,E:\Project\Mass upload shopee\foto-upload\toko2\pin-button\PB-0000235.png,https://cdn.jsdelivr.net/gh/dennypa77/mass-upload@main/foto-upload/toko2/pin-button/PB-0000235.png,998536
Kaitin.aja,toko2,PIN BUTTON,PB-0000236,varian,E:\Project\Mass upload shopee\foto-upload\toko2\pin-button\PB-0000236.png,https://cdn.jsdelivr.net/gh/dennypa77/mass-upload@main/foto-upload/toko2/pin-button/PB-0000236.png,1048990
Kaitin.aja,toko2,PIN BUTTON,PB-0000237,varian,E:\Project\Mass upload shopee\foto-upload\toko2\pin-button\PB-0000237.png,https://cdn.jsdelivr.net/gh/dennypa77/mass-upload@main/foto-upload/toko2/pin-button/PB-0000237.png,912624
Kaitin.aja,toko2,PIN BUTTON,PB-0000238,varian,E:\Project\Mass upload shopee\foto-upload\toko2\pin-button\PB-0000238.png,https://cdn.jsdelivr.net/gh/dennypa77/mass-upload@main/foto-upload/toko2/pin-button/PB-0000238.png,1041165
Kaitin.aja,toko2,PIN BUTTON,PB-0000239,varian,E:\Project\Mass upload shopee\foto-upload\toko2\pin-button\PB-0000239.png,https://cdn.jsdelivr.net/gh/dennypa77/mass-upload@main/foto-upload/toko2/pin-button/PB-0000239.png,736622
Kaitin.aja,toko2,PIN BUTTON,PB-0000240,varian,E:\Project\Mass upload shopee\foto-upload\toko2\pin-button\PB-0000240.png,https://cdn.jsdelivr.net/gh/dennypa77/mass-upload@main/foto-upload/toko2/pin-button/PB-0000240.png,668195
Kaitin.aja,toko2,PIN BUTTON,PB-0000241,varian,E:\Project\Mass upload shopee\foto-upload\toko2\pin-button\PB-0000241.png,https://cdn.jsdelivr.net/gh/dennypa77/mass-upload@main/foto-upload/toko2/pin-button/PB-0000241.png,771592
Kaitin.aja,toko2,PIN BUTTON,PB-0000242,varian,E:\Project\Mass upload shopee\foto-upload\toko2\pin-button\PB-0000242.png,https://cdn.jsdelivr.net/gh/dennypa77/mass-upload@main/foto-upload/toko2/pin-button/PB-0000242.png,863547
Kaitin.aja,toko2,PIN BUTTON,PB-0000243,varian,E:\Project\Mass upload shopee\foto-upload\toko2\pin-button\PB-0000243.png,https://cdn.jsdelivr.net/gh/dennypa77/mass-upload@main/foto-upload/toko2/pin-button/PB-0000243.png,985598
Kaitin.aja,toko2,PIN BUTTON,PB-0000244,varian,E:\Project\Mass upload shopee\foto-upload\toko2\pin-button\PB-0000244.png,https://cdn.jsdelivr.net/gh/dennypa77/mass-upload@main/foto-upload/toko2/pin-button/PB-0000244.png,1173825
Kaitin.aja,toko2,PIN BUTTON,PB-0000245,varian,E:\Project\Mass upload shopee\foto-upload\toko2\pin-button\PB-0000245.png,https://cdn.jsdelivr.net/gh/dennypa77/mass-upload@main/foto-upload/toko2/pin-button/PB-0000245.png,808365
Kaitin.aja,toko2,PIN BUTTON,PB-0000246,varian,E:\Project\Mass upload shopee\foto-upload\toko2\pin-button\PB-0000246.png,https://cdn.jsdelivr.net/gh/dennypa77/mass-upload@main/foto-upload/toko2/pin-button/PB-0000246.png,946359
Kaitin.aja,toko2,PIN BUTTON,PB-0000247,varian,E:\Project\Mass upload shopee\foto-upload\toko2\pin-button\PB-0000247.png,https://cdn.jsdelivr.net/gh/dennypa77/mass-upload@main/foto-upload/toko2/pin-button/PB-0000247.png,900352
Kaitin.aja,toko2,PIN BUTTON,PB-0000248,varian,E:\Project\Mass upload shopee\foto-upload\toko2\pin-button\PB-0000248.png,https://cdn.jsdelivr.net/gh/dennypa77/mass-upload@main/foto-upload/toko2/pin-button/PB-0000248.png,965276
Kaitin.aja,toko2,PIN BUTTON,PB-0000249,varian,E:\Project\Mass upload shopee\foto-upload\toko2\pin-button\PB-0000249.png,https://cdn.jsdelivr.net/gh/dennypa77/mass-upload@main/foto-upload/toko2/pin-button/PB-0000249.png,1046077
Kaitin.aja,toko2,PIN BUTTON,PB-BLACKPINK-UTAMA1,utama,E:\Project\Mass upload shopee\foto-upload\toko2\pin-button\PB-BLACKPINK-utama1.png,https://cdn.jsdelivr.net/gh/dennypa77/mass-upload@main/foto-upload/toko2/pin-button/PB-BLACKPINK-utama1.png,2042401
Kaitin.aja,toko2,PIN BUTTON,PB-BLACKPINK-UTAMA2,utama,E:\Project\Mass upload shopee\foto-upload\toko2\pin-button\PB-BLACKPINK-utama2.png,https://cdn.jsdelivr.net/gh/dennypa77/mass-upload@main/foto-upload/toko2/pin-button/PB-BLACKPINK-utama2.png,687222
Kaitin.aja,toko2,PIN BUTTON,PB-BLACKPINK-UTAMA3,utama,E:\Project\Mass upload shopee\foto-upload\toko2\pin-button\PB-BLACKPINK-utama3.png,https://cdn.jsdelivr.net/gh/dennypa77/mass-upload@main/foto-upload/toko2/pin-button/PB-BLACKPINK-utama3.png,1665439
Kaitin.aja,toko2,PIN BUTTON,PB-BTS-UTAMA1,utama,E:\Project\Mass upload shopee\foto-upload\toko2\pin-button\PB-BTS-utama1.png,https://cdn.jsdelivr.net/gh/dennypa77/mass-upload@main/foto-upload/toko2/pin-button/PB-BTS-utama1.png,1869647
Kaitin.aja,toko2,PIN BUTTON,PB-BTS-UTAMA2,utama,E:\Project\Mass upload shopee\foto-upload\toko2\pin-button\PB-BTS-utama2.png,https://cdn.jsdelivr.net/gh/dennypa77/mass-upload@main/foto-upload/toko2/pin-button/PB-BTS-utama2.png,670035
Kaitin.aja,toko2,PIN BUTTON,PB-BTS-UTAMA3,utama,E:\Project\Mass upload shopee\foto-upload\toko2\pin-button\PB-BTS-utama3.png,https://cdn.jsdelivr.net/gh/dennypa77/mass-upload@main/foto-upload/toko2/pin-button/PB-BTS-utama3.png,1596751
Kaitin.aja,toko2,PIN BUTTON,PB-CORTIS-UTAMA1,utama,E:\Project\Mass upload shopee\foto-upload\toko2\pin-button\PB-CORTIS-utama1.png,https://cdn.jsdelivr.net/gh/dennypa77/mass-upload@main/foto-upload/toko2/pin-button/PB-CORTIS-utama1.png,2050059
Kaitin.aja,toko2,PIN BUTTON,PB-CORTIS-UTAMA2,utama,E:\Project\Mass upload shopee\foto-upload\toko2\pin-button\PB-CORTIS-utama2.png,https://cdn.jsdelivr.net/gh/dennypa77/mass-upload@main/foto-upload/toko2/pin-button/PB-CORTIS-utama2.png,1095176
Kaitin.aja,toko2,PIN BUTTON,PB-CORTIS-UTAMA3,utama,E:\Project\Mass upload shopee\foto-upload\toko2\pin-button\PB-CORTIS-utama3.png,https://cdn.jsdelivr.net/gh/dennypa77/mass-upload@main/foto-upload/toko2/pin-button/PB-CORTIS-utama3.png,1200239
Kaitin.aja,toko2,PIN BUTTON,PB-HEARTS2HEARTS-UTAMA1,utama,E:\Project\Mass upload shopee\foto-upload\toko2\pin-button\PB-HEARTS2HEARTS-utama1.png,https://cdn.jsdelivr.net/gh/dennypa77/mass-upload@main/foto-upload/toko2/pin-button/PB-HEARTS2HEARTS-utama1.png,2075133
Kaitin.aja,toko2,PIN BUTTON,PB-HEARTS2HEARTS-UTAMA2,utama,E:\Project\Mass upload shopee\foto-upload\toko2\pin-button\PB-HEARTS2HEARTS-utama2.png,https://cdn.jsdelivr.net/gh/dennypa77/mass-upload@main/foto-upload/toko2/pin-button/PB-HEARTS2HEARTS-utama2.png,636662
Kaitin.aja,toko2,PIN BUTTON,PB-HEARTS2HEARTS-UTAMA3,utama,E:\Project\Mass upload shopee\foto-upload\toko2\pin-button\PB-HEARTS2HEARTS-utama3.png,https://cdn.jsdelivr.net/gh/dennypa77/mass-upload@main/foto-upload/toko2/pin-button/PB-HEARTS2HEARTS-utama3.png,1214177
