nama_toko,folder_toko,jenis,kunci,tipe,file_lokal,url,ukuran_byte
Graphica Key,toko1,JIBBITZ,JB-0000001,varian,E:\Project\Mass upload shopee\foto-upload\toko1\jibbitz\JB-0000001.png,https://cdn.jsdelivr.net/gh/dennypa77/mass-upload@main/foto-upload/toko1/jibbitz/JB-0000001.png,299497
Graphica Key,toko1,JIBBITZ,JB-0000002,varian,E:\Project\Mass upload shopee\foto-upload\toko1\jibbitz\JB-0000002.png,https://cdn.jsdelivr.net/gh/dennypa77/mass-upload@main/foto-upload/toko1/jibbitz/JB-0000002.png,268124
Graphica Key,toko1,JIBBITZ,JB-0000003,varian,E:\Project\Mass upload shopee\foto-upload\toko1\jibbitz\JB-0000003.png,https://cdn.jsdelivr.net/gh/dennypa77/mass-upload@main/foto-upload/toko1/jibbitz/JB-0000003.png,267945
Graphica Key,toko1,JIBBITZ,JB-0000004,varian,E:\Project\Mass upload shopee\foto-upload\toko1\jibbitz\JB-0000004.png,https://cdn.jsdelivr.net/gh/dennypa77/mass-upload@main/foto-upload/toko1/jibbitz/JB-0000004.png,256422
Graphica Key,toko1,JIBBITZ,JB-0000005,varian,E:\Project\Mass upload shopee\foto-upload\toko1\jibbitz\JB-0000005.png,https://cdn.jsdelivr.net/gh/dennypa77/mass-upload@main/foto-upload/toko1/jibbitz/JB-0000005.png,284151
Graphica Key,toko1,JIBBITZ,JB-0000006,varian,E:\Project\Mass upload shopee\foto-upload\toko1\jibbitz\JB-0000006.png,https://cdn.jsdelivr.net/gh/dennypa77/mass-upload@main/foto-upload/toko1/jibbitz/JB-0000006.png,216461
Graphica Key,toko1,JIBBITZ,JB-0000007,varian,E:\Project\Mass upload shopee\foto-upload\toko1\jibbitz\JB-0000007.png,https://cdn.jsdelivr.net/gh/dennypa77/mass-upload@main/foto-upload/toko1/jibbitz/JB-0000007.png,273703
Graphica Key,toko1,JIBBITZ,JB-0000008,varian,E:\Project\Mass upload shopee\foto-upload\toko1\jibbitz\JB-0000008.png,https://cdn.jsdelivr.net/gh/dennypa77/mass-upload@main/foto-upload/toko1/jibbitz/JB-0000008.png,269169
Graphica Key,toko1,JIBBITZ,JB-0000009,varian,E:\Project\Mass upload shopee\foto-upload\toko1\jibbitz\JB-0000009.png,https://cdn.jsdelivr.net/gh/dennypa77/mass-upload@main/foto-upload/toko1/jibbitz/JB-0000009.png,247575
Graphica Key,toko1,JIBBITZ,JB-0000010,varian,E:\Project\Mass upload shopee\foto-upload\toko1\jibbitz\JB-0000010.png,https://cdn.jsdelivr.net/gh/dennypa77/mass-upload@main/foto-upload/toko1/jibbitz/JB-0000010.png,265012
Graphica Key,toko1,JIBBITZ,JB-0000011,varian,E:\Project\Mass upload shopee\foto-upload\toko1\jibbitz\JB-0000011.png,https://cdn.jsdelivr.net/gh/dennypa77/mass-upload@main/foto-upload/toko1/jibbitz/JB-0000011.png,230433
Graphica Key,toko1,JIBBITZ,JB-0000012,varian,E:\Project\Mass upload shopee\foto-upload\toko1\jibbitz\JB-0000012.png,https://cdn.jsdelivr.net/gh/dennypa77/mass-upload@main/foto-upload/toko1/jibbitz/JB-0000012.png,204228
Graphica Key,toko1,JIBBITZ,JB-0000013,varian,E:\Project\Mass upload shopee\foto-upload\toko1\jibbitz\JB-0000013.png,https://cdn.jsdelivr.net/gh/dennypa77/mass-upload@main/foto-upload/toko1/jibbitz/JB-0000013.png,247512
Graphica Key,toko1,JIBBITZ,JB-0000014,varian,E:\Project\Mass upload shopee\foto-upload\toko1\jibbitz\JB-0000014.png,https://cdn.jsdelivr.net/gh/dennypa77/mass-upload@main/foto-upload/toko1/jibbitz/JB-0000014.png,193558
Graphica Key,toko1,JIBBITZ,JB-0000015,varian,E:\Project\Mass upload shopee\foto-upload\toko1\jibbitz\JB-0000015.png,https://cdn.jsdelivr.net/gh/dennypa77/mass-upload@main/foto-upload/toko1/jibbitz/JB-0000015.png,239681
Graphica Key,toko1,JIBBITZ,JB-0000016,varian,E:\Project\Mass upload shopee\foto-upload\toko1\jibbitz\JB-0000016.png,https://cdn.jsdelivr.net/gh/dennypa77/mass-upload@main/foto-upload/toko1/jibbitz/JB-0000016.png,250278
Graphica Key,toko1,JIBBITZ,JB-0000017,varian,E:\Project\Mass upload shopee\foto-upload\toko1\jibbitz\JB-0000017.png,https://cdn.jsdelivr.net/gh/dennypa77/mass-upload@main/foto-upload/toko1/jibbitz/JB-0000017.png,219217
Graphica Key,toko1,JIBBITZ,JB-0000018,varian,E:\Project\Mass upload shopee\foto-upload\toko1\jibbitz\JB-0000018.png,https://cdn.jsdelivr.net/gh/dennypa77/mass-upload@main/foto-upload/toko1/jibbitz/JB-0000018.png,244216
Graphica Key,toko1,JIBBITZ,JB-0000019,varian,E:\Project\Mass upload shopee\foto-upload\toko1\jibbitz\JB-0000019.png,https://cdn.jsdelivr.net/gh/dennypa77/mass-upload@main/foto-upload/toko1/jibbitz/JB-0000019.png,207739
Graphica Key,toko1,JIBBITZ,JB-0000020,varian,E:\Project\Mass upload shopee\foto-upload\toko1\jibbitz\JB-0000020.png,https://cdn.jsdelivr.net/gh/dennypa77/mass-upload@main/foto-upload/toko1/jibbitz/JB-0000020.png,250538
Graphica Key,toko1,JIBBITZ,JB-0000021,varian,E:\Project\Mass upload shopee\foto-upload\toko1\jibbitz\JB-0000021.png,https://cdn.jsdelivr.net/gh/dennypa77/mass-upload@main/foto-upload/toko1/jibbitz/JB-0000021.png,243955
Graphica Key,toko1,JIBBITZ,JB-0000022,varian,E:\Project\Mass upload shopee\foto-upload\toko1\jibbitz\JB-0000022.png,https://cdn.jsdelivr.net/gh/dennypa77/mass-upload@main/foto-upload/toko1/jibbitz/JB-0000022.png,293907
Graphica Key,toko1,JIBBITZ,JB-0000023,varian,E:\Project\Mass upload shopee\foto-upload\toko1\jibbitz\JB-0000023.png,https://cdn.jsdelivr.net/gh/dennypa77/mass-upload@main/foto-upload/toko1/jibbitz/JB-0000023.png,238996
Graphica Key,toko1,JIBBITZ,JB-0000024,varian,E:\Project\Mass upload shopee\foto-upload\toko1\jibbitz\JB-0000024.png,https://cdn.jsdelivr.net/gh/dennypa77/mass-upload@main/foto-upload/toko1/jibbitz/JB-0000024.png,277094
Graphica Key,toko1,JIBBITZ,JB-0000025,varian,E:\Project\Mass upload shopee\foto-upload\toko1\jibbitz\JB-0000025.png,https://cdn.jsdelivr.net/gh/dennypa77/mass-upload@main/foto-upload/toko1/jibbitz/JB-0000025.png,273141
Graphica Key,toko1,JIBBITZ,JB-0000026,varian,E:\Project\Mass upload shopee\foto-upload\toko1\jibbitz\JB-0000026.png,https://cdn.jsdelivr.net/gh/dennypa77/mass-upload@main/foto-upload/toko1/jibbitz/JB-0000026.png,221291
Graphica Key,toko1,JIBBITZ,JB-0000027,varian,E:\Project\Mass upload shopee\foto-upload\toko1\jibbitz\JB-0000027.png,https://cdn.jsdelivr.net/gh/dennypa77/mass-upload@main/foto-upload/toko1/jibbitz/JB-0000027.png,234457
Graphica Key,toko1,JIBBITZ,JB-0000028,varian,E:\Project\Mass upload shopee\foto-upload\toko1\jibbitz\JB-0000028.png,https://cdn.jsdelivr.net/gh/dennypa77/mass-upload@main/foto-upload/toko1/jibbitz/JB-0000028.png,258844
Graphica Key,toko1,JIBBITZ,JB-0000029,varian,E:\Project\Mass upload shopee\foto-upload\toko1\jibbitz\JB-0000029.png,https://cdn.jsdelivr.net/gh/dennypa77/mass-upload@main/foto-upload/toko1/jibbitz/JB-0000029.png,260305
Graphica Key,toko1,JIBBITZ,JB-0000030,varian,E:\Project\Mass upload shopee\foto-upload\toko1\jibbitz\JB-0000030.png,https://cdn.jsdelivr.net/gh/dennypa77/mass-upload@main/foto-upload/toko1/jibbitz/JB-0000030.png,264104
Graphica Key,toko1,JIBBITZ,JB-0000031,varian,E:\Project\Mass upload shopee\foto-upload\toko1\jibbitz\JB-0000031.png,https://cdn.jsdelivr.net/gh/dennypa77/mass-upload@main/foto-upload/toko1/jibbitz/JB-0000031.png,214358
Graphica Key,toko1,JIBBITZ,JB-0000032,varian,E:\Project\Mass upload shopee\foto-upload\toko1\jibbitz\JB-0000032.png,https://cdn.jsdelivr.net/gh/dennypa77/mass-upload@main/foto-upload/toko1/jibbitz/JB-0000032.png,251926
Graphica Key,toko1,JIBBITZ,JB-0000033,varian,E:\Project\Mass upload shopee\foto-upload\toko1\jibbitz\JB-0000033.png,https://cdn.jsdelivr.net/gh/dennypa77/mass-upload@main/foto-upload/toko1/jibbitz/JB-0000033.png,272782
Graphica Key,toko1,JIBBITZ,JB-0000034,varian,E:\Project\Mass upload shopee\foto-upload\toko1\jibbitz\JB-0000034.png,https://cdn.jsdelivr.net/gh/dennypa77/mass-upload@main/foto-upload/toko1/jibbitz/JB-0000034.png,181851
Graphica Key,toko1,JIBBITZ,JB-0000035,varian,E:\Project\Mass upload shopee\foto-upload\toko1\jibbitz\JB-0000035.png,https://cdn.jsdelivr.net/gh/dennypa77/mass-upload@main/foto-upload/toko1/jibbitz/JB-0000035.png,228310
Graphica Key,toko1,JIBBITZ,JB-0000036,varian,E:\Project\Mass upload shopee\foto-upload\toko1\jibbitz\JB-0000036.png,https://cdn.jsdelivr.net/gh/dennypa77/mass-upload@main/foto-upload/toko1/jibbitz/JB-0000036.png,218955
Graphica Key,toko1,JIBBITZ,JB-0000037,varian,E:\Project\Mass upload shopee\foto-upload\toko1\jibbitz\JB-0000037.png,https://cdn.jsdelivr.net/gh/dennypa77/mass-upload@main/foto-upload/toko1/jibbitz/JB-0000037.png,241881
Graphica Key,toko1,JIBBITZ,JB-0000038,varian,E:\Project\Mass upload shopee\foto-upload\toko1\jibbitz\JB-0000038.png,https://cdn.jsdelivr.net/gh/dennypa77/mass-upload@main/foto-upload/toko1/jibbitz/JB-0000038.png,214890
Graphica Key,toko1,JIBBITZ,JB-0000039,varian,E:\Project\Mass upload shopee\foto-upload\toko1\jibbitz\JB-0000039.png,https://cdn.jsdelivr.net/gh/dennypa77/mass-upload@main/foto-upload/toko1/jibbitz/JB-0000039.png,228169
Graphica Key,toko1,JIBBITZ,JB-0000040,varian,E:\Project\Mass upload shopee\foto-upload\toko1\jibbitz\JB-0000040.png,https://cdn.jsdelivr.net/gh/dennypa77/mass-upload@main/foto-upload/toko1/jibbitz/JB-0000040.png,216038
Graphica Key,toko1,JIBBITZ,JB-0000041,varian,E:\Project\Mass upload shopee\foto-upload\toko1\jibbitz\JB-0000041.png,https://cdn.jsdelivr.net/gh/dennypa77/mass-upload@main/foto-upload/toko1/jibbitz/JB-0000041.png,241247
Graphica Key,toko1,JIBBITZ,JB-0000042,varian,E:\Project\Mass upload shopee\foto-upload\toko1\jibbitz\JB-0000042.png,https://cdn.jsdelivr.net/gh/dennypa77/mass-upload@main/foto-upload/toko1/jibbitz/JB-0000042.png,246160
Graphica Key,toko1,JIBBITZ,JB-0000043,varian,E:\Project\Mass upload shopee\foto-upload\toko1\jibbitz\JB-0000043.png,https://cdn.jsdelivr.net/gh/dennypa77/mass-upload@main/foto-upload/toko1/jibbitz/JB-0000043.png,247488
Graphica Key,toko1,JIBBITZ,JB-0000044,varian,E:\Project\Mass upload shopee\foto-upload\toko1\jibbitz\JB-0000044.png,https://cdn.jsdelivr.net/gh/dennypa77/mass-upload@main/foto-upload/toko1/jibbitz/JB-0000044.png,248382
Graphica Key,toko1,JIBBITZ,JB-0000045,varian,E:\Project\Mass upload shopee\foto-upload\toko1\jibbitz\JB-0000045.png,https://cdn.jsdelivr.net/gh/dennypa77/mass-upload@main/foto-upload/toko1/jibbitz/JB-0000045.png,250256
Graphica Key,toko1,JIBBITZ,JB-0000046,varian,E:\Project\Mass upload shopee\foto-upload\toko1\jibbitz\JB-0000046.png,https://cdn.jsdelivr.net/gh/dennypa77/mass-upload@main/foto-upload/toko1/jibbitz/JB-0000046.png,206615
Graphica Key,toko1,JIBBITZ,JB-0000047,varian,E:\Project\Mass upload shopee\foto-upload\toko1\jibbitz\JB-0000047.png,https://cdn.jsdelivr.net/gh/dennypa77/mass-upload@main/foto-upload/toko1/jibbitz/JB-0000047.png,183357
Graphica Key,toko1,JIBBITZ,JB-0000048,varian,E:\Project\Mass upload shopee\foto-upload\toko1\jibbitz\JB-0000048.png,https://cdn.jsdelivr.net/gh/dennypa77/mass-upload@main/foto-upload/toko1/jibbitz/JB-0000048.png,221378
Graphica Key,toko1,JIBBITZ,JB-0000049,varian,E:\Project\Mass upload shopee\foto-upload\toko1\jibbitz\JB-0000049.png,https://cdn.jsdelivr.net/gh/dennypa77/mass-upload@main/foto-upload/toko1/jibbitz/JB-0000049.png,195010
Graphica Key,toko1,JIBBITZ,JB-0000050,varian,E:\Project\Mass upload shopee\foto-upload\toko1\jibbitz\JB-0000050.png,https://cdn.jsdelivr.net/gh/dennypa77/mass-upload@main/foto-upload/toko1/jibbitz/JB-0000050.png,197643
Graphica Key,toko1,JIBBITZ,JB-0000051,varian,E:\Project\Mass upload shopee\foto-upload\toko1\jibbitz\JB-0000051.png,https://cdn.jsdelivr.net/gh/dennypa77/mass-upload@main/foto-upload/toko1/jibbitz/JB-0000051.png,257007
Graphica Key,toko1,JIBBITZ,JB-0000052,varian,E:\Project\Mass upload shopee\foto-upload\toko1\jibbitz\JB-0000052.png,https://cdn.jsdelivr.net/gh/dennypa77/mass-upload@main/foto-upload/toko1/jibbitz/JB-0000052.png,274194
Graphica Key,toko1,JIBBITZ,JB-0000053,varian,E:\Project\Mass upload shopee\foto-upload\toko1\jibbitz\JB-0000053.png,https://cdn.jsdelivr.net/gh/dennypa77/mass-upload@main/foto-upload/toko1/jibbitz/JB-0000053.png,287878
Graphica Key,toko1,JIBBITZ,JB-0000054,varian,E:\Project\Mass upload shopee\foto-upload\toko1\jibbitz\JB-0000054.png,https://cdn.jsdelivr.net/gh/dennypa77/mass-upload@main/foto-upload/toko1/jibbitz/JB-0000054.png,257412
Graphica Key,toko1,JIBBITZ,JB-0000055,varian,E:\Project\Mass upload shopee\foto-upload\toko1\jibbitz\JB-0000055.png,https://cdn.jsdelivr.net/gh/dennypa77/mass-upload@main/foto-upload/toko1/jibbitz/JB-0000055.png,276351
Graphica Key,toko1,JIBBITZ,JB-0000056,varian,E:\Project\Mass upload shopee\foto-upload\toko1\jibbitz\JB-0000056.png,https://cdn.jsdelivr.net/gh/dennypa77/mass-upload@main/foto-upload/toko1/jibbitz/JB-0000056.png,275376
Graphica Key,toko1,JIBBITZ,JB-0000057,varian,E:\Project\Mass upload shopee\foto-upload\toko1\jibbitz\JB-0000057.png,https://cdn.jsdelivr.net/gh/dennypa77/mass-upload@main/foto-upload/toko1/jibbitz/JB-0000057.png,281306
Graphica Key,toko1,JIBBITZ,JB-0000058,varian,E:\Project\Mass upload shopee\foto-upload\toko1\jibbitz\JB-0000058.png,https://cdn.jsdelivr.net/gh/dennypa77/mass-upload@main/foto-upload/toko1/jibbitz/JB-0000058.png,212854
Graphica Key,toko1,JIBBITZ,JB-0000059,varian,E:\Project\Mass upload shopee\foto-upload\toko1\jibbitz\JB-0000059.png,https://cdn.jsdelivr.net/gh/dennypa77/mass-upload@main/foto-upload/toko1/jibbitz/JB-0000059.png,221180
Graphica Key,toko1,JIBBITZ,JB-0000060,varian,E:\Project\Mass upload shopee\foto-upload\toko1\jibbitz\JB-0000060.png,https://cdn.jsdelivr.net/gh/dennypa77/mass-upload@main/foto-upload/toko1/jibbitz/JB-0000060.png,219893
Graphica Key,toko1,JIBBITZ,JB-0000061,varian,E:\Project\Mass upload shopee\foto-upload\toko1\jibbitz\JB-0000061.png,https://cdn.jsdelivr.net/gh/dennypa77/mass-upload@main/foto-upload/toko1/jibbitz/JB-0000061.png,245075
Graphica Key,toko1,JIBBITZ,JB-0000062,varian,E:\Project\Mass upload shopee\foto-upload\toko1\jibbitz\JB-0000062.png,https://cdn.jsdelivr.net/gh/dennypa77/mass-upload@main/foto-upload/toko1/jibbitz/JB-0000062.png,225586
Graphica Key,toko1,JIBBITZ,JB-0000063,varian,E:\Project\Mass upload shopee\foto-upload\toko1\jibbitz\JB-0000063.png,https://cdn.jsdelivr.net/gh/dennypa77/mass-upload@main/foto-upload/toko1/jibbitz/JB-0000063.png,228269
Graphica Key,toko1,JIBBITZ,JB-0000064,varian,E:\Project\Mass upload shopee\foto-upload\toko1\jibbitz\JB-0000064.png,https://cdn.jsdelivr.net/gh/dennypa77/mass-upload@main/foto-upload/toko1/jibbitz/JB-0000064.png,233493
Graphica Key,toko1,JIBBITZ,JB-0000065,varian,E:\Project\Mass upload shopee\foto-upload\toko1\jibbitz\JB-0000065.png,https://cdn.jsdelivr.net/gh/dennypa77/mass-upload@main/foto-upload/toko1/jibbitz/JB-0000065.png,175878
Graphica Key,toko1,JIBBITZ,JB-0000066,varian,E:\Project\Mass upload shopee\foto-upload\toko1\jibbitz\JB-0000066.png,https://cdn.jsdelivr.net/gh/dennypa77/mass-upload@main/foto-upload/toko1/jibbitz/JB-0000066.png,185883
Graphica Key,toko1,JIBBITZ,JB-0000067,varian,E:\Project\Mass upload shopee\foto-upload\toko1\jibbitz\JB-0000067.png,https://cdn.jsdelivr.net/gh/dennypa77/mass-upload@main/foto-upload/toko1/jibbitz/JB-0000067.png,190932
Graphica Key,toko1,JIBBITZ,JB-0000068,varian,E:\Project\Mass upload shopee\foto-upload\toko1\jibbitz\JB-0000068.png,https://cdn.jsdelivr.net/gh/dennypa77/mass-upload@main/foto-upload/toko1/jibbitz/JB-0000068.png,182034
Graphica Key,toko1,JIBBITZ,JB-0000069,varian,E:\Project\Mass upload shopee\foto-upload\toko1\jibbitz\JB-0000069.png,https://cdn.jsdelivr.net/gh/dennypa77/mass-upload@main/foto-upload/toko1/jibbitz/JB-0000069.png,188611
Graphica Key,toko1,JIBBITZ,JB-0000070,varian,E:\Project\Mass upload shopee\foto-upload\toko1\jibbitz\JB-0000070.png,https://cdn.jsdelivr.net/gh/dennypa77/mass-upload@main/foto-upload/toko1/jibbitz/JB-0000070.png,192975
Graphica Key,toko1,JIBBITZ,JB-0000071,varian,E:\Project\Mass upload shopee\foto-upload\toko1\jibbitz\JB-0000071.png,https://cdn.jsdelivr.net/gh/dennypa77/mass-upload@main/foto-upload/toko1/jibbitz/JB-0000071.png,181031
Graphica Key,toko1,JIBBITZ,JB-0000072,varian,E:\Project\Mass upload shopee\foto-upload\toko1\jibbitz\JB-0000072.png,https://cdn.jsdelivr.net/gh/dennypa77/mass-upload@main/foto-upload/toko1/jibbitz/JB-0000072.png,175533
Graphica Key,toko1,JIBBITZ,JB-0000073,varian,E:\Project\Mass upload shopee\foto-upload\toko1\jibbitz\JB-0000073.png,https://cdn.jsdelivr.net/gh/dennypa77/mass-upload@main/foto-upload/toko1/jibbitz/JB-0000073.png,167449
Graphica Key,toko1,JIBBITZ,JB-0000074,varian,E:\Project\Mass upload shopee\foto-upload\toko1\jibbitz\JB-0000074.png,https://cdn.jsdelivr.net/gh/dennypa77/mass-upload@main/foto-upload/toko1/jibbitz/JB-0000074.png,167866
Graphica Key,toko1,JIBBITZ,JB-0000075,varian,E:\Project\Mass upload shopee\foto-upload\toko1\jibbitz\JB-0000075.png,https://cdn.jsdelivr.net/gh/dennypa77/mass-upload@main/foto-upload/toko1/jibbitz/JB-0000075.png,177266
Graphica Key,toko1,JIBBITZ,JB-0000076,varian,E:\Project\Mass upload shopee\foto-upload\toko1\jibbitz\JB-0000076.png,https://cdn.jsdelivr.net/gh/dennypa77/mass-upload@main/foto-upload/toko1/jibbitz/JB-0000076.png,168626
Graphica Key,toko1,JIBBITZ,JB-0000077,varian,E:\Project\Mass upload shopee\foto-upload\toko1\jibbitz\JB-0000077.png,https://cdn.jsdelivr.net/gh/dennypa77/mass-upload@main/foto-upload/toko1/jibbitz/JB-0000077.png,171628
Graphica Key,toko1,JIBBITZ,JB-0000078,varian,E:\Project\Mass upload shopee\foto-upload\toko1\jibbitz\JB-0000078.png,https://cdn.jsdelivr.net/gh/dennypa77/mass-upload@main/foto-upload/toko1/jibbitz/JB-0000078.png,176141
Graphica Key,toko1,JIBBITZ,JB-0000079,varian,E:\Project\Mass upload shopee\foto-upload\toko1\jibbitz\JB-0000079.png,https://cdn.jsdelivr.net/gh/dennypa77/mass-upload@main/foto-upload/toko1/jibbitz/JB-0000079.png,229019
Graphica Key,toko1,JIBBITZ,JB-0000080,varian,E:\Project\Mass upload shopee\foto-upload\toko1\jibbitz\JB-0000080.png,https://cdn.jsdelivr.net/gh/dennypa77/mass-upload@main/foto-upload/toko1/jibbitz/JB-0000080.png,245219
Graphica Key,toko1,JIBBITZ,JB-0000081,varian,E:\Project\Mass upload shopee\foto-upload\toko1\jibbitz\JB-0000081.png,https://cdn.jsdelivr.net/gh/dennypa77/mass-upload@main/foto-upload/toko1/jibbitz/JB-0000081.png,297239
Graphica Key,toko1,JIBBITZ,JB-0000082,varian,E:\Project\Mass upload shopee\foto-upload\toko1\jibbitz\JB-0000082.png,https://cdn.jsdelivr.net/gh/dennypa77/mass-upload@main/foto-upload/toko1/jibbitz/JB-0000082.png,263170
Graphica Key,toko1,JIBBITZ,JB-0000083,varian,E:\Project\Mass upload shopee\foto-upload\toko1\jibbitz\JB-0000083.png,https://cdn.jsdelivr.net/gh/dennypa77/mass-upload@main/foto-upload/toko1/jibbitz/JB-0000083.png,236690
Graphica Key,toko1,JIBBITZ,JB-0000084,varian,E:\Project\Mass upload shopee\foto-upload\toko1\jibbitz\JB-0000084.png,https://cdn.jsdelivr.net/gh/dennypa77/mass-upload@main/foto-upload/toko1/jibbitz/JB-0000084.png,245829
Graphica Key,toko1,JIBBITZ,JB-0000085,varian,E:\Project\Mass upload shopee\foto-upload\toko1\jibbitz\JB-0000085.png,https://cdn.jsdelivr.net/gh/dennypa77/mass-upload@main/foto-upload/toko1/jibbitz/JB-0000085.png,254485
Graphica Key,toko1,JIBBITZ,JB-0000086,varian,E:\Project\Mass upload shopee\foto-upload\toko1\jibbitz\JB-0000086.png,https://cdn.jsdelivr.net/gh/dennypa77/mass-upload@main/foto-upload/toko1/jibbitz/JB-0000086.png,269047
Graphica Key,toko1,JIBBITZ,JB-0000087,varian,E:\Project\Mass upload shopee\foto-upload\toko1\jibbitz\JB-0000087.png,https://cdn.jsdelivr.net/gh/dennypa77/mass-upload@main/foto-upload/toko1/jibbitz/JB-0000087.png,190874
Graphica Key,toko1,JIBBITZ,JB-0000088,varian,E:\Project\Mass upload shopee\foto-upload\toko1\jibbitz\JB-0000088.png,https://cdn.jsdelivr.net/gh/dennypa77/mass-upload@main/foto-upload/toko1/jibbitz/JB-0000088.png,224948
Graphica Key,toko1,JIBBITZ,JB-0000089,varian,E:\Project\Mass upload shopee\foto-upload\toko1\jibbitz\JB-0000089.png,https://cdn.jsdelivr.net/gh/dennypa77/mass-upload@main/foto-upload/toko1/jibbitz/JB-0000089.png,168839
Graphica Key,toko1,JIBBITZ,JB-0000090,varian,E:\Project\Mass upload shopee\foto-upload\toko1\jibbitz\JB-0000090.png,https://cdn.jsdelivr.net/gh/dennypa77/mass-upload@main/foto-upload/toko1/jibbitz/JB-0000090.png,217812
Graphica Key,toko1,JIBBITZ,JB-0000091,varian,E:\Project\Mass upload shopee\foto-upload\toko1\jibbitz\JB-0000091.png,https://cdn.jsdelivr.net/gh/dennypa77/mass-upload@main/foto-upload/toko1/jibbitz/JB-0000091.png,211158
Graphica Key,toko1,JIBBITZ,JB-0000092,varian,E:\Project\Mass upload shopee\foto-upload\toko1\jibbitz\JB-0000092.png,https://cdn.jsdelivr.net/gh/dennypa77/mass-upload@main/foto-upload/toko1/jibbitz/JB-0000092.png,221280
Graphica Key,toko1,JIBBITZ,JB-0000093,varian,E:\Project\Mass upload shopee\foto-upload\toko1\jibbitz\JB-0000093.png,https://cdn.jsdelivr.net/gh/dennypa77/mass-upload@main/foto-upload/toko1/jibbitz/JB-0000093.png,252888
Graphica Key,toko1,JIBBITZ,JB-0000094,varian,E:\Project\Mass upload shopee\foto-upload\toko1\jibbitz\JB-0000094.png,https://cdn.jsdelivr.net/gh/dennypa77/mass-upload@main/foto-upload/toko1/jibbitz/JB-0000094.png,262276
Graphica Key,toko1,JIBBITZ,JB-0000095,varian,E:\Project\Mass upload shopee\foto-upload\toko1\jibbitz\JB-0000095.png,https://cdn.jsdelivr.net/gh/dennypa77/mass-upload@main/foto-upload/toko1/jibbitz/JB-0000095.png,259396
Graphica Key,toko1,JIBBITZ,JB-0000096,varian,E:\Project\Mass upload shopee\foto-upload\toko1\jibbitz\JB-0000096.png,https://cdn.jsdelivr.net/gh/dennypa77/mass-upload@main/foto-upload/toko1/jibbitz/JB-0000096.png,234153
Graphica Key,toko1,JIBBITZ,JB-0000097,varian,E:\Project\Mass upload shopee\foto-upload\toko1\jibbitz\JB-0000097.png,https://cdn.jsdelivr.net/gh/dennypa77/mass-upload@main/foto-upload/toko1/jibbitz/JB-0000097.png,227834
Graphica Key,toko1,JIBBITZ,JB-0000098,varian,E:\Project\Mass upload shopee\foto-upload\toko1\jibbitz\JB-0000098.png,https://cdn.jsdelivr.net/gh/dennypa77/mass-upload@main/foto-upload/toko1/jibbitz/JB-0000098.png,247579
Graphica Key,toko1,JIBBITZ,JB-0000099,varian,E:\Project\Mass upload shopee\foto-upload\toko1\jibbitz\JB-0000099.png,https://cdn.jsdelivr.net/gh/dennypa77/mass-upload@main/foto-upload/toko1/jibbitz/JB-0000099.png,236201
Graphica Key,toko1,JIBBITZ,JB-0000100,varian,E:\Project\Mass upload shopee\foto-upload\toko1\jibbitz\JB-0000100.png,https://cdn.jsdelivr.net/gh/dennypa77/mass-upload@main/foto-upload/toko1/jibbitz/JB-0000100.png,257321
Graphica Key,toko1,JIBBITZ,JB-0000151,varian,E:\Project\Mass upload shopee\foto-upload\toko1\jibbitz\JB-0000151.png,https://cdn.jsdelivr.net/gh/dennypa77/mass-upload@main/foto-upload/toko1/jibbitz/JB-0000151.png,201440
Graphica Key,toko1,JIBBITZ,JB-0000152,varian,E:\Project\Mass upload shopee\foto-upload\toko1\jibbitz\JB-0000152.png,https://cdn.jsdelivr.net/gh/dennypa77/mass-upload@main/foto-upload/toko1/jibbitz/JB-0000152.png,236862
Graphica Key,toko1,JIBBITZ,JB-0000153,varian,E:\Project\Mass upload shopee\foto-upload\toko1\jibbitz\JB-0000153.png,https://cdn.jsdelivr.net/gh/dennypa77/mass-upload@main/foto-upload/toko1/jibbitz/JB-0000153.png,226448
Graphica Key,toko1,JIBBITZ,JB-0000154,varian,E:\Project\Mass upload shopee\foto-upload\toko1\jibbitz\JB-0000154.png,https://cdn.jsdelivr.net/gh/dennypa77/mass-upload@main/foto-upload/toko1/jibbitz/JB-0000154.png,228792
Graphica Key,toko1,JIBBITZ,JB-0000155,varian,E:\Project\Mass upload shopee\foto-upload\toko1\jibbitz\JB-0000155.png,https://cdn.jsdelivr.net/gh/dennypa77/mass-upload@main/foto-upload/toko1/jibbitz/JB-0000155.png,266416
Graphica Key,toko1,JIBBITZ,JB-0000156,varian,E:\Project\Mass upload shopee\foto-upload\toko1\jibbitz\JB-0000156.png,https://cdn.jsdelivr.net/gh/dennypa77/mass-upload@main/foto-upload/toko1/jibbitz/JB-0000156.png,240373
Graphica Key,toko1,JIBBITZ,JB-0000157,varian,E:\Project\Mass upload shopee\foto-upload\toko1\jibbitz\JB-0000157.png,https://cdn.jsdelivr.net/gh/dennypa77/mass-upload@main/foto-upload/toko1/jibbitz/JB-0000157.png,291312
Graphica Key,toko1,JIBBITZ,JB-0000158,varian,E:\Project\Mass upload shopee\foto-upload\toko1\jibbitz\JB-0000158.png,https://cdn.jsdelivr.net/gh/dennypa77/mass-upload@main/foto-upload/toko1/jibbitz/JB-0000158.png,259950
Graphica Key,toko1,JIBBITZ,JB-0000159,varian,E:\Project\Mass upload shopee\foto-upload\toko1\jibbitz\JB-0000159.png,https://cdn.jsdelivr.net/gh/dennypa77/mass-upload@main/foto-upload/toko1/jibbitz/JB-0000159.png,211458
Graphica Key,toko1,JIBBITZ,JB-0000160,varian,E:\Project\Mass upload shopee\foto-upload\toko1\jibbitz\JB-0000160.png,https://cdn.jsdelivr.net/gh/dennypa77/mass-upload@main/foto-upload/toko1/jibbitz/JB-0000160.png,246098
Graphica Key,toko1,JIBBITZ,JB-0000161,varian,E:\Project\Mass upload shopee\foto-upload\toko1\jibbitz\JB-0000161.png,https://cdn.jsdelivr.net/gh/dennypa77/mass-upload@main/foto-upload/toko1/jibbitz/JB-0000161.png,159482
Graphica Key,toko1,JIBBITZ,JB-0000162,varian,E:\Project\Mass upload shopee\foto-upload\toko1\jibbitz\JB-0000162.png,https://cdn.jsdelivr.net/gh/dennypa77/mass-upload@main/foto-upload/toko1/jibbitz/JB-0000162.png,254965
Graphica Key,toko1,JIBBITZ,JB-0000163,varian,E:\Project\Mass upload shopee\foto-upload\toko1\jibbitz\JB-0000163.png,https://cdn.jsdelivr.net/gh/dennypa77/mass-upload@main/foto-upload/toko1/jibbitz/JB-0000163.png,226707
Graphica Key,toko1,JIBBITZ,JB-0000164,varian,E:\Project\Mass upload shopee\foto-upload\toko1\jibbitz\JB-0000164.png,https://cdn.jsdelivr.net/gh/dennypa77/mass-upload@main/foto-upload/toko1/jibbitz/JB-0000164.png,286359
Graphica Key,toko1,JIBBITZ,JB-0000165,varian,E:\Project\Mass upload shopee\foto-upload\toko1\jibbitz\JB-0000165.png,https://cdn.jsdelivr.net/gh/dennypa77/mass-upload@main/foto-upload/toko1/jibbitz/JB-0000165.png,233506
Graphica Key,toko1,JIBBITZ,JB-0000166,varian,E:\Project\Mass upload shopee\foto-upload\toko1\jibbitz\JB-0000166.png,https://cdn.jsdelivr.net/gh/dennypa77/mass-upload@main/foto-upload/toko1/jibbitz/JB-0000166.png,268192
Graphica Key,toko1,JIBBITZ,JB-0000167,varian,E:\Project\Mass upload shopee\foto-upload\toko1\jibbitz\JB-0000167.png,https://cdn.jsdelivr.net/gh/dennypa77/mass-upload@main/foto-upload/toko1/jibbitz/JB-0000167.png,238368
Graphica Key,toko1,JIBBITZ,JB-0000168,varian,E:\Project\Mass upload shopee\foto-upload\toko1\jibbitz\JB-0000168.png,https://cdn.jsdelivr.net/gh/dennypa77/mass-upload@main/foto-upload/toko1/jibbitz/JB-0000168.png,264152
Graphica Key,toko1,JIBBITZ,JB-0000169,varian,E:\Project\Mass upload shopee\foto-upload\toko1\jibbitz\JB-0000169.png,https://cdn.jsdelivr.net/gh/dennypa77/mass-upload@main/foto-upload/toko1/jibbitz/JB-0000169.png,227987
Graphica Key,toko1,JIBBITZ,JB-0000170,varian,E:\Project\Mass upload shopee\foto-upload\toko1\jibbitz\JB-0000170.png,https://cdn.jsdelivr.net/gh/dennypa77/mass-upload@main/foto-upload/toko1/jibbitz/JB-0000170.png,212122
Graphica Key,toko1,JIBBITZ,JB-0000171,varian,E:\Project\Mass upload shopee\foto-upload\toko1\jibbitz\JB-0000171.png,https://cdn.jsdelivr.net/gh/dennypa77/mass-upload@main/foto-upload/toko1/jibbitz/JB-0000171.png,193476
Graphica Key,toko1,JIBBITZ,JB-0000172,varian,E:\Project\Mass upload shopee\foto-upload\toko1\jibbitz\JB-0000172.png,https://cdn.jsdelivr.net/gh/dennypa77/mass-upload@main/foto-upload/toko1/jibbitz/JB-0000172.png,196065
Graphica Key,toko1,JIBBITZ,JB-0000173,varian,E:\Project\Mass upload shopee\foto-upload\toko1\jibbitz\JB-0000173.png,https://cdn.jsdelivr.net/gh/dennypa77/mass-upload@main/foto-upload/toko1/jibbitz/JB-0000173.png,230020
Graphica Key,toko1,JIBBITZ,JB-0000174,varian,E:\Project\Mass upload shopee\foto-upload\toko1\jibbitz\JB-0000174.png,https://cdn.jsdelivr.net/gh/dennypa77/mass-upload@main/foto-upload/toko1/jibbitz/JB-0000174.png,218001
Graphica Key,toko1,JIBBITZ,JB-0000175,varian,E:\Project\Mass upload shopee\foto-upload\toko1\jibbitz\JB-0000175.png,https://cdn.jsdelivr.net/gh/dennypa77/mass-upload@main/foto-upload/toko1/jibbitz/JB-0000175.png,241312
Graphica Key,toko1,JIBBITZ,JB-0000176,varian,E:\Project\Mass upload shopee\foto-upload\toko1\jibbitz\JB-0000176.png,https://cdn.jsdelivr.net/gh/dennypa77/mass-upload@main/foto-upload/toko1/jibbitz/JB-0000176.png,240007
Graphica Key,toko1,JIBBITZ,JB-0000177,varian,E:\Project\Mass upload shopee\foto-upload\toko1\jibbitz\JB-0000177.png,https://cdn.jsdelivr.net/gh/dennypa77/mass-upload@main/foto-upload/toko1/jibbitz/JB-0000177.png,231061
Graphica Key,toko1,JIBBITZ,JB-0000178,varian,E:\Project\Mass upload shopee\foto-upload\toko1\jibbitz\JB-0000178.png,https://cdn.jsdelivr.net/gh/dennypa77/mass-upload@main/foto-upload/toko1/jibbitz/JB-0000178.png,225420
Graphica Key,toko1,JIBBITZ,JB-0000179,varian,E:\Project\Mass upload shopee\foto-upload\toko1\jibbitz\JB-0000179.png,https://cdn.jsdelivr.net/gh/dennypa77/mass-upload@main/foto-upload/toko1/jibbitz/JB-0000179.png,278174
Graphica Key,toko1,JIBBITZ,JB-0000180,varian,E:\Project\Mass upload shopee\foto-upload\toko1\jibbitz\JB-0000180.png,https://cdn.jsdelivr.net/gh/dennypa77/mass-upload@main/foto-upload/toko1/jibbitz/JB-0000180.png,269138
Graphica Key,toko1,JIBBITZ,JB-0000181,varian,E:\Project\Mass upload shopee\foto-upload\toko1\jibbitz\JB-0000181.png,https://cdn.jsdelivr.net/gh/dennypa77/mass-upload@main/foto-upload/toko1/jibbitz/JB-0000181.png,184628
Graphica Key,toko1,JIBBITZ,JB-0000182,varian,E:\Project\Mass upload shopee\foto-upload\toko1\jibbitz\JB-0000182.png,https://cdn.jsdelivr.net/gh/dennypa77/mass-upload@main/foto-upload/toko1/jibbitz/JB-0000182.png,265031
Graphica Key,toko1,JIBBITZ,JB-0000183,varian,E:\Project\Mass upload shopee\foto-upload\toko1\jibbitz\JB-0000183.png,https://cdn.jsdelivr.net/gh/dennypa77/mass-upload@main/foto-upload/toko1/jibbitz/JB-0000183.png,236631
Graphica Key,toko1,JIBBITZ,JB-0000184,varian,E:\Project\Mass upload shopee\foto-upload\toko1\jibbitz\JB-0000184.png,https://cdn.jsdelivr.net/gh/dennypa77/mass-upload@main/foto-upload/toko1/jibbitz/JB-0000184.png,220589
Graphica Key,toko1,JIBBITZ,JB-0000185,varian,E:\Project\Mass upload shopee\foto-upload\toko1\jibbitz\JB-0000185.png,https://cdn.jsdelivr.net/gh/dennypa77/mass-upload@main/foto-upload/toko1/jibbitz/JB-0000185.png,212047
Graphica Key,toko1,JIBBITZ,JB-0000186,varian,E:\Project\Mass upload shopee\foto-upload\toko1\jibbitz\JB-0000186.png,https://cdn.jsdelivr.net/gh/dennypa77/mass-upload@main/foto-upload/toko1/jibbitz/JB-0000186.png,215137
Graphica Key,toko1,JIBBITZ,JB-0000187,varian,E:\Project\Mass upload shopee\foto-upload\toko1\jibbitz\JB-0000187.png,https://cdn.jsdelivr.net/gh/dennypa77/mass-upload@main/foto-upload/toko1/jibbitz/JB-0000187.png,216375
Graphica Key,toko1,JIBBITZ,JB-0000188,varian,E:\Project\Mass upload shopee\foto-upload\toko1\jibbitz\JB-0000188.png,https://cdn.jsdelivr.net/gh/dennypa77/mass-upload@main/foto-upload/toko1/jibbitz/JB-0000188.png,291357
Graphica Key,toko1,JIBBITZ,JB-0000189,varian,E:\Project\Mass upload shopee\foto-upload\toko1\jibbitz\JB-0000189.png,https://cdn.jsdelivr.net/gh/dennypa77/mass-upload@main/foto-upload/toko1/jibbitz/JB-0000189.png,201213
Graphica Key,toko1,JIBBITZ,JB-0000190,varian,E:\Project\Mass upload shopee\foto-upload\toko1\jibbitz\JB-0000190.png,https://cdn.jsdelivr.net/gh/dennypa77/mass-upload@main/foto-upload/toko1/jibbitz/JB-0000190.png,258840
Graphica Key,toko1,JIBBITZ,JB-0000191,varian,E:\Project\Mass upload shopee\foto-upload\toko1\jibbitz\JB-0000191.png,https://cdn.jsdelivr.net/gh/dennypa77/mass-upload@main/foto-upload/toko1/jibbitz/JB-0000191.png,151085
Graphica Key,toko1,JIBBITZ,JB-0000192,varian,E:\Project\Mass upload shopee\foto-upload\toko1\jibbitz\JB-0000192.png,https://cdn.jsdelivr.net/gh/dennypa77/mass-upload@main/foto-upload/toko1/jibbitz/JB-0000192.png,257716
Graphica Key,toko1,JIBBITZ,JB-0000193,varian,E:\Project\Mass upload shopee\foto-upload\toko1\jibbitz\JB-0000193.png,https://cdn.jsdelivr.net/gh/dennypa77/mass-upload@main/foto-upload/toko1/jibbitz/JB-0000193.png,298777
Graphica Key,toko1,JIBBITZ,JB-0000194,varian,E:\Project\Mass upload shopee\foto-upload\toko1\jibbitz\JB-0000194.png,https://cdn.jsdelivr.net/gh/dennypa77/mass-upload@main/foto-upload/toko1/jibbitz/JB-0000194.png,276026
Graphica Key,toko1,JIBBITZ,JB-0000195,varian,E:\Project\Mass upload shopee\foto-upload\toko1\jibbitz\JB-0000195.png,https://cdn.jsdelivr.net/gh/dennypa77/mass-upload@main/foto-upload/toko1/jibbitz/JB-0000195.png,318409
Graphica Key,toko1,JIBBITZ,JB-0000196,varian,E:\Project\Mass upload shopee\foto-upload\toko1\jibbitz\JB-0000196.png,https://cdn.jsdelivr.net/gh/dennypa77/mass-upload@main/foto-upload/toko1/jibbitz/JB-0000196.png,280513
Graphica Key,toko1,JIBBITZ,JB-0000197,varian,E:\Project\Mass upload shopee\foto-upload\toko1\jibbitz\JB-0000197.png,https://cdn.jsdelivr.net/gh/dennypa77/mass-upload@main/foto-upload/toko1/jibbitz/JB-0000197.png,192203
Graphica Key,toko1,JIBBITZ,JB-0000198,varian,E:\Project\Mass upload shopee\foto-upload\toko1\jibbitz\JB-0000198.png,https://cdn.jsdelivr.net/gh/dennypa77/mass-upload@main/foto-upload/toko1/jibbitz/JB-0000198.png,249592
Graphica Key,toko1,JIBBITZ,JB-0000199,varian,E:\Project\Mass upload shopee\foto-upload\toko1\jibbitz\JB-0000199.png,https://cdn.jsdelivr.net/gh/dennypa77/mass-upload@main/foto-upload/toko1/jibbitz/JB-0000199.png,240580
Graphica Key,toko1,JIBBITZ,JB-0000200,varian,E:\Project\Mass upload shopee\foto-upload\toko1\jibbitz\JB-0000200.png,https://cdn.jsdelivr.net/gh/dennypa77/mass-upload@main/foto-upload/toko1/jibbitz/JB-0000200.png,223301
Graphica Key,toko1,JIBBITZ,JB-0000201,varian,E:\Project\Mass upload shopee\foto-upload\toko1\jibbitz\JB-0000201.png,https://cdn.jsdelivr.net/gh/dennypa77/mass-upload@main/foto-upload/toko1/jibbitz/JB-0000201.png,637665
Graphica Key,toko1,JIBBITZ,JB-0000202,varian,E:\Project\Mass upload shopee\foto-upload\toko1\jibbitz\JB-0000202.png,https://cdn.jsdelivr.net/gh/dennypa77/mass-upload@main/foto-upload/toko1/jibbitz/JB-0000202.png,622971
Graphica Key,toko1,JIBBITZ,JB-0000203,varian,E:\Project\Mass upload shopee\foto-upload\toko1\jibbitz\JB-0000203.png,https://cdn.jsdelivr.net/gh/dennypa77/mass-upload@main/foto-upload/toko1/jibbitz/JB-0000203.png,588667
Graphica Key,toko1,JIBBITZ,JB-0000204,varian,E:\Project\Mass upload shopee\foto-upload\toko1\jibbitz\JB-0000204.png,https://cdn.jsdelivr.net/gh/dennypa77/mass-upload@main/foto-upload/toko1/jibbitz/JB-0000204.png,640853
Graphica Key,toko1,JIBBITZ,JB-0000205,varian,E:\Project\Mass upload shopee\foto-upload\toko1\jibbitz\JB-0000205.png,https://cdn.jsdelivr.net/gh/dennypa77/mass-upload@main/foto-upload/toko1/jibbitz/JB-0000205.png,634814
Graphica Key,toko1,JIBBITZ,JB-0000206,varian,E:\Project\Mass upload shopee\foto-upload\toko1\jibbitz\JB-0000206.png,https://cdn.jsdelivr.net/gh/dennypa77/mass-upload@main/foto-upload/toko1/jibbitz/JB-0000206.png,605319
Graphica Key,toko1,JIBBITZ,JB-0000207,varian,E:\Project\Mass upload shopee\foto-upload\toko1\jibbitz\JB-0000207.png,https://cdn.jsdelivr.net/gh/dennypa77/mass-upload@main/foto-upload/toko1/jibbitz/JB-0000207.png,595537
Graphica Key,toko1,JIBBITZ,JB-0000208,varian,E:\Project\Mass upload shopee\foto-upload\toko1\jibbitz\JB-0000208.png,https://cdn.jsdelivr.net/gh/dennypa77/mass-upload@main/foto-upload/toko1/jibbitz/JB-0000208.png,680671
Graphica Key,toko1,JIBBITZ,JB-0000209,varian,E:\Project\Mass upload shopee\foto-upload\toko1\jibbitz\JB-0000209.png,https://cdn.jsdelivr.net/gh/dennypa77/mass-upload@main/foto-upload/toko1/jibbitz/JB-0000209.png,636664
Graphica Key,toko1,JIBBITZ,JB-0000210,varian,E:\Project\Mass upload shopee\foto-upload\toko1\jibbitz\JB-0000210.png,https://cdn.jsdelivr.net/gh/dennypa77/mass-upload@main/foto-upload/toko1/jibbitz/JB-0000210.png,683964
Graphica Key,toko1,JIBBITZ,JB-0000211,varian,E:\Project\Mass upload shopee\foto-upload\toko1\jibbitz\JB-0000211.png,https://cdn.jsdelivr.net/gh/dennypa77/mass-upload@main/foto-upload/toko1/jibbitz/JB-0000211.png,593256
Graphica Key,toko1,JIBBITZ,JB-0000212,varian,E:\Project\Mass upload shopee\foto-upload\toko1\jibbitz\JB-0000212.png,https://cdn.jsdelivr.net/gh/dennypa77/mass-upload@main/foto-upload/toko1/jibbitz/JB-0000212.png,698060
Graphica Key,toko1,JIBBITZ,JB-0000213,varian,E:\Project\Mass upload shopee\foto-upload\toko1\jibbitz\JB-0000213.png,https://cdn.jsdelivr.net/gh/dennypa77/mass-upload@main/foto-upload/toko1/jibbitz/JB-0000213.png,564119
Graphica Key,toko1,JIBBITZ,JB-0000214,varian,E:\Project\Mass upload shopee\foto-upload\toko1\jibbitz\JB-0000214.png,https://cdn.jsdelivr.net/gh/dennypa77/mass-upload@main/foto-upload/toko1/jibbitz/JB-0000214.png,506940
Graphica Key,toko1,JIBBITZ,JB-0000215,varian,E:\Project\Mass upload shopee\foto-upload\toko1\jibbitz\JB-0000215.png,https://cdn.jsdelivr.net/gh/dennypa77/mass-upload@main/foto-upload/toko1/jibbitz/JB-0000215.png,747388
Graphica Key,toko1,JIBBITZ,JB-0000216,varian,E:\Project\Mass upload shopee\foto-upload\toko1\jibbitz\JB-0000216.png,https://cdn.jsdelivr.net/gh/dennypa77/mass-upload@main/foto-upload/toko1/jibbitz/JB-0000216.png,500752
Graphica Key,toko1,JIBBITZ,JB-0000217,varian,E:\Project\Mass upload shopee\foto-upload\toko1\jibbitz\JB-0000217.png,https://cdn.jsdelivr.net/gh/dennypa77/mass-upload@main/foto-upload/toko1/jibbitz/JB-0000217.png,583443
Graphica Key,toko1,JIBBITZ,JB-0000218,varian,E:\Project\Mass upload shopee\foto-upload\toko1\jibbitz\JB-0000218.png,https://cdn.jsdelivr.net/gh/dennypa77/mass-upload@main/foto-upload/toko1/jibbitz/JB-0000218.png,555580
Graphica Key,toko1,JIBBITZ,JB-0000219,varian,E:\Project\Mass upload shopee\foto-upload\toko1\jibbitz\JB-0000219.png,https://cdn.jsdelivr.net/gh/dennypa77/mass-upload@main/foto-upload/toko1/jibbitz/JB-0000219.png,558669
Graphica Key,toko1,JIBBITZ,JB-0000220,varian,E:\Project\Mass upload shopee\foto-upload\toko1\jibbitz\JB-0000220.png,https://cdn.jsdelivr.net/gh/dennypa77/mass-upload@main/foto-upload/toko1/jibbitz/JB-0000220.png,622928
Graphica Key,toko1,JIBBITZ,JB-0000221,varian,E:\Project\Mass upload shopee\foto-upload\toko1\jibbitz\JB-0000221.png,https://cdn.jsdelivr.net/gh/dennypa77/mass-upload@main/foto-upload/toko1/jibbitz/JB-0000221.png,427737
Graphica Key,toko1,JIBBITZ,JB-0000222,varian,E:\Project\Mass upload shopee\foto-upload\toko1\jibbitz\JB-0000222.png,https://cdn.jsdelivr.net/gh/dennypa77/mass-upload@main/foto-upload/toko1/jibbitz/JB-0000222.png,587822
Graphica Key,toko1,JIBBITZ,JB-0000223,varian,E:\Project\Mass upload shopee\foto-upload\toko1\jibbitz\JB-0000223.png,https://cdn.jsdelivr.net/gh/dennypa77/mass-upload@main/foto-upload/toko1/jibbitz/JB-0000223.png,676873
Graphica Key,toko1,JIBBITZ,JB-0000224,varian,E:\Project\Mass upload shopee\foto-upload\toko1\jibbitz\JB-0000224.png,https://cdn.jsdelivr.net/gh/dennypa77/mass-upload@main/foto-upload/toko1/jibbitz/JB-0000224.png,606966
Graphica Key,toko1,JIBBITZ,JB-0000225,varian,E:\Project\Mass upload shopee\foto-upload\toko1\jibbitz\JB-0000225.png,https://cdn.jsdelivr.net/gh/dennypa77/mass-upload@main/foto-upload/toko1/jibbitz/JB-0000225.png,600566
Graphica Key,toko1,JIBBITZ,JB-0000226,varian,E:\Project\Mass upload shopee\foto-upload\toko1\jibbitz\JB-0000226.png,https://cdn.jsdelivr.net/gh/dennypa77/mass-upload@main/foto-upload/toko1/jibbitz/JB-0000226.png,503213
Graphica Key,toko1,JIBBITZ,JB-0000227,varian,E:\Project\Mass upload shopee\foto-upload\toko1\jibbitz\JB-0000227.png,https://cdn.jsdelivr.net/gh/dennypa77/mass-upload@main/foto-upload/toko1/jibbitz/JB-0000227.png,528676
Graphica Key,toko1,JIBBITZ,JB-0000228,varian,E:\Project\Mass upload shopee\foto-upload\toko1\jibbitz\JB-0000228.png,https://cdn.jsdelivr.net/gh/dennypa77/mass-upload@main/foto-upload/toko1/jibbitz/JB-0000228.png,458548
Graphica Key,toko1,JIBBITZ,JB-0000229,varian,E:\Project\Mass upload shopee\foto-upload\toko1\jibbitz\JB-0000229.png,https://cdn.jsdelivr.net/gh/dennypa77/mass-upload@main/foto-upload/toko1/jibbitz/JB-0000229.png,733285
Graphica Key,toko1,JIBBITZ,JB-0000230,varian,E:\Project\Mass upload shopee\foto-upload\toko1\jibbitz\JB-0000230.png,https://cdn.jsdelivr.net/gh/dennypa77/mass-upload@main/foto-upload/toko1/jibbitz/JB-0000230.png,573447
Graphica Key,toko1,JIBBITZ,JB-0000231,varian,E:\Project\Mass upload shopee\foto-upload\toko1\jibbitz\JB-0000231.png,https://cdn.jsdelivr.net/gh/dennypa77/mass-upload@main/foto-upload/toko1/jibbitz/JB-0000231.png,461568
Graphica Key,toko1,JIBBITZ,JB-0000232,varian,E:\Project\Mass upload shopee\foto-upload\toko1\jibbitz\JB-0000232.png,https://cdn.jsdelivr.net/gh/dennypa77/mass-upload@main/foto-upload/toko1/jibbitz/JB-0000232.png,535782
Graphica Key,toko1,JIBBITZ,JB-0000233,varian,E:\Project\Mass upload shopee\foto-upload\toko1\jibbitz\JB-0000233.png,https://cdn.jsdelivr.net/gh/dennypa77/mass-upload@main/foto-upload/toko1/jibbitz/JB-0000233.png,544084
Graphica Key,toko1,JIBBITZ,JB-0000234,varian,E:\Project\Mass upload shopee\foto-upload\toko1\jibbitz\JB-0000234.png,https://cdn.jsdelivr.net/gh/dennypa77/mass-upload@main/foto-upload/toko1/jibbitz/JB-0000234.png,566651
Graphica Key,toko1,JIBBITZ,JB-0000235,varian,E:\Project\Mass upload shopee\foto-upload\toko1\jibbitz\JB-0000235.png,https://cdn.jsdelivr.net/gh/dennypa77/mass-upload@main/foto-upload/toko1/jibbitz/JB-0000235.png,549186
Graphica Key,toko1,JIBBITZ,JB-0000236,varian,E:\Project\Mass upload shopee\foto-upload\toko1\jibbitz\JB-0000236.png,https://cdn.jsdelivr.net/gh/dennypa77/mass-upload@main/foto-upload/toko1/jibbitz/JB-0000236.png,467117
Graphica Key,toko1,JIBBITZ,JB-0000237,varian,E:\Project\Mass upload shopee\foto-upload\toko1\jibbitz\JB-0000237.png,https://cdn.jsdelivr.net/gh/dennypa77/mass-upload@main/foto-upload/toko1/jibbitz/JB-0000237.png,482052
Graphica Key,toko1,JIBBITZ,JB-0000238,varian,E:\Project\Mass upload shopee\foto-upload\toko1\jibbitz\JB-0000238.png,https://cdn.jsdelivr.net/gh/dennypa77/mass-upload@main/foto-upload/toko1/jibbitz/JB-0000238.png,478691
Graphica Key,toko1,JIBBITZ,JB-0000239,varian,E:\Project\Mass upload shopee\foto-upload\toko1\jibbitz\JB-0000239.png,https://cdn.jsdelivr.net/gh/dennypa77/mass-upload@main/foto-upload/toko1/jibbitz/JB-0000239.png,556356
Graphica Key,toko1,JIBBITZ,JB-0000240,varian,E:\Project\Mass upload shopee\foto-upload\toko1\jibbitz\JB-0000240.png,https://cdn.jsdelivr.net/gh/dennypa77/mass-upload@main/foto-upload/toko1/jibbitz/JB-0000240.png,570547
Graphica Key,toko1,JIBBITZ,JB-0000241,varian,E:\Project\Mass upload shopee\foto-upload\toko1\jibbitz\JB-0000241.png,https://cdn.jsdelivr.net/gh/dennypa77/mass-upload@main/foto-upload/toko1/jibbitz/JB-0000241.png,564902
Graphica Key,toko1,JIBBITZ,JB-0000242,varian,E:\Project\Mass upload shopee\foto-upload\toko1\jibbitz\JB-0000242.png,https://cdn.jsdelivr.net/gh/dennypa77/mass-upload@main/foto-upload/toko1/jibbitz/JB-0000242.png,605457
Graphica Key,toko1,JIBBITZ,JB-0000243,varian,E:\Project\Mass upload shopee\foto-upload\toko1\jibbitz\JB-0000243.png,https://cdn.jsdelivr.net/gh/dennypa77/mass-upload@main/foto-upload/toko1/jibbitz/JB-0000243.png,586693
Graphica Key,toko1,JIBBITZ,JB-0000244,varian,E:\Project\Mass upload shopee\foto-upload\toko1\jibbitz\JB-0000244.png,https://cdn.jsdelivr.net/gh/dennypa77/mass-upload@main/foto-upload/toko1/jibbitz/JB-0000244.png,714482
Graphica Key,toko1,JIBBITZ,JB-0000245,varian,E:\Project\Mass upload shopee\foto-upload\toko1\jibbitz\JB-0000245.png,https://cdn.jsdelivr.net/gh/dennypa77/mass-upload@main/foto-upload/toko1/jibbitz/JB-0000245.png,515883
Graphica Key,toko1,JIBBITZ,JB-0000246,varian,E:\Project\Mass upload shopee\foto-upload\toko1\jibbitz\JB-0000246.png,https://cdn.jsdelivr.net/gh/dennypa77/mass-upload@main/foto-upload/toko1/jibbitz/JB-0000246.png,650016
Graphica Key,toko1,JIBBITZ,JB-0000247,varian,E:\Project\Mass upload shopee\foto-upload\toko1\jibbitz\JB-0000247.png,https://cdn.jsdelivr.net/gh/dennypa77/mass-upload@main/foto-upload/toko1/jibbitz/JB-0000247.png,603963
Graphica Key,toko1,JIBBITZ,JB-0000248,varian,E:\Project\Mass upload shopee\foto-upload\toko1\jibbitz\JB-0000248.png,https://cdn.jsdelivr.net/gh/dennypa77/mass-upload@main/foto-upload/toko1/jibbitz/JB-0000248.png,622449
Graphica Key,toko1,JIBBITZ,JB-0000249,varian,E:\Project\Mass upload shopee\foto-upload\toko1\jibbitz\JB-0000249.png,https://cdn.jsdelivr.net/gh/dennypa77/mass-upload@main/foto-upload/toko1/jibbitz/JB-0000249.png,455343
Graphica Key,toko1,JIBBITZ,JB-0000250,varian,E:\Project\Mass upload shopee\foto-upload\toko1\jibbitz\JB-0000250.png,https://cdn.jsdelivr.net/gh/dennypa77/mass-upload@main/foto-upload/toko1/jibbitz/JB-0000250.png,454361
Graphica Key,toko1,JIBBITZ,JB-BLACKPINK-UTAMA1,utama,E:\Project\Mass upload shopee\foto-upload\toko1\jibbitz\JB-BLACKPINK-utama1.png,https://cdn.jsdelivr.net/gh/dennypa77/mass-upload@main/foto-upload/toko1/jibbitz/JB-BLACKPINK-utama1.png,1784670
Graphica Key,toko1,JIBBITZ,JB-BLACKPINK-UTAMA2,utama,E:\Project\Mass upload shopee\foto-upload\toko1\jibbitz\JB-BLACKPINK-utama2.png,https://cdn.jsdelivr.net/gh/dennypa77/mass-upload@main/foto-upload/toko1/jibbitz/JB-BLACKPINK-utama2.png,804949
Graphica Key,toko1,JIBBITZ,JB-BLACKPINK-UTAMA3,utama,E:\Project\Mass upload shopee\foto-upload\toko1\jibbitz\JB-BLACKPINK-utama3.png,https://cdn.jsdelivr.net/gh/dennypa77/mass-upload@main/foto-upload/toko1/jibbitz/JB-BLACKPINK-utama3.png,1423460
Graphica Key,toko1,JIBBITZ,JB-BTS-UTAMA1,utama,E:\Project\Mass upload shopee\foto-upload\toko1\jibbitz\JB-BTS-utama1.png,https://cdn.jsdelivr.net/gh/dennypa77/mass-upload@main/foto-upload/toko1/jibbitz/JB-BTS-utama1.png,1563291
Graphica Key,toko1,JIBBITZ,JB-BTS-UTAMA2,utama,E:\Project\Mass upload shopee\foto-upload\toko1\jibbitz\JB-BTS-utama2.png,https://cdn.jsdelivr.net/gh/dennypa77/mass-upload@main/foto-upload/toko1/jibbitz/JB-BTS-utama2.png,801470
Graphica Key,toko1,JIBBITZ,JB-BTS-UTAMA3,utama,E:\Project\Mass upload shopee\foto-upload\toko1\jibbitz\JB-BTS-utama3.png,https://cdn.jsdelivr.net/gh/dennypa77/mass-upload@main/foto-upload/toko1/jibbitz/JB-BTS-utama3.png,1418299
Graphica Key,toko1,JIBBITZ,JB-CORTIS-UTAMA1,utama,E:\Project\Mass upload shopee\foto-upload\toko1\jibbitz\JB-CORTIS-utama1.png,https://cdn.jsdelivr.net/gh/dennypa77/mass-upload@main/foto-upload/toko1/jibbitz/JB-CORTIS-utama1.png,1670754
Graphica Key,toko1,JIBBITZ,JB-CORTIS-UTAMA2,utama,E:\Project\Mass upload shopee\foto-upload\toko1\jibbitz\JB-CORTIS-utama2.png,https://cdn.jsdelivr.net/gh/dennypa77/mass-upload@main/foto-upload/toko1/jibbitz/JB-CORTIS-utama2.png,1215809
Graphica Key,toko1,JIBBITZ,JB-CORTIS-UTAMA3,utama,E:\Project\Mass upload shopee\foto-upload\toko1\jibbitz\JB-CORTIS-utama3.png,https://cdn.jsdelivr.net/gh/dennypa77/mass-upload@main/foto-upload/toko1/jibbitz/JB-CORTIS-utama3.png,1578351
Graphica Key,toko1,JIBBITZ,JB-HEARTS2HEARTS-UTAMA1,utama,E:\Project\Mass upload shopee\foto-upload\toko1\jibbitz\JB-HEARTS2HEARTS-utama1.png,https://cdn.jsdelivr.net/gh/dennypa77/mass-upload@main/foto-upload/toko1/jibbitz/JB-HEARTS2HEARTS-utama1.png,1727540
Graphica Key,toko1,JIBBITZ,JB-HEARTS2HEARTS-UTAMA2,utama,E:\Project\Mass upload shopee\foto-upload\toko1\jibbitz\JB-HEARTS2HEARTS-utama2.png,https://cdn.jsdelivr.net/gh/dennypa77/mass-upload@main/foto-upload/toko1/jibbitz/JB-HEARTS2HEARTS-utama2.png,1202138
Graphica Key,toko1,JIBBITZ,JB-HEARTS2HEARTS-UTAMA3,utama,E:\Project\Mass upload shopee\foto-upload\toko1\jibbitz\JB-HEARTS2HEARTS-utama3.png,https://cdn.jsdelivr.net/gh/dennypa77/mass-upload@main/foto-upload/toko1/jibbitz/JB-HEARTS2HEARTS-utama3.png,1562757
Graphica Key,toko1,PIN AKRILIK,PA-0000001,varian,E:\Project\Mass upload shopee\foto-upload\toko1\pin-akrilik\PA-0000001.png,https://cdn.jsdelivr.net/gh/dennypa77/mass-upload@main/foto-upload/toko1/pin-akrilik/PA-0000001.png,381779
Graphica Key,toko1,PIN AKRILIK,PA-0000002,varian,E:\Project\Mass upload shopee\foto-upload\toko1\pin-akrilik\PA-0000002.png,https://cdn.jsdelivr.net/gh/dennypa77/mass-upload@main/foto-upload/toko1/pin-akrilik/PA-0000002.png,349777
Graphica Key,toko1,PIN AKRILIK,PA-0000003,varian,E:\Project\Mass upload shopee\foto-upload\toko1\pin-akrilik\PA-0000003.png,https://cdn.jsdelivr.net/gh/dennypa77/mass-upload@main/foto-upload/toko1/pin-akrilik/PA-0000003.png,350599
Graphica Key,toko1,PIN AKRILIK,PA-0000004,varian,E:\Project\Mass upload shopee\foto-upload\toko1\pin-akrilik\PA-0000004.png,https://cdn.jsdelivr.net/gh/dennypa77/mass-upload@main/foto-upload/toko1/pin-akrilik/PA-0000004.png,339798
Graphica Key,toko1,PIN AKRILIK,PA-0000005,varian,E:\Project\Mass upload shopee\foto-upload\toko1\pin-akrilik\PA-0000005.png,https://cdn.jsdelivr.net/gh/dennypa77/mass-upload@main/foto-upload/toko1/pin-akrilik/PA-0000005.png,365559
Graphica Key,toko1,PIN AKRILIK,PA-0000006,varian,E:\Project\Mass upload shopee\foto-upload\toko1\pin-akrilik\PA-0000006.png,https://cdn.jsdelivr.net/gh/dennypa77/mass-upload@main/foto-upload/toko1/pin-akrilik/PA-0000006.png,299543
Graphica Key,toko1,PIN AKRILIK,PA-0000007,varian,E:\Project\Mass upload shopee\foto-upload\toko1\pin-akrilik\PA-0000007.png,https://cdn.jsdelivr.net/gh/dennypa77/mass-upload@main/foto-upload/toko1/pin-akrilik/PA-0000007.png,356087
Graphica Key,toko1,PIN AKRILIK,PA-0000008,varian,E:\Project\Mass upload shopee\foto-upload\toko1\pin-akrilik\PA-0000008.png,https://cdn.jsdelivr.net/gh/dennypa77/mass-upload@main/foto-upload/toko1/pin-akrilik/PA-0000008.png,350972
Graphica Key,toko1,PIN AKRILIK,PA-0000009,varian,E:\Project\Mass upload shopee\foto-upload\toko1\pin-akrilik\PA-0000009.png,https://cdn.jsdelivr.net/gh/dennypa77/mass-upload@main/foto-upload/toko1/pin-akrilik/PA-0000009.png,330882
Graphica Key,toko1,PIN AKRILIK,PA-0000010,varian,E:\Project\Mass upload shopee\foto-upload\toko1\pin-akrilik\PA-0000010.png,https://cdn.jsdelivr.net/gh/dennypa77/mass-upload@main/foto-upload/toko1/pin-akrilik/PA-0000010.png,347804
Graphica Key,toko1,PIN AKRILIK,PA-0000011,varian,E:\Project\Mass upload shopee\foto-upload\toko1\pin-akrilik\PA-0000011.png,https://cdn.jsdelivr.net/gh/dennypa77/mass-upload@main/foto-upload/toko1/pin-akrilik/PA-0000011.png,310512
Graphica Key,toko1,PIN AKRILIK,PA-0000012,varian,E:\Project\Mass upload shopee\foto-upload\toko1\pin-akrilik\PA-0000012.png,https://cdn.jsdelivr.net/gh/dennypa77/mass-upload@main/foto-upload/toko1/pin-akrilik/PA-0000012.png,289399
Graphica Key,toko1,PIN AKRILIK,PA-0000013,varian,E:\Project\Mass upload shopee\foto-upload\toko1\pin-akrilik\PA-0000013.png,https://cdn.jsdelivr.net/gh/dennypa77/mass-upload@main/foto-upload/toko1/pin-akrilik/PA-0000013.png,332006
Graphica Key,toko1,PIN AKRILIK,PA-0000014,varian,E:\Project\Mass upload shopee\foto-upload\toko1\pin-akrilik\PA-0000014.png,https://cdn.jsdelivr.net/gh/dennypa77/mass-upload@main/foto-upload/toko1/pin-akrilik/PA-0000014.png,277540
Graphica Key,toko1,PIN AKRILIK,PA-0000015,varian,E:\Project\Mass upload shopee\foto-upload\toko1\pin-akrilik\PA-0000015.png,https://cdn.jsdelivr.net/gh/dennypa77/mass-upload@main/foto-upload/toko1/pin-akrilik/PA-0000015.png,322097
Graphica Key,toko1,PIN AKRILIK,PA-0000016,varian,E:\Project\Mass upload shopee\foto-upload\toko1\pin-akrilik\PA-0000016.png,https://cdn.jsdelivr.net/gh/dennypa77/mass-upload@main/foto-upload/toko1/pin-akrilik/PA-0000016.png,332092
Graphica Key,toko1,PIN AKRILIK,PA-0000017,varian,E:\Project\Mass upload shopee\foto-upload\toko1\pin-akrilik\PA-0000017.png,https://cdn.jsdelivr.net/gh/dennypa77/mass-upload@main/foto-upload/toko1/pin-akrilik/PA-0000017.png,303103
Graphica Key,toko1,PIN AKRILIK,PA-0000018,varian,E:\Project\Mass upload shopee\foto-upload\toko1\pin-akrilik\PA-0000018.png,https://cdn.jsdelivr.net/gh/dennypa77/mass-upload@main/foto-upload/toko1/pin-akrilik/PA-0000018.png,327826
Graphica Key,toko1,PIN AKRILIK,PA-0000019,varian,E:\Project\Mass upload shopee\foto-upload\toko1\pin-akrilik\PA-0000019.png,https://cdn.jsdelivr.net/gh/dennypa77/mass-upload@main/foto-upload/toko1/pin-akrilik/PA-0000019.png,291177
Graphica Key,toko1,PIN AKRILIK,PA-0000020,varian,E:\Project\Mass upload shopee\foto-upload\toko1\pin-akrilik\PA-0000020.png,https://cdn.jsdelivr.net/gh/dennypa77/mass-upload@main/foto-upload/toko1/pin-akrilik/PA-0000020.png,332437
Graphica Key,toko1,PIN AKRILIK,PA-0000021,varian,E:\Project\Mass upload shopee\foto-upload\toko1\pin-akrilik\PA-0000021.png,https://cdn.jsdelivr.net/gh/dennypa77/mass-upload@main/foto-upload/toko1/pin-akrilik/PA-0000021.png,326799
Graphica Key,toko1,PIN AKRILIK,PA-0000022,varian,E:\Project\Mass upload shopee\foto-upload\toko1\pin-akrilik\PA-0000022.png,https://cdn.jsdelivr.net/gh/dennypa77/mass-upload@main/foto-upload/toko1/pin-akrilik/PA-0000022.png,376999
Graphica Key,toko1,PIN AKRILIK,PA-0000023,varian,E:\Project\Mass upload shopee\foto-upload\toko1\pin-akrilik\PA-0000023.png,https://cdn.jsdelivr.net/gh/dennypa77/mass-upload@main/foto-upload/toko1/pin-akrilik/PA-0000023.png,323324
Graphica Key,toko1,PIN AKRILIK,PA-0000024,varian,E:\Project\Mass upload shopee\foto-upload\toko1\pin-akrilik\PA-0000024.png,https://cdn.jsdelivr.net/gh/dennypa77/mass-upload@main/foto-upload/toko1/pin-akrilik/PA-0000024.png,360156
Graphica Key,toko1,PIN AKRILIK,PA-0000025,varian,E:\Project\Mass upload shopee\foto-upload\toko1\pin-akrilik\PA-0000025.png,https://cdn.jsdelivr.net/gh/dennypa77/mass-upload@main/foto-upload/toko1/pin-akrilik/PA-0000025.png,356489
Graphica Key,toko1,PIN AKRILIK,PA-0000026,varian,E:\Project\Mass upload shopee\foto-upload\toko1\pin-akrilik\PA-0000026.png,https://cdn.jsdelivr.net/gh/dennypa77/mass-upload@main/foto-upload/toko1/pin-akrilik/PA-0000026.png,303763
Graphica Key,toko1,PIN AKRILIK,PA-0000027,varian,E:\Project\Mass upload shopee\foto-upload\toko1\pin-akrilik\PA-0000027.png,https://cdn.jsdelivr.net/gh/dennypa77/mass-upload@main/foto-upload/toko1/pin-akrilik/PA-0000027.png,318980
Graphica Key,toko1,PIN AKRILIK,PA-0000028,varian,E:\Project\Mass upload shopee\foto-upload\toko1\pin-akrilik\PA-0000028.png,https://cdn.jsdelivr.net/gh/dennypa77/mass-upload@main/foto-upload/toko1/pin-akrilik/PA-0000028.png,341753
Graphica Key,toko1,PIN AKRILIK,PA-0000029,varian,E:\Project\Mass upload shopee\foto-upload\toko1\pin-akrilik\PA-0000029.png,https://cdn.jsdelivr.net/gh/dennypa77/mass-upload@main/foto-upload/toko1/pin-akrilik/PA-0000029.png,341672
Graphica Key,toko1,PIN AKRILIK,PA-0000030,varian,E:\Project\Mass upload shopee\foto-upload\toko1\pin-akrilik\PA-0000030.png,https://cdn.jsdelivr.net/gh/dennypa77/mass-upload@main/foto-upload/toko1/pin-akrilik/PA-0000030.png,345844
Graphica Key,toko1,PIN AKRILIK,PA-0000031,varian,E:\Project\Mass upload shopee\foto-upload\toko1\pin-akrilik\PA-0000031.png,https://cdn.jsdelivr.net/gh/dennypa77/mass-upload@main/foto-upload/toko1/pin-akrilik/PA-0000031.png,298095
Graphica Key,toko1,PIN AKRILIK,PA-0000032,varian,E:\Project\Mass upload shopee\foto-upload\toko1\pin-akrilik\PA-0000032.png,https://cdn.jsdelivr.net/gh/dennypa77/mass-upload@main/foto-upload/toko1/pin-akrilik/PA-0000032.png,335142
Graphica Key,toko1,PIN AKRILIK,PA-0000033,varian,E:\Project\Mass upload shopee\foto-upload\toko1\pin-akrilik\PA-0000033.png,https://cdn.jsdelivr.net/gh/dennypa77/mass-upload@main/foto-upload/toko1/pin-akrilik/PA-0000033.png,356711
Graphica Key,toko1,PIN AKRILIK,PA-0000034,varian,E:\Project\Mass upload shopee\foto-upload\toko1\pin-akrilik\PA-0000034.png,https://cdn.jsdelivr.net/gh/dennypa77/mass-upload@main/foto-upload/toko1/pin-akrilik/PA-0000034.png,265185
Graphica Key,toko1,PIN AKRILIK,PA-0000035,varian,E:\Project\Mass upload shopee\foto-upload\toko1\pin-akrilik\PA-0000035.png,https://cdn.jsdelivr.net/gh/dennypa77/mass-upload@main/foto-upload/toko1/pin-akrilik/PA-0000035.png,312027
Graphica Key,toko1,PIN AKRILIK,PA-0000036,varian,E:\Project\Mass upload shopee\foto-upload\toko1\pin-akrilik\PA-0000036.png,https://cdn.jsdelivr.net/gh/dennypa77/mass-upload@main/foto-upload/toko1/pin-akrilik/PA-0000036.png,303453
Graphica Key,toko1,PIN AKRILIK,PA-0000037,varian,E:\Project\Mass upload shopee\foto-upload\toko1\pin-akrilik\PA-0000037.png,https://cdn.jsdelivr.net/gh/dennypa77/mass-upload@main/foto-upload/toko1/pin-akrilik/PA-0000037.png,324351
Graphica Key,toko1,PIN AKRILIK,PA-0000038,varian,E:\Project\Mass upload shopee\foto-upload\toko1\pin-akrilik\PA-0000038.png,https://cdn.jsdelivr.net/gh/dennypa77/mass-upload@main/foto-upload/toko1/pin-akrilik/PA-0000038.png,299222
Graphica Key,toko1,PIN AKRILIK,PA-0000039,varian,E:\Project\Mass upload shopee\foto-upload\toko1\pin-akrilik\PA-0000039.png,https://cdn.jsdelivr.net/gh/dennypa77/mass-upload@main/foto-upload/toko1/pin-akrilik/PA-0000039.png,311615
Graphica Key,toko1,PIN AKRILIK,PA-0000040,varian,E:\Project\Mass upload shopee\foto-upload\toko1\pin-akrilik\PA-0000040.png,https://cdn.jsdelivr.net/gh/dennypa77/mass-upload@main/foto-upload/toko1/pin-akrilik/PA-0000040.png,300261
Graphica Key,toko1,PIN AKRILIK,PA-0000041,varian,E:\Project\Mass upload shopee\foto-upload\toko1\pin-akrilik\PA-0000041.png,https://cdn.jsdelivr.net/gh/dennypa77/mass-upload@main/foto-upload/toko1/pin-akrilik/PA-0000041.png,323762
Graphica Key,toko1,PIN AKRILIK,PA-0000042,varian,E:\Project\Mass upload shopee\foto-upload\toko1\pin-akrilik\PA-0000042.png,https://cdn.jsdelivr.net/gh/dennypa77/mass-upload@main/foto-upload/toko1/pin-akrilik/PA-0000042.png,329464
Graphica Key,toko1,PIN AKRILIK,PA-0000043,varian,E:\Project\Mass upload shopee\foto-upload\toko1\pin-akrilik\PA-0000043.png,https://cdn.jsdelivr.net/gh/dennypa77/mass-upload@main/foto-upload/toko1/pin-akrilik/PA-0000043.png,331201
Graphica Key,toko1,PIN AKRILIK,PA-0000044,varian,E:\Project\Mass upload shopee\foto-upload\toko1\pin-akrilik\PA-0000044.png,https://cdn.jsdelivr.net/gh/dennypa77/mass-upload@main/foto-upload/toko1/pin-akrilik/PA-0000044.png,332717
Graphica Key,toko1,PIN AKRILIK,PA-0000045,varian,E:\Project\Mass upload shopee\foto-upload\toko1\pin-akrilik\PA-0000045.png,https://cdn.jsdelivr.net/gh/dennypa77/mass-upload@main/foto-upload/toko1/pin-akrilik/PA-0000045.png,334846
Graphica Key,toko1,PIN AKRILIK,PA-0000046,varian,E:\Project\Mass upload shopee\foto-upload\toko1\pin-akrilik\PA-0000046.png,https://cdn.jsdelivr.net/gh/dennypa77/mass-upload@main/foto-upload/toko1/pin-akrilik/PA-0000046.png,291090
Graphica Key,toko1,PIN AKRILIK,PA-0000047,varian,E:\Project\Mass upload shopee\foto-upload\toko1\pin-akrilik\PA-0000047.png,https://cdn.jsdelivr.net/gh/dennypa77/mass-upload@main/foto-upload/toko1/pin-akrilik/PA-0000047.png,268810
Graphica Key,toko1,PIN AKRILIK,PA-0000048,varian,E:\Project\Mass upload shopee\foto-upload\toko1\pin-akrilik\PA-0000048.png,https://cdn.jsdelivr.net/gh/dennypa77/mass-upload@main/foto-upload/toko1/pin-akrilik/PA-0000048.png,304479
Graphica Key,toko1,PIN AKRILIK,PA-0000049,varian,E:\Project\Mass upload shopee\foto-upload\toko1\pin-akrilik\PA-0000049.png,https://cdn.jsdelivr.net/gh/dennypa77/mass-upload@main/foto-upload/toko1/pin-akrilik/PA-0000049.png,277256
Graphica Key,toko1,PIN AKRILIK,PA-0000050,varian,E:\Project\Mass upload shopee\foto-upload\toko1\pin-akrilik\PA-0000050.png,https://cdn.jsdelivr.net/gh/dennypa77/mass-upload@main/foto-upload/toko1/pin-akrilik/PA-0000050.png,283120
Graphica Key,toko1,PIN AKRILIK,PA-0000051,varian,E:\Project\Mass upload shopee\foto-upload\toko1\pin-akrilik\PA-0000051.png,https://cdn.jsdelivr.net/gh/dennypa77/mass-upload@main/foto-upload/toko1/pin-akrilik/PA-0000051.png,338268
Graphica Key,toko1,PIN AKRILIK,PA-0000052,varian,E:\Project\Mass upload shopee\foto-upload\toko1\pin-akrilik\PA-0000052.png,https://cdn.jsdelivr.net/gh/dennypa77/mass-upload@main/foto-upload/toko1/pin-akrilik/PA-0000052.png,356491
Graphica Key,toko1,PIN AKRILIK,PA-0000053,varian,E:\Project\Mass upload shopee\foto-upload\toko1\pin-akrilik\PA-0000053.png,https://cdn.jsdelivr.net/gh/dennypa77/mass-upload@main/foto-upload/toko1/pin-akrilik/PA-0000053.png,369711
Graphica Key,toko1,PIN AKRILIK,PA-0000054,varian,E:\Project\Mass upload shopee\foto-upload\toko1\pin-akrilik\PA-0000054.png,https://cdn.jsdelivr.net/gh/dennypa77/mass-upload@main/foto-upload/toko1/pin-akrilik/PA-0000054.png,339897
Graphica Key,toko1,PIN AKRILIK,PA-0000055,varian,E:\Project\Mass upload shopee\foto-upload\toko1\pin-akrilik\PA-0000055.png,https://cdn.jsdelivr.net/gh/dennypa77/mass-upload@main/foto-upload/toko1/pin-akrilik/PA-0000055.png,359931
Graphica Key,toko1,PIN AKRILIK,PA-0000056,varian,E:\Project\Mass upload shopee\foto-upload\toko1\pin-akrilik\PA-0000056.png,https://cdn.jsdelivr.net/gh/dennypa77/mass-upload@main/foto-upload/toko1/pin-akrilik/PA-0000056.png,358406
Graphica Key,toko1,PIN AKRILIK,PA-0000057,varian,E:\Project\Mass upload shopee\foto-upload\toko1\pin-akrilik\PA-0000057.png,https://cdn.jsdelivr.net/gh/dennypa77/mass-upload@main/foto-upload/toko1/pin-akrilik/PA-0000057.png,364374
Graphica Key,toko1,PIN AKRILIK,PA-0000058,varian,E:\Project\Mass upload shopee\foto-upload\toko1\pin-akrilik\PA-0000058.png,https://cdn.jsdelivr.net/gh/dennypa77/mass-upload@main/foto-upload/toko1/pin-akrilik/PA-0000058.png,298728
Graphica Key,toko1,PIN AKRILIK,PA-0000059,varian,E:\Project\Mass upload shopee\foto-upload\toko1\pin-akrilik\PA-0000059.png,https://cdn.jsdelivr.net/gh/dennypa77/mass-upload@main/foto-upload/toko1/pin-akrilik/PA-0000059.png,305388
Graphica Key,toko1,PIN AKRILIK,PA-0000060,varian,E:\Project\Mass upload shopee\foto-upload\toko1\pin-akrilik\PA-0000060.png,https://cdn.jsdelivr.net/gh/dennypa77/mass-upload@main/foto-upload/toko1/pin-akrilik/PA-0000060.png,304497
Graphica Key,toko1,PIN AKRILIK,PA-0000061,varian,E:\Project\Mass upload shopee\foto-upload\toko1\pin-akrilik\PA-0000061.png,https://cdn.jsdelivr.net/gh/dennypa77/mass-upload@main/foto-upload/toko1/pin-akrilik/PA-0000061.png,328899
Graphica Key,toko1,PIN AKRILIK,PA-0000062,varian,E:\Project\Mass upload shopee\foto-upload\toko1\pin-akrilik\PA-0000062.png,https://cdn.jsdelivr.net/gh/dennypa77/mass-upload@main/foto-upload/toko1/pin-akrilik/PA-0000062.png,310887
Graphica Key,toko1,PIN AKRILIK,PA-0000063,varian,E:\Project\Mass upload shopee\foto-upload\toko1\pin-akrilik\PA-0000063.png,https://cdn.jsdelivr.net/gh/dennypa77/mass-upload@main/foto-upload/toko1/pin-akrilik/PA-0000063.png,313312
Graphica Key,toko1,PIN AKRILIK,PA-0000064,varian,E:\Project\Mass upload shopee\foto-upload\toko1\pin-akrilik\PA-0000064.png,https://cdn.jsdelivr.net/gh/dennypa77/mass-upload@main/foto-upload/toko1/pin-akrilik/PA-0000064.png,318371
Graphica Key,toko1,PIN AKRILIK,PA-0000065,varian,E:\Project\Mass upload shopee\foto-upload\toko1\pin-akrilik\PA-0000065.png,https://cdn.jsdelivr.net/gh/dennypa77/mass-upload@main/foto-upload/toko1/pin-akrilik/PA-0000065.png,260646
Graphica Key,toko1,PIN AKRILIK,PA-0000066,varian,E:\Project\Mass upload shopee\foto-upload\toko1\pin-akrilik\PA-0000066.png,https://cdn.jsdelivr.net/gh/dennypa77/mass-upload@main/foto-upload/toko1/pin-akrilik/PA-0000066.png,270373
Graphica Key,toko1,PIN AKRILIK,PA-0000067,varian,E:\Project\Mass upload shopee\foto-upload\toko1\pin-akrilik\PA-0000067.png,https://cdn.jsdelivr.net/gh/dennypa77/mass-upload@main/foto-upload/toko1/pin-akrilik/PA-0000067.png,276340
Graphica Key,toko1,PIN AKRILIK,PA-0000068,varian,E:\Project\Mass upload shopee\foto-upload\toko1\pin-akrilik\PA-0000068.png,https://cdn.jsdelivr.net/gh/dennypa77/mass-upload@main/foto-upload/toko1/pin-akrilik/PA-0000068.png,267390
Graphica Key,toko1,PIN AKRILIK,PA-0000069,varian,E:\Project\Mass upload shopee\foto-upload\toko1\pin-akrilik\PA-0000069.png,https://cdn.jsdelivr.net/gh/dennypa77/mass-upload@main/foto-upload/toko1/pin-akrilik/PA-0000069.png,273481
Graphica Key,toko1,PIN AKRILIK,PA-0000070,varian,E:\Project\Mass upload shopee\foto-upload\toko1\pin-akrilik\PA-0000070.png,https://cdn.jsdelivr.net/gh/dennypa77/mass-upload@main/foto-upload/toko1/pin-akrilik/PA-0000070.png,277519
Graphica Key,toko1,PIN AKRILIK,PA-0000071,varian,E:\Project\Mass upload shopee\foto-upload\toko1\pin-akrilik\PA-0000071.png,https://cdn.jsdelivr.net/gh/dennypa77/mass-upload@main/foto-upload/toko1/pin-akrilik/PA-0000071.png,265142
Graphica Key,toko1,PIN AKRILIK,PA-0000072,varian,E:\Project\Mass upload shopee\foto-upload\toko1\pin-akrilik\PA-0000072.png,https://cdn.jsdelivr.net/gh/dennypa77/mass-upload@main/foto-upload/toko1/pin-akrilik/PA-0000072.png,261663
Graphica Key,toko1,PIN AKRILIK,PA-0000073,varian,E:\Project\Mass upload shopee\foto-upload\toko1\pin-akrilik\PA-0000073.png,https://cdn.jsdelivr.net/gh/dennypa77/mass-upload@main/foto-upload/toko1/pin-akrilik/PA-0000073.png,253685
Graphica Key,toko1,PIN AKRILIK,PA-0000074,varian,E:\Project\Mass upload shopee\foto-upload\toko1\pin-akrilik\PA-0000074.png,https://cdn.jsdelivr.net/gh/dennypa77/mass-upload@main/foto-upload/toko1/pin-akrilik/PA-0000074.png,254714
Graphica Key,toko1,PIN AKRILIK,PA-0000075,varian,E:\Project\Mass upload shopee\foto-upload\toko1\pin-akrilik\PA-0000075.png,https://cdn.jsdelivr.net/gh/dennypa77/mass-upload@main/foto-upload/toko1/pin-akrilik/PA-0000075.png,263229
Graphica Key,toko1,PIN AKRILIK,PA-0000076,varian,E:\Project\Mass upload shopee\foto-upload\toko1\pin-akrilik\PA-0000076.png,https://cdn.jsdelivr.net/gh/dennypa77/mass-upload@main/foto-upload/toko1/pin-akrilik/PA-0000076.png,254006
Graphica Key,toko1,PIN AKRILIK,PA-0000077,varian,E:\Project\Mass upload shopee\foto-upload\toko1\pin-akrilik\PA-0000077.png,https://cdn.jsdelivr.net/gh/dennypa77/mass-upload@main/foto-upload/toko1/pin-akrilik/PA-0000077.png,257563
Graphica Key,toko1,PIN AKRILIK,PA-0000078,varian,E:\Project\Mass upload shopee\foto-upload\toko1\pin-akrilik\PA-0000078.png,https://cdn.jsdelivr.net/gh/dennypa77/mass-upload@main/foto-upload/toko1/pin-akrilik/PA-0000078.png,262324
Graphica Key,toko1,PIN AKRILIK,PA-0000079,varian,E:\Project\Mass upload shopee\foto-upload\toko1\pin-akrilik\PA-0000079.png,https://cdn.jsdelivr.net/gh/dennypa77/mass-upload@main/foto-upload/toko1/pin-akrilik/PA-0000079.png,312061
Graphica Key,toko1,PIN AKRILIK,PA-0000080,varian,E:\Project\Mass upload shopee\foto-upload\toko1\pin-akrilik\PA-0000080.png,https://cdn.jsdelivr.net/gh/dennypa77/mass-upload@main/foto-upload/toko1/pin-akrilik/PA-0000080.png,329130
Graphica Key,toko1,PIN AKRILIK,PA-0000081,varian,E:\Project\Mass upload shopee\foto-upload\toko1\pin-akrilik\PA-0000081.png,https://cdn.jsdelivr.net/gh/dennypa77/mass-upload@main/foto-upload/toko1/pin-akrilik/PA-0000081.png,379434
Graphica Key,toko1,PIN AKRILIK,PA-0000082,varian,E:\Project\Mass upload shopee\foto-upload\toko1\pin-akrilik\PA-0000082.png,https://cdn.jsdelivr.net/gh/dennypa77/mass-upload@main/foto-upload/toko1/pin-akrilik/PA-0000082.png,346097
Graphica Key,toko1,PIN AKRILIK,PA-0000083,varian,E:\Project\Mass upload shopee\foto-upload\toko1\pin-akrilik\PA-0000083.png,https://cdn.jsdelivr.net/gh/dennypa77/mass-upload@main/foto-upload/toko1/pin-akrilik/PA-0000083.png,321006
Graphica Key,toko1,PIN AKRILIK,PA-0000084,varian,E:\Project\Mass upload shopee\foto-upload\toko1\pin-akrilik\PA-0000084.png,https://cdn.jsdelivr.net/gh/dennypa77/mass-upload@main/foto-upload/toko1/pin-akrilik/PA-0000084.png,329084
Graphica Key,toko1,PIN AKRILIK,PA-0000085,varian,E:\Project\Mass upload shopee\foto-upload\toko1\pin-akrilik\PA-0000085.png,https://cdn.jsdelivr.net/gh/dennypa77/mass-upload@main/foto-upload/toko1/pin-akrilik/PA-0000085.png,337803
Graphica Key,toko1,PIN AKRILIK,PA-0000086,varian,E:\Project\Mass upload shopee\foto-upload\toko1\pin-akrilik\PA-0000086.png,https://cdn.jsdelivr.net/gh/dennypa77/mass-upload@main/foto-upload/toko1/pin-akrilik/PA-0000086.png,354149
Graphica Key,toko1,PIN AKRILIK,PA-0000087,varian,E:\Project\Mass upload shopee\foto-upload\toko1\pin-akrilik\PA-0000087.png,https://cdn.jsdelivr.net/gh/dennypa77/mass-upload@main/foto-upload/toko1/pin-akrilik/PA-0000087.png,275346
Graphica Key,toko1,PIN AKRILIK,PA-0000088,varian,E:\Project\Mass upload shopee\foto-upload\toko1\pin-akrilik\PA-0000088.png,https://cdn.jsdelivr.net/gh/dennypa77/mass-upload@main/foto-upload/toko1/pin-akrilik/PA-0000088.png,309567
Graphica Key,toko1,PIN AKRILIK,PA-0000089,varian,E:\Project\Mass upload shopee\foto-upload\toko1\pin-akrilik\PA-0000089.png,https://cdn.jsdelivr.net/gh/dennypa77/mass-upload@main/foto-upload/toko1/pin-akrilik/PA-0000089.png,255436
Graphica Key,toko1,PIN AKRILIK,PA-0000090,varian,E:\Project\Mass upload shopee\foto-upload\toko1\pin-akrilik\PA-0000090.png,https://cdn.jsdelivr.net/gh/dennypa77/mass-upload@main/foto-upload/toko1/pin-akrilik/PA-0000090.png,302031
Graphica Key,toko1,PIN AKRILIK,PA-0000091,varian,E:\Project\Mass upload shopee\foto-upload\toko1\pin-akrilik\PA-0000091.png,https://cdn.jsdelivr.net/gh/dennypa77/mass-upload@main/foto-upload/toko1/pin-akrilik/PA-0000091.png,294614
Graphica Key,toko1,PIN AKRILIK,PA-0000092,varian,E:\Project\Mass upload shopee\foto-upload\toko1\pin-akrilik\PA-0000092.png,https://cdn.jsdelivr.net/gh/dennypa77/mass-upload@main/foto-upload/toko1/pin-akrilik/PA-0000092.png,304193
Graphica Key,toko1,PIN AKRILIK,PA-0000093,varian,E:\Project\Mass upload shopee\foto-upload\toko1\pin-akrilik\PA-0000093.png,https://cdn.jsdelivr.net/gh/dennypa77/mass-upload@main/foto-upload/toko1/pin-akrilik/PA-0000093.png,334754
Graphica Key,toko1,PIN AKRILIK,PA-0000094,varian,E:\Project\Mass upload shopee\foto-upload\toko1\pin-akrilik\PA-0000094.png,https://cdn.jsdelivr.net/gh/dennypa77/mass-upload@main/foto-upload/toko1/pin-akrilik/PA-0000094.png,343958
Graphica Key,toko1,PIN AKRILIK,PA-0000095,varian,E:\Project\Mass upload shopee\foto-upload\toko1\pin-akrilik\PA-0000095.png,https://cdn.jsdelivr.net/gh/dennypa77/mass-upload@main/foto-upload/toko1/pin-akrilik/PA-0000095.png,341262
Graphica Key,toko1,PIN AKRILIK,PA-0000096,varian,E:\Project\Mass upload shopee\foto-upload\toko1\pin-akrilik\PA-0000096.png,https://cdn.jsdelivr.net/gh/dennypa77/mass-upload@main/foto-upload/toko1/pin-akrilik/PA-0000096.png,315372
Graphica Key,toko1,PIN AKRILIK,PA-0000097,varian,E:\Project\Mass upload shopee\foto-upload\toko1\pin-akrilik\PA-0000097.png,https://cdn.jsdelivr.net/gh/dennypa77/mass-upload@main/foto-upload/toko1/pin-akrilik/PA-0000097.png,311304
Graphica Key,toko1,PIN AKRILIK,PA-0000098,varian,E:\Project\Mass upload shopee\foto-upload\toko1\pin-akrilik\PA-0000098.png,https://cdn.jsdelivr.net/gh/dennypa77/mass-upload@main/foto-upload/toko1/pin-akrilik/PA-0000098.png,330833
Graphica Key,toko1,PIN AKRILIK,PA-0000099,varian,E:\Project\Mass upload shopee\foto-upload\toko1\pin-akrilik\PA-0000099.png,https://cdn.jsdelivr.net/gh/dennypa77/mass-upload@main/foto-upload/toko1/pin-akrilik/PA-0000099.png,319966
Graphica Key,toko1,PIN AKRILIK,PA-0000100,varian,E:\Project\Mass upload shopee\foto-upload\toko1\pin-akrilik\PA-0000100.png,https://cdn.jsdelivr.net/gh/dennypa77/mass-upload@main/foto-upload/toko1/pin-akrilik/PA-0000100.png,339875
Graphica Key,toko1,PIN AKRILIK,PA-0000151,varian,E:\Project\Mass upload shopee\foto-upload\toko1\pin-akrilik\PA-0000151.png,https://cdn.jsdelivr.net/gh/dennypa77/mass-upload@main/foto-upload/toko1/pin-akrilik/PA-0000151.png,98205
Graphica Key,toko1,PIN AKRILIK,PA-0000152,varian,E:\Project\Mass upload shopee\foto-upload\toko1\pin-akrilik\PA-0000152.png,https://cdn.jsdelivr.net/gh/dennypa77/mass-upload@main/foto-upload/toko1/pin-akrilik/PA-0000152.png,109134
Graphica Key,toko1,PIN AKRILIK,PA-0000153,varian,E:\Project\Mass upload shopee\foto-upload\toko1\pin-akrilik\PA-0000153.png,https://cdn.jsdelivr.net/gh/dennypa77/mass-upload@main/foto-upload/toko1/pin-akrilik/PA-0000153.png,106880
Graphica Key,toko1,PIN AKRILIK,PA-0000154,varian,E:\Project\Mass upload shopee\foto-upload\toko1\pin-akrilik\PA-0000154.png,https://cdn.jsdelivr.net/gh/dennypa77/mass-upload@main/foto-upload/toko1/pin-akrilik/PA-0000154.png,105254
Graphica Key,toko1,PIN AKRILIK,PA-0000155,varian,E:\Project\Mass upload shopee\foto-upload\toko1\pin-akrilik\PA-0000155.png,https://cdn.jsdelivr.net/gh/dennypa77/mass-upload@main/foto-upload/toko1/pin-akrilik/PA-0000155.png,118193
Graphica Key,toko1,PIN AKRILIK,PA-0000156,varian,E:\Project\Mass upload shopee\foto-upload\toko1\pin-akrilik\PA-0000156.png,https://cdn.jsdelivr.net/gh/dennypa77/mass-upload@main/foto-upload/toko1/pin-akrilik/PA-0000156.png,110311
Graphica Key,toko1,PIN AKRILIK,PA-0000157,varian,E:\Project\Mass upload shopee\foto-upload\toko1\pin-akrilik\PA-0000157.png,https://cdn.jsdelivr.net/gh/dennypa77/mass-upload@main/foto-upload/toko1/pin-akrilik/PA-0000157.png,124070
Graphica Key,toko1,PIN AKRILIK,PA-0000158,varian,E:\Project\Mass upload shopee\foto-upload\toko1\pin-akrilik\PA-0000158.png,https://cdn.jsdelivr.net/gh/dennypa77/mass-upload@main/foto-upload/toko1/pin-akrilik/PA-0000158.png,115953
Graphica Key,toko1,PIN AKRILIK,PA-0000159,varian,E:\Project\Mass upload shopee\foto-upload\toko1\pin-akrilik\PA-0000159.png,https://cdn.jsdelivr.net/gh/dennypa77/mass-upload@main/foto-upload/toko1/pin-akrilik/PA-0000159.png,101784
Graphica Key,toko1,PIN AKRILIK,PA-0000160,varian,E:\Project\Mass upload shopee\foto-upload\toko1\pin-akrilik\PA-0000160.png,https://cdn.jsdelivr.net/gh/dennypa77/mass-upload@main/foto-upload/toko1/pin-akrilik/PA-0000160.png,111379
Graphica Key,toko1,PIN AKRILIK,PA-0000161,varian,E:\Project\Mass upload shopee\foto-upload\toko1\pin-akrilik\PA-0000161.png,https://cdn.jsdelivr.net/gh/dennypa77/mass-upload@main/foto-upload/toko1/pin-akrilik/PA-0000161.png,83096
Graphica Key,toko1,PIN AKRILIK,PA-0000162,varian,E:\Project\Mass upload shopee\foto-upload\toko1\pin-akrilik\PA-0000162.png,https://cdn.jsdelivr.net/gh/dennypa77/mass-upload@main/foto-upload/toko1/pin-akrilik/PA-0000162.png,115467
Graphica Key,toko1,PIN AKRILIK,PA-0000163,varian,E:\Project\Mass upload shopee\foto-upload\toko1\pin-akrilik\PA-0000163.png,https://cdn.jsdelivr.net/gh/dennypa77/mass-upload@main/foto-upload/toko1/pin-akrilik/PA-0000163.png,105279
Graphica Key,toko1,PIN AKRILIK,PA-0000164,varian,E:\Project\Mass upload shopee\foto-upload\toko1\pin-akrilik\PA-0000164.png,https://cdn.jsdelivr.net/gh/dennypa77/mass-upload@main/foto-upload/toko1/pin-akrilik/PA-0000164.png,122440
Graphica Key,toko1,PIN AKRILIK,PA-0000165,varian,E:\Project\Mass upload shopee\foto-upload\toko1\pin-akrilik\PA-0000165.png,https://cdn.jsdelivr.net/gh/dennypa77/mass-upload@main/foto-upload/toko1/pin-akrilik/PA-0000165.png,108394
Graphica Key,toko1,PIN AKRILIK,PA-0000166,varian,E:\Project\Mass upload shopee\foto-upload\toko1\pin-akrilik\PA-0000166.png,https://cdn.jsdelivr.net/gh/dennypa77/mass-upload@main/foto-upload/toko1/pin-akrilik/PA-0000166.png,120364
Graphica Key,toko1,PIN AKRILIK,PA-0000167,varian,E:\Project\Mass upload shopee\foto-upload\toko1\pin-akrilik\PA-0000167.png,https://cdn.jsdelivr.net/gh/dennypa77/mass-upload@main/foto-upload/toko1/pin-akrilik/PA-0000167.png,110019
Graphica Key,toko1,PIN AKRILIK,PA-0000168,varian,E:\Project\Mass upload shopee\foto-upload\toko1\pin-akrilik\PA-0000168.png,https://cdn.jsdelivr.net/gh/dennypa77/mass-upload@main/foto-upload/toko1/pin-akrilik/PA-0000168.png,119665
Graphica Key,toko1,PIN AKRILIK,PA-0000169,varian,E:\Project\Mass upload shopee\foto-upload\toko1\pin-akrilik\PA-0000169.png,https://cdn.jsdelivr.net/gh/dennypa77/mass-upload@main/foto-upload/toko1/pin-akrilik/PA-0000169.png,105601
Graphica Key,toko1,PIN AKRILIK,PA-0000170,varian,E:\Project\Mass upload shopee\foto-upload\toko1\pin-akrilik\PA-0000170.png,https://cdn.jsdelivr.net/gh/dennypa77/mass-upload@main/foto-upload/toko1/pin-akrilik/PA-0000170.png,103698
Graphica Key,toko1,PIN AKRILIK,PA-0000171,varian,E:\Project\Mass upload shopee\foto-upload\toko1\pin-akrilik\PA-0000171.png,https://cdn.jsdelivr.net/gh/dennypa77/mass-upload@main/foto-upload/toko1/pin-akrilik/PA-0000171.png,95544
Graphica Key,toko1,PIN AKRILIK,PA-0000172,varian,E:\Project\Mass upload shopee\foto-upload\toko1\pin-akrilik\PA-0000172.png,https://cdn.jsdelivr.net/gh/dennypa77/mass-upload@main/foto-upload/toko1/pin-akrilik/PA-0000172.png,100494
Graphica Key,toko1,PIN AKRILIK,PA-0000173,varian,E:\Project\Mass upload shopee\foto-upload\toko1\pin-akrilik\PA-0000173.png,https://cdn.jsdelivr.net/gh/dennypa77/mass-upload@main/foto-upload/toko1/pin-akrilik/PA-0000173.png,107770
Graphica Key,toko1,PIN AKRILIK,PA-0000174,varian,E:\Project\Mass upload shopee\foto-upload\toko1\pin-akrilik\PA-0000174.png,https://cdn.jsdelivr.net/gh/dennypa77/mass-upload@main/foto-upload/toko1/pin-akrilik/PA-0000174.png,104139
Graphica Key,toko1,PIN AKRILIK,PA-0000175,varian,E:\Project\Mass upload shopee\foto-upload\toko1\pin-akrilik\PA-0000175.png,https://cdn.jsdelivr.net/gh/dennypa77/mass-upload@main/foto-upload/toko1/pin-akrilik/PA-0000175.png,111958
Graphica Key,toko1,PIN AKRILIK,PA-0000176,varian,E:\Project\Mass upload shopee\foto-upload\toko1\pin-akrilik\PA-0000176.png,https://cdn.jsdelivr.net/gh/dennypa77/mass-upload@main/foto-upload/toko1/pin-akrilik/PA-0000176.png,110001
Graphica Key,toko1,PIN AKRILIK,PA-0000177,varian,E:\Project\Mass upload shopee\foto-upload\toko1\pin-akrilik\PA-0000177.png,https://cdn.jsdelivr.net/gh/dennypa77/mass-upload@main/foto-upload/toko1/pin-akrilik/PA-0000177.png,106375
Graphica Key,toko1,PIN AKRILIK,PA-0000178,varian,E:\Project\Mass upload shopee\foto-upload\toko1\pin-akrilik\PA-0000178.png,https://cdn.jsdelivr.net/gh/dennypa77/mass-upload@main/foto-upload/toko1/pin-akrilik/PA-0000178.png,104485
Graphica Key,toko1,PIN AKRILIK,PA-0000179,varian,E:\Project\Mass upload shopee\foto-upload\toko1\pin-akrilik\PA-0000179.png,https://cdn.jsdelivr.net/gh/dennypa77/mass-upload@main/foto-upload/toko1/pin-akrilik/PA-0000179.png,121583
Graphica Key,toko1,PIN AKRILIK,PA-0000180,varian,E:\Project\Mass upload shopee\foto-upload\toko1\pin-akrilik\PA-0000180.png,https://cdn.jsdelivr.net/gh/dennypa77/mass-upload@main/foto-upload/toko1/pin-akrilik/PA-0000180.png,117390
Graphica Key,toko1,PIN AKRILIK,PA-0000181,varian,E:\Project\Mass upload shopee\foto-upload\toko1\pin-akrilik\PA-0000181.png,https://cdn.jsdelivr.net/gh/dennypa77/mass-upload@main/foto-upload/toko1/pin-akrilik/PA-0000181.png,92079
Graphica Key,toko1,PIN AKRILIK,PA-0000182,varian,E:\Project\Mass upload shopee\foto-upload\toko1\pin-akrilik\PA-0000182.png,https://cdn.jsdelivr.net/gh/dennypa77/mass-upload@main/foto-upload/toko1/pin-akrilik/PA-0000182.png,117075
Graphica Key,toko1,PIN AKRILIK,PA-0000183,varian,E:\Project\Mass upload shopee\foto-upload\toko1\pin-akrilik\PA-0000183.png,https://cdn.jsdelivr.net/gh/dennypa77/mass-upload@main/foto-upload/toko1/pin-akrilik/PA-0000183.png,110342
Graphica Key,toko1,PIN AKRILIK,PA-0000184,varian,E:\Project\Mass upload shopee\foto-upload\toko1\pin-akrilik\PA-0000184.png,https://cdn.jsdelivr.net/gh/dennypa77/mass-upload@main/foto-upload/toko1/pin-akrilik/PA-0000184.png,102657
Graphica Key,toko1,PIN AKRILIK,PA-0000185,varian,E:\Project\Mass upload shopee\foto-upload\toko1\pin-akrilik\PA-0000185.png,https://cdn.jsdelivr.net/gh/dennypa77/mass-upload@main/foto-upload/toko1/pin-akrilik/PA-0000185.png,98752
Graphica Key,toko1,PIN AKRILIK,PA-0000186,varian,E:\Project\Mass upload shopee\foto-upload\toko1\pin-akrilik\PA-0000186.png,https://cdn.jsdelivr.net/gh/dennypa77/mass-upload@main/foto-upload/toko1/pin-akrilik/PA-0000186.png,103293
Graphica Key,toko1,PIN AKRILIK,PA-0000187,varian,E:\Project\Mass upload shopee\foto-upload\toko1\pin-akrilik\PA-0000187.png,https://cdn.jsdelivr.net/gh/dennypa77/mass-upload@main/foto-upload/toko1/pin-akrilik/PA-0000187.png,102866
Graphica Key,toko1,PIN AKRILIK,PA-0000188,varian,E:\Project\Mass upload shopee\foto-upload\toko1\pin-akrilik\PA-0000188.png,https://cdn.jsdelivr.net/gh/dennypa77/mass-upload@main/foto-upload/toko1/pin-akrilik/PA-0000188.png,124109
Graphica Key,toko1,PIN AKRILIK,PA-0000189,varian,E:\Project\Mass upload shopee\foto-upload\toko1\pin-akrilik\PA-0000189.png,https://cdn.jsdelivr.net/gh/dennypa77/mass-upload@main/foto-upload/toko1/pin-akrilik/PA-0000189.png,96862
Graphica Key,toko1,PIN AKRILIK,PA-0000190,varian,E:\Project\Mass upload shopee\foto-upload\toko1\pin-akrilik\PA-0000190.png,https://cdn.jsdelivr.net/gh/dennypa77/mass-upload@main/foto-upload/toko1/pin-akrilik/PA-0000190.png,116581
Graphica Key,toko1,PIN AKRILIK,PA-0000191,varian,E:\Project\Mass upload shopee\foto-upload\toko1\pin-akrilik\PA-0000191.png,https://cdn.jsdelivr.net/gh/dennypa77/mass-upload@main/foto-upload/toko1/pin-akrilik/PA-0000191.png,82854
Graphica Key,toko1,PIN AKRILIK,PA-0000192,varian,E:\Project\Mass upload shopee\foto-upload\toko1\pin-akrilik\PA-0000192.png,https://cdn.jsdelivr.net/gh/dennypa77/mass-upload@main/foto-upload/toko1/pin-akrilik/PA-0000192.png,116168
Graphica Key,toko1,PIN AKRILIK,PA-0000193,varian,E:\Project\Mass upload shopee\foto-upload\toko1\pin-akrilik\PA-0000193.png,https://cdn.jsdelivr.net/gh/dennypa77/mass-upload@main/foto-upload/toko1/pin-akrilik/PA-0000193.png,127911
Graphica Key,toko1,PIN AKRILIK,PA-0000194,varian,E:\Project\Mass upload shopee\foto-upload\toko1\pin-akrilik\PA-0000194.png,https://cdn.jsdelivr.net/gh/dennypa77/mass-upload@main/foto-upload/toko1/pin-akrilik/PA-0000194.png,120451
Graphica Key,toko1,PIN AKRILIK,PA-0000195,varian,E:\Project\Mass upload shopee\foto-upload\toko1\pin-akrilik\PA-0000195.png,https://cdn.jsdelivr.net/gh/dennypa77/mass-upload@main/foto-upload/toko1/pin-akrilik/PA-0000195.png,130745
Graphica Key,toko1,PIN AKRILIK,PA-0000196,varian,E:\Project\Mass upload shopee\foto-upload\toko1\pin-akrilik\PA-0000196.png,https://cdn.jsdelivr.net/gh/dennypa77/mass-upload@main/foto-upload/toko1/pin-akrilik/PA-0000196.png,121524
Graphica Key,toko1,PIN AKRILIK,PA-0000197,varian,E:\Project\Mass upload shopee\foto-upload\toko1\pin-akrilik\PA-0000197.png,https://cdn.jsdelivr.net/gh/dennypa77/mass-upload@main/foto-upload/toko1/pin-akrilik/PA-0000197.png,95627
Graphica Key,toko1,PIN AKRILIK,PA-0000198,varian,E:\Project\Mass upload shopee\foto-upload\toko1\pin-akrilik\PA-0000198.png,https://cdn.jsdelivr.net/gh/dennypa77/mass-upload@main/foto-upload/toko1/pin-akrilik/PA-0000198.png,112727
Graphica Key,toko1,PIN AKRILIK,PA-0000199,varian,E:\Project\Mass upload shopee\foto-upload\toko1\pin-akrilik\PA-0000199.png,https://cdn.jsdelivr.net/gh/dennypa77/mass-upload@main/foto-upload/toko1/pin-akrilik/PA-0000199.png,111583
Graphica Key,toko1,PIN AKRILIK,PA-0000200,varian,E:\Project\Mass upload shopee\foto-upload\toko1\pin-akrilik\PA-0000200.png,https://cdn.jsdelivr.net/gh/dennypa77/mass-upload@main/foto-upload/toko1/pin-akrilik/PA-0000200.png,105398
Graphica Key,toko1,PIN AKRILIK,PA-0000201,varian,E:\Project\Mass upload shopee\foto-upload\toko1\pin-akrilik\PA-0000201.png,https://cdn.jsdelivr.net/gh/dennypa77/mass-upload@main/foto-upload/toko1/pin-akrilik/PA-0000201.png,869024
Graphica Key,toko1,PIN AKRILIK,PA-0000202,varian,E:\Project\Mass upload shopee\foto-upload\toko1\pin-akrilik\PA-0000202.png,https://cdn.jsdelivr.net/gh/dennypa77/mass-upload@main/foto-upload/toko1/pin-akrilik/PA-0000202.png,852537
Graphica Key,toko1,PIN AKRILIK,PA-0000203,varian,E:\Project\Mass upload shopee\foto-upload\toko1\pin-akrilik\PA-0000203.png,https://cdn.jsdelivr.net/gh/dennypa77/mass-upload@main/foto-upload/toko1/pin-akrilik/PA-0000203.png,820991
Graphica Key,toko1,PIN AKRILIK,PA-0000204,varian,E:\Project\Mass upload shopee\foto-upload\toko1\pin-akrilik\PA-0000204.png,https://cdn.jsdelivr.net/gh/dennypa77/mass-upload@main/foto-upload/toko1/pin-akrilik/PA-0000204.png,871495
Graphica Key,toko1,PIN AKRILIK,PA-0000205,varian,E:\Project\Mass upload shopee\foto-upload\toko1\pin-akrilik\PA-0000205.png,https://cdn.jsdelivr.net/gh/dennypa77/mass-upload@main/foto-upload/toko1/pin-akrilik/PA-0000205.png,867031
Graphica Key,toko1,PIN AKRILIK,PA-0000206,varian,E:\Project\Mass upload shopee\foto-upload\toko1\pin-akrilik\PA-0000206.png,https://cdn.jsdelivr.net/gh/dennypa77/mass-upload@main/foto-upload/toko1/pin-akrilik/PA-0000206.png,838045
Graphica Key,toko1,PIN AKRILIK,PA-0000207,varian,E:\Project\Mass upload shopee\foto-upload\toko1\pin-akrilik\PA-0000207.png,https://cdn.jsdelivr.net/gh/dennypa77/mass-upload@main/foto-upload/toko1/pin-akrilik/PA-0000207.png,828210
Graphica Key,toko1,PIN AKRILIK,PA-0000208,varian,E:\Project\Mass upload shopee\foto-upload\toko1\pin-akrilik\PA-0000208.png,https://cdn.jsdelivr.net/gh/dennypa77/mass-upload@main/foto-upload/toko1/pin-akrilik/PA-0000208.png,907677
Graphica Key,toko1,PIN AKRILIK,PA-0000209,varian,E:\Project\Mass upload shopee\foto-upload\toko1\pin-akrilik\PA-0000209.png,https://cdn.jsdelivr.net/gh/dennypa77/mass-upload@main/foto-upload/toko1/pin-akrilik/PA-0000209.png,867690
Graphica Key,toko1,PIN AKRILIK,PA-0000210,varian,E:\Project\Mass upload shopee\foto-upload\toko1\pin-akrilik\PA-0000210.png,https://cdn.jsdelivr.net/gh/dennypa77/mass-upload@main/foto-upload/toko1/pin-akrilik/PA-0000210.png,918506
Graphica Key,toko1,PIN AKRILIK,PA-0000211,varian,E:\Project\Mass upload shopee\foto-upload\toko1\pin-akrilik\PA-0000211.png,https://cdn.jsdelivr.net/gh/dennypa77/mass-upload@main/foto-upload/toko1/pin-akrilik/PA-0000211.png,823607
Graphica Key,toko1,PIN AKRILIK,PA-0000212,varian,E:\Project\Mass upload shopee\foto-upload\toko1\pin-akrilik\PA-0000212.png,https://cdn.jsdelivr.net/gh/dennypa77/mass-upload@main/foto-upload/toko1/pin-akrilik/PA-0000212.png,927231
Graphica Key,toko1,PIN AKRILIK,PA-0000213,varian,E:\Project\Mass upload shopee\foto-upload\toko1\pin-akrilik\PA-0000213.png,https://cdn.jsdelivr.net/gh/dennypa77/mass-upload@main/foto-upload/toko1/pin-akrilik/PA-0000213.png,797709
Graphica Key,toko1,PIN AKRILIK,PA-0000214,varian,E:\Project\Mass upload shopee\foto-upload\toko1\pin-akrilik\PA-0000214.png,https://cdn.jsdelivr.net/gh/dennypa77/mass-upload@main/foto-upload/toko1/pin-akrilik/PA-0000214.png,742460
Graphica Key,toko1,PIN AKRILIK,PA-0000215,varian,E:\Project\Mass upload shopee\foto-upload\toko1\pin-akrilik\PA-0000215.png,https://cdn.jsdelivr.net/gh/dennypa77/mass-upload@main/foto-upload/toko1/pin-akrilik/PA-0000215.png,977937
Graphica Key,toko1,PIN AKRILIK,PA-0000216,varian,E:\Project\Mass upload shopee\foto-upload\toko1\pin-akrilik\PA-0000216.png,https://cdn.jsdelivr.net/gh/dennypa77/mass-upload@main/foto-upload/toko1/pin-akrilik/PA-0000216.png,736066
Graphica Key,toko1,PIN AKRILIK,PA-0000217,varian,E:\Project\Mass upload shopee\foto-upload\toko1\pin-akrilik\PA-0000217.png,https://cdn.jsdelivr.net/gh/dennypa77/mass-upload@main/foto-upload/toko1/pin-akrilik/PA-0000217.png,816445
Graphica Key,toko1,PIN AKRILIK,PA-0000218,varian,E:\Project\Mass upload shopee\foto-upload\toko1\pin-akrilik\PA-0000218.png,https://cdn.jsdelivr.net/gh/dennypa77/mass-upload@main/foto-upload/toko1/pin-akrilik/PA-0000218.png,788204
Graphica Key,toko1,PIN AKRILIK,PA-0000219,varian,E:\Project\Mass upload shopee\foto-upload\toko1\pin-akrilik\PA-0000219.png,https://cdn.jsdelivr.net/gh/dennypa77/mass-upload@main/foto-upload/toko1/pin-akrilik/PA-0000219.png,799235
Graphica Key,toko1,PIN AKRILIK,PA-0000220,varian,E:\Project\Mass upload shopee\foto-upload\toko1\pin-akrilik\PA-0000220.png,https://cdn.jsdelivr.net/gh/dennypa77/mass-upload@main/foto-upload/toko1/pin-akrilik/PA-0000220.png,854794
Graphica Key,toko1,PIN AKRILIK,PA-0000221,varian,E:\Project\Mass upload shopee\foto-upload\toko1\pin-akrilik\PA-0000221.png,https://cdn.jsdelivr.net/gh/dennypa77/mass-upload@main/foto-upload/toko1/pin-akrilik/PA-0000221.png,666726
Graphica Key,toko1,PIN AKRILIK,PA-0000222,varian,E:\Project\Mass upload shopee\foto-upload\toko1\pin-akrilik\PA-0000222.png,https://cdn.jsdelivr.net/gh/dennypa77/mass-upload@main/foto-upload/toko1/pin-akrilik/PA-0000222.png,823816
Graphica Key,toko1,PIN AKRILIK,PA-0000223,varian,E:\Project\Mass upload shopee\foto-upload\toko1\pin-akrilik\PA-0000223.png,https://cdn.jsdelivr.net/gh/dennypa77/mass-upload@main/foto-upload/toko1/pin-akrilik/PA-0000223.png,908471
Graphica Key,toko1,PIN AKRILIK,PA-0000224,varian,E:\Project\Mass upload shopee\foto-upload\toko1\pin-akrilik\PA-0000224.png,https://cdn.jsdelivr.net/gh/dennypa77/mass-upload@main/foto-upload/toko1/pin-akrilik/PA-0000224.png,844572
Graphica Key,toko1,PIN AKRILIK,PA-0000225,varian,E:\Project\Mass upload shopee\foto-upload\toko1\pin-akrilik\PA-0000225.png,https://cdn.jsdelivr.net/gh/dennypa77/mass-upload@main/foto-upload/toko1/pin-akrilik/PA-0000225.png,833890
Graphica Key,toko1,PIN AKRILIK,PA-0000226,varian,E:\Project\Mass upload shopee\foto-upload\toko1\pin-akrilik\PA-0000226.png,https://cdn.jsdelivr.net/gh/dennypa77/mass-upload@main/foto-upload/toko1/pin-akrilik/PA-0000226.png,734450
Graphica Key,toko1,PIN AKRILIK,PA-0000227,varian,E:\Project\Mass upload shopee\foto-upload\toko1\pin-akrilik\PA-0000227.png,https://cdn.jsdelivr.net/gh/dennypa77/mass-upload@main/foto-upload/toko1/pin-akrilik/PA-0000227.png,766086
Graphica Key,toko1,PIN AKRILIK,PA-0000228,varian,E:\Project\Mass upload shopee\foto-upload\toko1\pin-akrilik\PA-0000228.png,https://cdn.jsdelivr.net/gh/dennypa77/mass-upload@main/foto-upload/toko1/pin-akrilik/PA-0000228.png,696160
Graphica Key,toko1,PIN AKRILIK,PA-0000229,varian,E:\Project\Mass upload shopee\foto-upload\toko1\pin-akrilik\PA-0000229.png,https://cdn.jsdelivr.net/gh/dennypa77/mass-upload@main/foto-upload/toko1/pin-akrilik/PA-0000229.png,965359
Graphica Key,toko1,PIN AKRILIK,PA-0000230,varian,E:\Project\Mass upload shopee\foto-upload\toko1\pin-akrilik\PA-0000230.png,https://cdn.jsdelivr.net/gh/dennypa77/mass-upload@main/foto-upload/toko1/pin-akrilik/PA-0000230.png,806124
Graphica Key,toko1,PIN AKRILIK,PA-0000231,varian,E:\Project\Mass upload shopee\foto-upload\toko1\pin-akrilik\PA-0000231.png,https://cdn.jsdelivr.net/gh/dennypa77/mass-upload@main/foto-upload/toko1/pin-akrilik/PA-0000231.png,693618
Graphica Key,toko1,PIN AKRILIK,PA-0000232,varian,E:\Project\Mass upload shopee\foto-upload\toko1\pin-akrilik\PA-0000232.png,https://cdn.jsdelivr.net/gh/dennypa77/mass-upload@main/foto-upload/toko1/pin-akrilik/PA-0000232.png,765207
Graphica Key,toko1,PIN AKRILIK,PA-0000233,varian,E:\Project\Mass upload shopee\foto-upload\toko1\pin-akrilik\PA-0000233.png,https://cdn.jsdelivr.net/gh/dennypa77/mass-upload@main/foto-upload/toko1/pin-akrilik/PA-0000233.png,774279
Graphica Key,toko1,PIN AKRILIK,PA-0000234,varian,E:\Project\Mass upload shopee\foto-upload\toko1\pin-akrilik\PA-0000234.png,https://cdn.jsdelivr.net/gh/dennypa77/mass-upload@main/foto-upload/toko1/pin-akrilik/PA-0000234.png,799595
Graphica Key,toko1,PIN AKRILIK,PA-0000235,varian,E:\Project\Mass upload shopee\foto-upload\toko1\pin-akrilik\PA-0000235.png,https://cdn.jsdelivr.net/gh/dennypa77/mass-upload@main/foto-upload/toko1/pin-akrilik/PA-0000235.png,778847
Graphica Key,toko1,PIN AKRILIK,PA-0000236,varian,E:\Project\Mass upload shopee\foto-upload\toko1\pin-akrilik\PA-0000236.png,https://cdn.jsdelivr.net/gh/dennypa77/mass-upload@main/foto-upload/toko1/pin-akrilik/PA-0000236.png,700615
Graphica Key,toko1,PIN AKRILIK,PA-0000237,varian,E:\Project\Mass upload shopee\foto-upload\toko1\pin-akrilik\PA-0000237.png,https://cdn.jsdelivr.net/gh/dennypa77/mass-upload@main/foto-upload/toko1/pin-akrilik/PA-0000237.png,713901
Graphica Key,toko1,PIN AKRILIK,PA-0000238,varian,E:\Project\Mass upload shopee\foto-upload\toko1\pin-akrilik\PA-0000238.png,https://cdn.jsdelivr.net/gh/dennypa77/mass-upload@main/foto-upload/toko1/pin-akrilik/PA-0000238.png,711946
Graphica Key,toko1,PIN AKRILIK,PA-0000239,varian,E:\Project\Mass upload shopee\foto-upload\toko1\pin-akrilik\PA-0000239.png,https://cdn.jsdelivr.net/gh/dennypa77/mass-upload@main/foto-upload/toko1/pin-akrilik/PA-0000239.png,787849
Graphica Key,toko1,PIN AKRILIK,PA-0000240,varian,E:\Project\Mass upload shopee\foto-upload\toko1\pin-akrilik\PA-0000240.png,https://cdn.jsdelivr.net/gh/dennypa77/mass-upload@main/foto-upload/toko1/pin-akrilik/PA-0000240.png,804179
Graphica Key,toko1,PIN AKRILIK,PA-0000241,varian,E:\Project\Mass upload shopee\foto-upload\toko1\pin-akrilik\PA-0000241.png,https://cdn.jsdelivr.net/gh/dennypa77/mass-upload@main/foto-upload/toko1/pin-akrilik/PA-0000241.png,809145
Graphica Key,toko1,PIN AKRILIK,PA-0000242,varian,E:\Project\Mass upload shopee\foto-upload\toko1\pin-akrilik\PA-0000242.png,https://cdn.jsdelivr.net/gh/dennypa77/mass-upload@main/foto-upload/toko1/pin-akrilik/PA-0000242.png,826330
Graphica Key,toko1,PIN AKRILIK,PA-0000243,varian,E:\Project\Mass upload shopee\foto-upload\toko1\pin-akrilik\PA-0000243.png,https://cdn.jsdelivr.net/gh/dennypa77/mass-upload@main/foto-upload/toko1/pin-akrilik/PA-0000243.png,804533
Graphica Key,toko1,PIN AKRILIK,PA-0000244,varian,E:\Project\Mass upload shopee\foto-upload\toko1\pin-akrilik\PA-0000244.png,https://cdn.jsdelivr.net/gh/dennypa77/mass-upload@main/foto-upload/toko1/pin-akrilik/PA-0000244.png,815041
Graphica Key,toko1,PIN AKRILIK,PA-0000245,varian,E:\Project\Mass upload shopee\foto-upload\toko1\pin-akrilik\PA-0000245.png,https://cdn.jsdelivr.net/gh/dennypa77/mass-upload@main/foto-upload/toko1/pin-akrilik/PA-0000245.png,773608
Graphica Key,toko1,PIN AKRILIK,PA-0000246,varian,E:\Project\Mass upload shopee\foto-upload\toko1\pin-akrilik\PA-0000246.png,https://cdn.jsdelivr.net/gh/dennypa77/mass-upload@main/foto-upload/toko1/pin-akrilik/PA-0000246.png,811312
Graphica Key,toko1,PIN AKRILIK,PA-0000247,varian,E:\Project\Mass upload shopee\foto-upload\toko1\pin-akrilik\PA-0000247.png,https://cdn.jsdelivr.net/gh/dennypa77/mass-upload@main/foto-upload/toko1/pin-akrilik/PA-0000247.png,813002
Graphica Key,toko1,PIN AKRILIK,PA-0000248,varian,E:\Project\Mass upload shopee\foto-upload\toko1\pin-akrilik\PA-0000248.png,https://cdn.jsdelivr.net/gh/dennypa77/mass-upload@main/foto-upload/toko1/pin-akrilik/PA-0000248.png,852060
Graphica Key,toko1,PIN AKRILIK,PA-0000249,varian,E:\Project\Mass upload shopee\foto-upload\toko1\pin-akrilik\PA-0000249.png,https://cdn.jsdelivr.net/gh/dennypa77/mass-upload@main/foto-upload/toko1/pin-akrilik/PA-0000249.png,692131
Graphica Key,toko1,PIN AKRILIK,PA-0000250,varian,E:\Project\Mass upload shopee\foto-upload\toko1\pin-akrilik\PA-0000250.png,https://cdn.jsdelivr.net/gh/dennypa77/mass-upload@main/foto-upload/toko1/pin-akrilik/PA-0000250.png,690192
Graphica Key,toko1,PIN AKRILIK,PA-BLACKPINK-UTAMA1,utama,E:\Project\Mass upload shopee\foto-upload\toko1\pin-akrilik\PA-BLACKPINK-utama1.png,https://cdn.jsdelivr.net/gh/dennypa77/mass-upload@main/foto-upload/toko1/pin-akrilik/PA-BLACKPINK-utama1.png,1905771
Graphica Key,toko1,PIN AKRILIK,PA-BLACKPINK-UTAMA2,utama,E:\Project\Mass upload shopee\foto-upload\toko1\pin-akrilik\PA-BLACKPINK-utama2.png,https://cdn.jsdelivr.net/gh/dennypa77/mass-upload@main/foto-upload/toko1/pin-akrilik/PA-BLACKPINK-utama2.png,731177
Graphica Key,toko1,PIN AKRILIK,PA-BLACKPINK-UTAMA3,utama,E:\Project\Mass upload shopee\foto-upload\toko1\pin-akrilik\PA-BLACKPINK-utama3.png,https://cdn.jsdelivr.net/gh/dennypa77/mass-upload@main/foto-upload/toko1/pin-akrilik/PA-BLACKPINK-utama3.png,1631016
Graphica Key,toko1,PIN AKRILIK,PA-BTS-UTAMA1,utama,E:\Project\Mass upload shopee\foto-upload\toko1\pin-akrilik\PA-BTS-utama1.png,https://cdn.jsdelivr.net/gh/dennypa77/mass-upload@main/foto-upload/toko1/pin-akrilik/PA-BTS-utama1.png,1691342
Graphica Key,toko1,PIN AKRILIK,PA-BTS-UTAMA2,utama,E:\Project\Mass upload shopee\foto-upload\toko1\pin-akrilik\PA-BTS-utama2.png,https://cdn.jsdelivr.net/gh/dennypa77/mass-upload@main/foto-upload/toko1/pin-akrilik/PA-BTS-utama2.png,674336
Graphica Key,toko1,PIN AKRILIK,PA-BTS-UTAMA3,utama,E:\Project\Mass upload shopee\foto-upload\toko1\pin-akrilik\PA-BTS-utama3.png,https://cdn.jsdelivr.net/gh/dennypa77/mass-upload@main/foto-upload/toko1/pin-akrilik/PA-BTS-utama3.png,1613161
Graphica Key,toko1,PIN AKRILIK,PA-CORTIS-UTAMA1,utama,E:\Project\Mass upload shopee\foto-upload\toko1\pin-akrilik\PA-CORTIS-utama1.png,https://cdn.jsdelivr.net/gh/dennypa77/mass-upload@main/foto-upload/toko1/pin-akrilik/PA-CORTIS-utama1.png,1809281
Graphica Key,toko1,PIN AKRILIK,PA-CORTIS-UTAMA2,utama,E:\Project\Mass upload shopee\foto-upload\toko1\pin-akrilik\PA-CORTIS-utama2.png,https://cdn.jsdelivr.net/gh/dennypa77/mass-upload@main/foto-upload/toko1/pin-akrilik/PA-CORTIS-utama2.png,1120505
Graphica Key,toko1,PIN AKRILIK,PA-CORTIS-UTAMA3,utama,E:\Project\Mass upload shopee\foto-upload\toko1\pin-akrilik\PA-CORTIS-utama3.png,https://cdn.jsdelivr.net/gh/dennypa77/mass-upload@main/foto-upload/toko1/pin-akrilik/PA-CORTIS-utama3.png,1862772
Graphica Key,toko1,PIN AKRILIK,PA-HEARTS2HEARTS-UTAMA1,utama,E:\Project\Mass upload shopee\foto-upload\toko1\pin-akrilik\PA-HEARTS2HEARTS-utama1.png,https://cdn.jsdelivr.net/gh/dennypa77/mass-upload@main/foto-upload/toko1/pin-akrilik/PA-HEARTS2HEARTS-utama1.png,1851946
Graphica Key,toko1,PIN AKRILIK,PA-HEARTS2HEARTS-UTAMA2,utama,E:\Project\Mass upload shopee\foto-upload\toko1\pin-akrilik\PA-HEARTS2HEARTS-utama2.png,https://cdn.jsdelivr.net/gh/dennypa77/mass-upload@main/foto-upload/toko1/pin-akrilik/PA-HEARTS2HEARTS-utama2.png,1258036
Graphica Key,toko1,PIN AKRILIK,PA-HEARTS2HEARTS-UTAMA3,utama,E:\Project\Mass upload shopee\foto-upload\toko1\pin-akrilik\PA-HEARTS2HEARTS-utama3.png,https://cdn.jsdelivr.net/gh/dennypa77/mass-upload@main/foto-upload/toko1/pin-akrilik/PA-HEARTS2HEARTS-utama3.png,1166064
Graphica Key,toko1,PIN BUTTON,PB-0000001,varian,E:\Project\Mass upload shopee\foto-upload\toko1\pin-button\PB-0000001.png,https://cdn.jsdelivr.net/gh/dennypa77/mass-upload@main/foto-upload/toko1/pin-button/PB-0000001.png,260667
Graphica Key,toko1,PIN BUTTON,PB-0000002,varian,E:\Project\Mass upload shopee\foto-upload\toko1\pin-button\PB-0000002.png,https://cdn.jsdelivr.net/gh/dennypa77/mass-upload@main/foto-upload/toko1/pin-button/PB-0000002.png,241336
Graphica Key,toko1,PIN BUTTON,PB-0000003,varian,E:\Project\Mass upload shopee\foto-upload\toko1\pin-button\PB-0000003.png,https://cdn.jsdelivr.net/gh/dennypa77/mass-upload@main/foto-upload/toko1/pin-button/PB-0000003.png,222681
Graphica Key,toko1,PIN BUTTON,PB-0000004,varian,E:\Project\Mass upload shopee\foto-upload\toko1\pin-button\PB-0000004.png,https://cdn.jsdelivr.net/gh/dennypa77/mass-upload@main/foto-upload/toko1/pin-button/PB-0000004.png,207104
Graphica Key,toko1,PIN BUTTON,PB-0000005,varian,E:\Project\Mass upload shopee\foto-upload\toko1\pin-button\PB-0000005.png,https://cdn.jsdelivr.net/gh/dennypa77/mass-upload@main/foto-upload/toko1/pin-button/PB-0000005.png,254748
Graphica Key,toko1,PIN BUTTON,PB-0000006,varian,E:\Project\Mass upload shopee\foto-upload\toko1\pin-button\PB-0000006.png,https://cdn.jsdelivr.net/gh/dennypa77/mass-upload@main/foto-upload/toko1/pin-button/PB-0000006.png,301080
Graphica Key,toko1,PIN BUTTON,PB-0000007,varian,E:\Project\Mass upload shopee\foto-upload\toko1\pin-button\PB-0000007.png,https://cdn.jsdelivr.net/gh/dennypa77/mass-upload@main/foto-upload/toko1/pin-button/PB-0000007.png,242720
Graphica Key,toko1,PIN BUTTON,PB-0000008,varian,E:\Project\Mass upload shopee\foto-upload\toko1\pin-button\PB-0000008.png,https://cdn.jsdelivr.net/gh/dennypa77/mass-upload@main/foto-upload/toko1/pin-button/PB-0000008.png,245210
Graphica Key,toko1,PIN BUTTON,PB-0000009,varian,E:\Project\Mass upload shopee\foto-upload\toko1\pin-button\PB-0000009.png,https://cdn.jsdelivr.net/gh/dennypa77/mass-upload@main/foto-upload/toko1/pin-button/PB-0000009.png,261511
Graphica Key,toko1,PIN BUTTON,PB-0000010,varian,E:\Project\Mass upload shopee\foto-upload\toko1\pin-button\PB-0000010.png,https://cdn.jsdelivr.net/gh/dennypa77/mass-upload@main/foto-upload/toko1/pin-button/PB-0000010.png,240351
Graphica Key,toko1,PIN BUTTON,PB-0000011,varian,E:\Project\Mass upload shopee\foto-upload\toko1\pin-button\PB-0000011.png,https://cdn.jsdelivr.net/gh/dennypa77/mass-upload@main/foto-upload/toko1/pin-button/PB-0000011.png,240082
Graphica Key,toko1,PIN BUTTON,PB-0000012,varian,E:\Project\Mass upload shopee\foto-upload\toko1\pin-button\PB-0000012.png,https://cdn.jsdelivr.net/gh/dennypa77/mass-upload@main/foto-upload/toko1/pin-button/PB-0000012.png,233181
Graphica Key,toko1,PIN BUTTON,PB-0000013,varian,E:\Project\Mass upload shopee\foto-upload\toko1\pin-button\PB-0000013.png,https://cdn.jsdelivr.net/gh/dennypa77/mass-upload@main/foto-upload/toko1/pin-button/PB-0000013.png,182449
Graphica Key,toko1,PIN BUTTON,PB-0000014,varian,E:\Project\Mass upload shopee\foto-upload\toko1\pin-button\PB-0000014.png,https://cdn.jsdelivr.net/gh/dennypa77/mass-upload@main/foto-upload/toko1/pin-button/PB-0000014.png,176005
Graphica Key,toko1,PIN BUTTON,PB-0000015,varian,E:\Project\Mass upload shopee\foto-upload\toko1\pin-button\PB-0000015.png,https://cdn.jsdelivr.net/gh/dennypa77/mass-upload@main/foto-upload/toko1/pin-button/PB-0000015.png,259030
Graphica Key,toko1,PIN BUTTON,PB-0000016,varian,E:\Project\Mass upload shopee\foto-upload\toko1\pin-button\PB-0000016.png,https://cdn.jsdelivr.net/gh/dennypa77/mass-upload@main/foto-upload/toko1/pin-button/PB-0000016.png,230792
Graphica Key,toko1,PIN BUTTON,PB-0000017,varian,E:\Project\Mass upload shopee\foto-upload\toko1\pin-button\PB-0000017.png,https://cdn.jsdelivr.net/gh/dennypa77/mass-upload@main/foto-upload/toko1/pin-button/PB-0000017.png,195782
Graphica Key,toko1,PIN BUTTON,PB-0000018,varian,E:\Project\Mass upload shopee\foto-upload\toko1\pin-button\PB-0000018.png,https://cdn.jsdelivr.net/gh/dennypa77/mass-upload@main/foto-upload/toko1/pin-button/PB-0000018.png,237099
Graphica Key,toko1,PIN BUTTON,PB-0000019,varian,E:\Project\Mass upload shopee\foto-upload\toko1\pin-button\PB-0000019.png,https://cdn.jsdelivr.net/gh/dennypa77/mass-upload@main/foto-upload/toko1/pin-button/PB-0000019.png,234269
Graphica Key,toko1,PIN BUTTON,PB-0000020,varian,E:\Project\Mass upload shopee\foto-upload\toko1\pin-button\PB-0000020.png,https://cdn.jsdelivr.net/gh/dennypa77/mass-upload@main/foto-upload/toko1/pin-button/PB-0000020.png,244319
Graphica Key,toko1,PIN BUTTON,PB-0000021,varian,E:\Project\Mass upload shopee\foto-upload\toko1\pin-button\PB-0000021.png,https://cdn.jsdelivr.net/gh/dennypa77/mass-upload@main/foto-upload/toko1/pin-button/PB-0000021.png,271277
Graphica Key,toko1,PIN BUTTON,PB-0000022,varian,E:\Project\Mass upload shopee\foto-upload\toko1\pin-button\PB-0000022.png,https://cdn.jsdelivr.net/gh/dennypa77/mass-upload@main/foto-upload/toko1/pin-button/PB-0000022.png,280303
Graphica Key,toko1,PIN BUTTON,PB-0000023,varian,E:\Project\Mass upload shopee\foto-upload\toko1\pin-button\PB-0000023.png,https://cdn.jsdelivr.net/gh/dennypa77/mass-upload@main/foto-upload/toko1/pin-button/PB-0000023.png,213694
Graphica Key,toko1,PIN BUTTON,PB-0000024,varian,E:\Project\Mass upload shopee\foto-upload\toko1\pin-button\PB-0000024.png,https://cdn.jsdelivr.net/gh/dennypa77/mass-upload@main/foto-upload/toko1/pin-button/PB-0000024.png,237663
Graphica Key,toko1,PIN BUTTON,PB-0000025,varian,E:\Project\Mass upload shopee\foto-upload\toko1\pin-button\PB-0000025.png,https://cdn.jsdelivr.net/gh/dennypa77/mass-upload@main/foto-upload/toko1/pin-button/PB-0000025.png,255398
Graphica Key,toko1,PIN BUTTON,PB-0000026,varian,E:\Project\Mass upload shopee\foto-upload\toko1\pin-button\PB-0000026.png,https://cdn.jsdelivr.net/gh/dennypa77/mass-upload@main/foto-upload/toko1/pin-button/PB-0000026.png,255972
Graphica Key,toko1,PIN BUTTON,PB-0000027,varian,E:\Project\Mass upload shopee\foto-upload\toko1\pin-button\PB-0000027.png,https://cdn.jsdelivr.net/gh/dennypa77/mass-upload@main/foto-upload/toko1/pin-button/PB-0000027.png,231465
Graphica Key,toko1,PIN BUTTON,PB-0000028,varian,E:\Project\Mass upload shopee\foto-upload\toko1\pin-button\PB-0000028.png,https://cdn.jsdelivr.net/gh/dennypa77/mass-upload@main/foto-upload/toko1/pin-button/PB-0000028.png,244045
Graphica Key,toko1,PIN BUTTON,PB-0000029,varian,E:\Project\Mass upload shopee\foto-upload\toko1\pin-button\PB-0000029.png,https://cdn.jsdelivr.net/gh/dennypa77/mass-upload@main/foto-upload/toko1/pin-button/PB-0000029.png,227465
Graphica Key,toko1,PIN BUTTON,PB-0000030,varian,E:\Project\Mass upload shopee\foto-upload\toko1\pin-button\PB-0000030.png,https://cdn.jsdelivr.net/gh/dennypa77/mass-upload@main/foto-upload/toko1/pin-button/PB-0000030.png,236264
Graphica Key,toko1,PIN BUTTON,PB-0000031,varian,E:\Project\Mass upload shopee\foto-upload\toko1\pin-button\PB-0000031.png,https://cdn.jsdelivr.net/gh/dennypa77/mass-upload@main/foto-upload/toko1/pin-button/PB-0000031.png,239256
Graphica Key,toko1,PIN BUTTON,PB-0000032,varian,E:\Project\Mass upload shopee\foto-upload\toko1\pin-button\PB-0000032.png,https://cdn.jsdelivr.net/gh/dennypa77/mass-upload@main/foto-upload/toko1/pin-button/PB-0000032.png,282724
Graphica Key,toko1,PIN BUTTON,PB-0000033,varian,E:\Project\Mass upload shopee\foto-upload\toko1\pin-button\PB-0000033.png,https://cdn.jsdelivr.net/gh/dennypa77/mass-upload@main/foto-upload/toko1/pin-button/PB-0000033.png,170886
Graphica Key,toko1,PIN BUTTON,PB-0000034,varian,E:\Project\Mass upload shopee\foto-upload\toko1\pin-button\PB-0000034.png,https://cdn.jsdelivr.net/gh/dennypa77/mass-upload@main/foto-upload/toko1/pin-button/PB-0000034.png,286714
Graphica Key,toko1,PIN BUTTON,PB-0000035,varian,E:\Project\Mass upload shopee\foto-upload\toko1\pin-button\PB-0000035.png,https://cdn.jsdelivr.net/gh/dennypa77/mass-upload@main/foto-upload/toko1/pin-button/PB-0000035.png,287755
Graphica Key,toko1,PIN BUTTON,PB-0000036,varian,E:\Project\Mass upload shopee\foto-upload\toko1\pin-button\PB-0000036.png,https://cdn.jsdelivr.net/gh/dennypa77/mass-upload@main/foto-upload/toko1/pin-button/PB-0000036.png,255456
Graphica Key,toko1,PIN BUTTON,PB-0000037,varian,E:\Project\Mass upload shopee\foto-upload\toko1\pin-button\PB-0000037.png,https://cdn.jsdelivr.net/gh/dennypa77/mass-upload@main/foto-upload/toko1/pin-button/PB-0000037.png,255986
Graphica Key,toko1,PIN BUTTON,PB-0000038,varian,E:\Project\Mass upload shopee\foto-upload\toko1\pin-button\PB-0000038.png,https://cdn.jsdelivr.net/gh/dennypa77/mass-upload@main/foto-upload/toko1/pin-button/PB-0000038.png,243809
Graphica Key,toko1,PIN BUTTON,PB-0000039,varian,E:\Project\Mass upload shopee\foto-upload\toko1\pin-button\PB-0000039.png,https://cdn.jsdelivr.net/gh/dennypa77/mass-upload@main/foto-upload/toko1/pin-button/PB-0000039.png,261901
Graphica Key,toko1,PIN BUTTON,PB-0000040,varian,E:\Project\Mass upload shopee\foto-upload\toko1\pin-button\PB-0000040.png,https://cdn.jsdelivr.net/gh/dennypa77/mass-upload@main/foto-upload/toko1/pin-button/PB-0000040.png,226152
Graphica Key,toko1,PIN BUTTON,PB-0000041,varian,E:\Project\Mass upload shopee\foto-upload\toko1\pin-button\PB-0000041.png,https://cdn.jsdelivr.net/gh/dennypa77/mass-upload@main/foto-upload/toko1/pin-button/PB-0000041.png,272105
Graphica Key,toko1,PIN BUTTON,PB-0000042,varian,E:\Project\Mass upload shopee\foto-upload\toko1\pin-button\PB-0000042.png,https://cdn.jsdelivr.net/gh/dennypa77/mass-upload@main/foto-upload/toko1/pin-button/PB-0000042.png,303998
Graphica Key,toko1,PIN BUTTON,PB-0000043,varian,E:\Project\Mass upload shopee\foto-upload\toko1\pin-button\PB-0000043.png,https://cdn.jsdelivr.net/gh/dennypa77/mass-upload@main/foto-upload/toko1/pin-button/PB-0000043.png,288667
Graphica Key,toko1,PIN BUTTON,PB-0000044,varian,E:\Project\Mass upload shopee\foto-upload\toko1\pin-button\PB-0000044.png,https://cdn.jsdelivr.net/gh/dennypa77/mass-upload@main/foto-upload/toko1/pin-button/PB-0000044.png,202292
Graphica Key,toko1,PIN BUTTON,PB-0000045,varian,E:\Project\Mass upload shopee\foto-upload\toko1\pin-button\PB-0000045.png,https://cdn.jsdelivr.net/gh/dennypa77/mass-upload@main/foto-upload/toko1/pin-button/PB-0000045.png,255673
Graphica Key,toko1,PIN BUTTON,PB-0000046,varian,E:\Project\Mass upload shopee\foto-upload\toko1\pin-button\PB-0000046.png,https://cdn.jsdelivr.net/gh/dennypa77/mass-upload@main/foto-upload/toko1/pin-button/PB-0000046.png,245302
Graphica Key,toko1,PIN BUTTON,PB-0000047,varian,E:\Project\Mass upload shopee\foto-upload\toko1\pin-button\PB-0000047.png,https://cdn.jsdelivr.net/gh/dennypa77/mass-upload@main/foto-upload/toko1/pin-button/PB-0000047.png,208229
Graphica Key,toko1,PIN BUTTON,PB-0000048,varian,E:\Project\Mass upload shopee\foto-upload\toko1\pin-button\PB-0000048.png,https://cdn.jsdelivr.net/gh/dennypa77/mass-upload@main/foto-upload/toko1/pin-button/PB-0000048.png,275234
Graphica Key,toko1,PIN BUTTON,PB-0000049,varian,E:\Project\Mass upload shopee\foto-upload\toko1\pin-button\PB-0000049.png,https://cdn.jsdelivr.net/gh/dennypa77/mass-upload@main/foto-upload/toko1/pin-button/PB-0000049.png,268719
Graphica Key,toko1,PIN BUTTON,PB-0000050,varian,E:\Project\Mass upload shopee\foto-upload\toko1\pin-button\PB-0000050.png,https://cdn.jsdelivr.net/gh/dennypa77/mass-upload@main/foto-upload/toko1/pin-button/PB-0000050.png,275229
Graphica Key,toko1,PIN BUTTON,PB-0000051,varian,E:\Project\Mass upload shopee\foto-upload\toko1\pin-button\PB-0000051.png,https://cdn.jsdelivr.net/gh/dennypa77/mass-upload@main/foto-upload/toko1/pin-button/PB-0000051.png,276780
Graphica Key,toko1,PIN BUTTON,PB-0000052,varian,E:\Project\Mass upload shopee\foto-upload\toko1\pin-button\PB-0000052.png,https://cdn.jsdelivr.net/gh/dennypa77/mass-upload@main/foto-upload/toko1/pin-button/PB-0000052.png,213478
Graphica Key,toko1,PIN BUTTON,PB-0000053,varian,E:\Project\Mass upload shopee\foto-upload\toko1\pin-button\PB-0000053.png,https://cdn.jsdelivr.net/gh/dennypa77/mass-upload@main/foto-upload/toko1/pin-button/PB-0000053.png,222428
Graphica Key,toko1,PIN BUTTON,PB-0000054,varian,E:\Project\Mass upload shopee\foto-upload\toko1\pin-button\PB-0000054.png,https://cdn.jsdelivr.net/gh/dennypa77/mass-upload@main/foto-upload/toko1/pin-button/PB-0000054.png,206382
Graphica Key,toko1,PIN BUTTON,PB-0000055,varian,E:\Project\Mass upload shopee\foto-upload\toko1\pin-button\PB-0000055.png,https://cdn.jsdelivr.net/gh/dennypa77/mass-upload@main/foto-upload/toko1/pin-button/PB-0000055.png,222309
Graphica Key,toko1,PIN BUTTON,PB-0000056,varian,E:\Project\Mass upload shopee\foto-upload\toko1\pin-button\PB-0000056.png,https://cdn.jsdelivr.net/gh/dennypa77/mass-upload@main/foto-upload/toko1/pin-button/PB-0000056.png,208475
Graphica Key,toko1,PIN BUTTON,PB-0000057,varian,E:\Project\Mass upload shopee\foto-upload\toko1\pin-button\PB-0000057.png,https://cdn.jsdelivr.net/gh/dennypa77/mass-upload@main/foto-upload/toko1/pin-button/PB-0000057.png,213797
Graphica Key,toko1,PIN BUTTON,PB-0000058,varian,E:\Project\Mass upload shopee\foto-upload\toko1\pin-button\PB-0000058.png,https://cdn.jsdelivr.net/gh/dennypa77/mass-upload@main/foto-upload/toko1/pin-button/PB-0000058.png,204576
Graphica Key,toko1,PIN BUTTON,PB-0000059,varian,E:\Project\Mass upload shopee\foto-upload\toko1\pin-button\PB-0000059.png,https://cdn.jsdelivr.net/gh/dennypa77/mass-upload@main/foto-upload/toko1/pin-button/PB-0000059.png,198463
Graphica Key,toko1,PIN BUTTON,PB-0000060,varian,E:\Project\Mass upload shopee\foto-upload\toko1\pin-button\PB-0000060.png,https://cdn.jsdelivr.net/gh/dennypa77/mass-upload@main/foto-upload/toko1/pin-button/PB-0000060.png,269367
Graphica Key,toko1,PIN BUTTON,PB-0000061,varian,E:\Project\Mass upload shopee\foto-upload\toko1\pin-button\PB-0000061.png,https://cdn.jsdelivr.net/gh/dennypa77/mass-upload@main/foto-upload/toko1/pin-button/PB-0000061.png,203394
Graphica Key,toko1,PIN BUTTON,PB-0000062,varian,E:\Project\Mass upload shopee\foto-upload\toko1\pin-button\PB-0000062.png,https://cdn.jsdelivr.net/gh/dennypa77/mass-upload@main/foto-upload/toko1/pin-button/PB-0000062.png,271405
Graphica Key,toko1,PIN BUTTON,PB-0000063,varian,E:\Project\Mass upload shopee\foto-upload\toko1\pin-button\PB-0000063.png,https://cdn.jsdelivr.net/gh/dennypa77/mass-upload@main/foto-upload/toko1/pin-button/PB-0000063.png,247753
Graphica Key,toko1,PIN BUTTON,PB-0000064,varian,E:\Project\Mass upload shopee\foto-upload\toko1\pin-button\PB-0000064.png,https://cdn.jsdelivr.net/gh/dennypa77/mass-upload@main/foto-upload/toko1/pin-button/PB-0000064.png,223210
Graphica Key,toko1,PIN BUTTON,PB-0000065,varian,E:\Project\Mass upload shopee\foto-upload\toko1\pin-button\PB-0000065.png,https://cdn.jsdelivr.net/gh/dennypa77/mass-upload@main/foto-upload/toko1/pin-button/PB-0000065.png,239545
Graphica Key,toko1,PIN BUTTON,PB-0000066,varian,E:\Project\Mass upload shopee\foto-upload\toko1\pin-button\PB-0000066.png,https://cdn.jsdelivr.net/gh/dennypa77/mass-upload@main/foto-upload/toko1/pin-button/PB-0000066.png,215774
Graphica Key,toko1,PIN BUTTON,PB-0000067,varian,E:\Project\Mass upload shopee\foto-upload\toko1\pin-button\PB-0000067.png,https://cdn.jsdelivr.net/gh/dennypa77/mass-upload@main/foto-upload/toko1/pin-button/PB-0000067.png,217259
Graphica Key,toko1,PIN BUTTON,PB-0000068,varian,E:\Project\Mass upload shopee\foto-upload\toko1\pin-button\PB-0000068.png,https://cdn.jsdelivr.net/gh/dennypa77/mass-upload@main/foto-upload/toko1/pin-button/PB-0000068.png,213680
Graphica Key,toko1,PIN BUTTON,PB-0000069,varian,E:\Project\Mass upload shopee\foto-upload\toko1\pin-button\PB-0000069.png,https://cdn.jsdelivr.net/gh/dennypa77/mass-upload@main/foto-upload/toko1/pin-button/PB-0000069.png,224650
Graphica Key,toko1,PIN BUTTON,PB-0000070,varian,E:\Project\Mass upload shopee\foto-upload\toko1\pin-button\PB-0000070.png,https://cdn.jsdelivr.net/gh/dennypa77/mass-upload@main/foto-upload/toko1/pin-button/PB-0000070.png,247642
Graphica Key,toko1,PIN BUTTON,PB-0000071,varian,E:\Project\Mass upload shopee\foto-upload\toko1\pin-button\PB-0000071.png,https://cdn.jsdelivr.net/gh/dennypa77/mass-upload@main/foto-upload/toko1/pin-button/PB-0000071.png,153570
Graphica Key,toko1,PIN BUTTON,PB-0000072,varian,E:\Project\Mass upload shopee\foto-upload\toko1\pin-button\PB-0000072.png,https://cdn.jsdelivr.net/gh/dennypa77/mass-upload@main/foto-upload/toko1/pin-button/PB-0000072.png,204571
Graphica Key,toko1,PIN BUTTON,PB-0000073,varian,E:\Project\Mass upload shopee\foto-upload\toko1\pin-button\PB-0000073.png,https://cdn.jsdelivr.net/gh/dennypa77/mass-upload@main/foto-upload/toko1/pin-button/PB-0000073.png,167664
Graphica Key,toko1,PIN BUTTON,PB-0000074,varian,E:\Project\Mass upload shopee\foto-upload\toko1\pin-button\PB-0000074.png,https://cdn.jsdelivr.net/gh/dennypa77/mass-upload@main/foto-upload/toko1/pin-button/PB-0000074.png,128932
Graphica Key,toko1,PIN BUTTON,PB-0000075,varian,E:\Project\Mass upload shopee\foto-upload\toko1\pin-button\PB-0000075.png,https://cdn.jsdelivr.net/gh/dennypa77/mass-upload@main/foto-upload/toko1/pin-button/PB-0000075.png,193788
Graphica Key,toko1,PIN BUTTON,PB-0000076,varian,E:\Project\Mass upload shopee\foto-upload\toko1\pin-button\PB-0000076.png,https://cdn.jsdelivr.net/gh/dennypa77/mass-upload@main/foto-upload/toko1/pin-button/PB-0000076.png,158759
Graphica Key,toko1,PIN BUTTON,PB-0000077,varian,E:\Project\Mass upload shopee\foto-upload\toko1\pin-button\PB-0000077.png,https://cdn.jsdelivr.net/gh/dennypa77/mass-upload@main/foto-upload/toko1/pin-button/PB-0000077.png,195657
Graphica Key,toko1,PIN BUTTON,PB-0000078,varian,E:\Project\Mass upload shopee\foto-upload\toko1\pin-button\PB-0000078.png,https://cdn.jsdelivr.net/gh/dennypa77/mass-upload@main/foto-upload/toko1/pin-button/PB-0000078.png,239316
Graphica Key,toko1,PIN BUTTON,PB-0000079,varian,E:\Project\Mass upload shopee\foto-upload\toko1\pin-button\PB-0000079.png,https://cdn.jsdelivr.net/gh/dennypa77/mass-upload@main/foto-upload/toko1/pin-button/PB-0000079.png,227205
Graphica Key,toko1,PIN BUTTON,PB-0000080,varian,E:\Project\Mass upload shopee\foto-upload\toko1\pin-button\PB-0000080.png,https://cdn.jsdelivr.net/gh/dennypa77/mass-upload@main/foto-upload/toko1/pin-button/PB-0000080.png,203258
Graphica Key,toko1,PIN BUTTON,PB-0000081,varian,E:\Project\Mass upload shopee\foto-upload\toko1\pin-button\PB-0000081.png,https://cdn.jsdelivr.net/gh/dennypa77/mass-upload@main/foto-upload/toko1/pin-button/PB-0000081.png,140918
Graphica Key,toko1,PIN BUTTON,PB-0000082,varian,E:\Project\Mass upload shopee\foto-upload\toko1\pin-button\PB-0000082.png,https://cdn.jsdelivr.net/gh/dennypa77/mass-upload@main/foto-upload/toko1/pin-button/PB-0000082.png,248086
Graphica Key,toko1,PIN BUTTON,PB-0000083,varian,E:\Project\Mass upload shopee\foto-upload\toko1\pin-button\PB-0000083.png,https://cdn.jsdelivr.net/gh/dennypa77/mass-upload@main/foto-upload/toko1/pin-button/PB-0000083.png,223336
Graphica Key,toko1,PIN BUTTON,PB-0000084,varian,E:\Project\Mass upload shopee\foto-upload\toko1\pin-button\PB-0000084.png,https://cdn.jsdelivr.net/gh/dennypa77/mass-upload@main/foto-upload/toko1/pin-button/PB-0000084.png,168108
Graphica Key,toko1,PIN BUTTON,PB-0000085,varian,E:\Project\Mass upload shopee\foto-upload\toko1\pin-button\PB-0000085.png,https://cdn.jsdelivr.net/gh/dennypa77/mass-upload@main/foto-upload/toko1/pin-button/PB-0000085.png,172392
Graphica Key,toko1,PIN BUTTON,PB-0000086,varian,E:\Project\Mass upload shopee\foto-upload\toko1\pin-button\PB-0000086.png,https://cdn.jsdelivr.net/gh/dennypa77/mass-upload@main/foto-upload/toko1/pin-button/PB-0000086.png,169455
Graphica Key,toko1,PIN BUTTON,PB-0000087,varian,E:\Project\Mass upload shopee\foto-upload\toko1\pin-button\PB-0000087.png,https://cdn.jsdelivr.net/gh/dennypa77/mass-upload@main/foto-upload/toko1/pin-button/PB-0000087.png,147071
Graphica Key,toko1,PIN BUTTON,PB-0000088,varian,E:\Project\Mass upload shopee\foto-upload\toko1\pin-button\PB-0000088.png,https://cdn.jsdelivr.net/gh/dennypa77/mass-upload@main/foto-upload/toko1/pin-button/PB-0000088.png,226812
Graphica Key,toko1,PIN BUTTON,PB-0000089,varian,E:\Project\Mass upload shopee\foto-upload\toko1\pin-button\PB-0000089.png,https://cdn.jsdelivr.net/gh/dennypa77/mass-upload@main/foto-upload/toko1/pin-button/PB-0000089.png,204619
Graphica Key,toko1,PIN BUTTON,PB-0000090,varian,E:\Project\Mass upload shopee\foto-upload\toko1\pin-button\PB-0000090.png,https://cdn.jsdelivr.net/gh/dennypa77/mass-upload@main/foto-upload/toko1/pin-button/PB-0000090.png,154359
Graphica Key,toko1,PIN BUTTON,PB-0000091,varian,E:\Project\Mass upload shopee\foto-upload\toko1\pin-button\PB-0000091.png,https://cdn.jsdelivr.net/gh/dennypa77/mass-upload@main/foto-upload/toko1/pin-button/PB-0000091.png,174544
Graphica Key,toko1,PIN BUTTON,PB-0000092,varian,E:\Project\Mass upload shopee\foto-upload\toko1\pin-button\PB-0000092.png,https://cdn.jsdelivr.net/gh/dennypa77/mass-upload@main/foto-upload/toko1/pin-button/PB-0000092.png,216362
Graphica Key,toko1,PIN BUTTON,PB-0000093,varian,E:\Project\Mass upload shopee\foto-upload\toko1\pin-button\PB-0000093.png,https://cdn.jsdelivr.net/gh/dennypa77/mass-upload@main/foto-upload/toko1/pin-button/PB-0000093.png,228124
Graphica Key,toko1,PIN BUTTON,PB-0000094,varian,E:\Project\Mass upload shopee\foto-upload\toko1\pin-button\PB-0000094.png,https://cdn.jsdelivr.net/gh/dennypa77/mass-upload@main/foto-upload/toko1/pin-button/PB-0000094.png,271797
Graphica Key,toko1,PIN BUTTON,PB-0000095,varian,E:\Project\Mass upload shopee\foto-upload\toko1\pin-button\PB-0000095.png,https://cdn.jsdelivr.net/gh/dennypa77/mass-upload@main/foto-upload/toko1/pin-button/PB-0000095.png,241054
Graphica Key,toko1,PIN BUTTON,PB-0000096,varian,E:\Project\Mass upload shopee\foto-upload\toko1\pin-button\PB-0000096.png,https://cdn.jsdelivr.net/gh/dennypa77/mass-upload@main/foto-upload/toko1/pin-button/PB-0000096.png,193120
Graphica Key,toko1,PIN BUTTON,PB-0000097,varian,E:\Project\Mass upload shopee\foto-upload\toko1\pin-button\PB-0000097.png,https://cdn.jsdelivr.net/gh/dennypa77/mass-upload@main/foto-upload/toko1/pin-button/PB-0000097.png,192944
Graphica Key,toko1,PIN BUTTON,PB-0000098,varian,E:\Project\Mass upload shopee\foto-upload\toko1\pin-button\PB-0000098.png,https://cdn.jsdelivr.net/gh/dennypa77/mass-upload@main/foto-upload/toko1/pin-button/PB-0000098.png,215989
Graphica Key,toko1,PIN BUTTON,PB-0000099,varian,E:\Project\Mass upload shopee\foto-upload\toko1\pin-button\PB-0000099.png,https://cdn.jsdelivr.net/gh/dennypa77/mass-upload@main/foto-upload/toko1/pin-button/PB-0000099.png,178366
Graphica Key,toko1,PIN BUTTON,PB-0000100,varian,E:\Project\Mass upload shopee\foto-upload\toko1\pin-button\PB-0000100.png,https://cdn.jsdelivr.net/gh/dennypa77/mass-upload@main/foto-upload/toko1/pin-button/PB-0000100.png,236002
Graphica Key,toko1,PIN BUTTON,PB-0000151,varian,E:\Project\Mass upload shopee\foto-upload\toko1\pin-button\PB-0000151.png,https://cdn.jsdelivr.net/gh/dennypa77/mass-upload@main/foto-upload/toko1/pin-button/PB-0000151.png,298575
Graphica Key,toko1,PIN BUTTON,PB-0000152,varian,E:\Project\Mass upload shopee\foto-upload\toko1\pin-button\PB-0000152.png,https://cdn.jsdelivr.net/gh/dennypa77/mass-upload@main/foto-upload/toko1/pin-button/PB-0000152.png,267323
Graphica Key,toko1,PIN BUTTON,PB-0000153,varian,E:\Project\Mass upload shopee\foto-upload\toko1\pin-button\PB-0000153.png,https://cdn.jsdelivr.net/gh/dennypa77/mass-upload@main/foto-upload/toko1/pin-button/PB-0000153.png,247615
Graphica Key,toko1,PIN BUTTON,PB-0000154,varian,E:\Project\Mass upload shopee\foto-upload\toko1\pin-button\PB-0000154.png,https://cdn.jsdelivr.net/gh/dennypa77/mass-upload@main/foto-upload/toko1/pin-button/PB-0000154.png,250688
Graphica Key,toko1,PIN BUTTON,PB-0000155,varian,E:\Project\Mass upload shopee\foto-upload\toko1\pin-button\PB-0000155.png,https://cdn.jsdelivr.net/gh/dennypa77/mass-upload@main/foto-upload/toko1/pin-button/PB-0000155.png,257102
Graphica Key,toko1,PIN BUTTON,PB-0000156,varian,E:\Project\Mass upload shopee\foto-upload\toko1\pin-button\PB-0000156.png,https://cdn.jsdelivr.net/gh/dennypa77/mass-upload@main/foto-upload/toko1/pin-button/PB-0000156.png,248201
Graphica Key,toko1,PIN BUTTON,PB-0000157,varian,E:\Project\Mass upload shopee\foto-upload\toko1\pin-button\PB-0000157.png,https://cdn.jsdelivr.net/gh/dennypa77/mass-upload@main/foto-upload/toko1/pin-button/PB-0000157.png,197156
Graphica Key,toko1,PIN BUTTON,PB-0000158,varian,E:\Project\Mass upload shopee\foto-upload\toko1\pin-button\PB-0000158.png,https://cdn.jsdelivr.net/gh/dennypa77/mass-upload@main/foto-upload/toko1/pin-button/PB-0000158.png,233351
Graphica Key,toko1,PIN BUTTON,PB-0000159,varian,E:\Project\Mass upload shopee\foto-upload\toko1\pin-button\PB-0000159.png,https://cdn.jsdelivr.net/gh/dennypa77/mass-upload@main/foto-upload/toko1/pin-button/PB-0000159.png,257505
Graphica Key,toko1,PIN BUTTON,PB-0000160,varian,E:\Project\Mass upload shopee\foto-upload\toko1\pin-button\PB-0000160.png,https://cdn.jsdelivr.net/gh/dennypa77/mass-upload@main/foto-upload/toko1/pin-button/PB-0000160.png,210956
Graphica Key,toko1,PIN BUTTON,PB-0000161,varian,E:\Project\Mass upload shopee\foto-upload\toko1\pin-button\PB-0000161.png,https://cdn.jsdelivr.net/gh/dennypa77/mass-upload@main/foto-upload/toko1/pin-button/PB-0000161.png,231285
Graphica Key,toko1,PIN BUTTON,PB-0000162,varian,E:\Project\Mass upload shopee\foto-upload\toko1\pin-button\PB-0000162.png,https://cdn.jsdelivr.net/gh/dennypa77/mass-upload@main/foto-upload/toko1/pin-button/PB-0000162.png,300349
Graphica Key,toko1,PIN BUTTON,PB-0000163,varian,E:\Project\Mass upload shopee\foto-upload\toko1\pin-button\PB-0000163.png,https://cdn.jsdelivr.net/gh/dennypa77/mass-upload@main/foto-upload/toko1/pin-button/PB-0000163.png,247682
Graphica Key,toko1,PIN BUTTON,PB-0000164,varian,E:\Project\Mass upload shopee\foto-upload\toko1\pin-button\PB-0000164.png,https://cdn.jsdelivr.net/gh/dennypa77/mass-upload@main/foto-upload/toko1/pin-button/PB-0000164.png,236704
Graphica Key,toko1,PIN BUTTON,PB-0000165,varian,E:\Project\Mass upload shopee\foto-upload\toko1\pin-button\PB-0000165.png,https://cdn.jsdelivr.net/gh/dennypa77/mass-upload@main/foto-upload/toko1/pin-button/PB-0000165.png,210712
Graphica Key,toko1,PIN BUTTON,PB-0000166,varian,E:\Project\Mass upload shopee\foto-upload\toko1\pin-button\PB-0000166.png,https://cdn.jsdelivr.net/gh/dennypa77/mass-upload@main/foto-upload/toko1/pin-button/PB-0000166.png,168896
Graphica Key,toko1,PIN BUTTON,PB-0000167,varian,E:\Project\Mass upload shopee\foto-upload\toko1\pin-button\PB-0000167.png,https://cdn.jsdelivr.net/gh/dennypa77/mass-upload@main/foto-upload/toko1/pin-button/PB-0000167.png,188334
Graphica Key,toko1,PIN BUTTON,PB-0000168,varian,E:\Project\Mass upload shopee\foto-upload\toko1\pin-button\PB-0000168.png,https://cdn.jsdelivr.net/gh/dennypa77/mass-upload@main/foto-upload/toko1/pin-button/PB-0000168.png,259697
Graphica Key,toko1,PIN BUTTON,PB-0000169,varian,E:\Project\Mass upload shopee\foto-upload\toko1\pin-button\PB-0000169.png,https://cdn.jsdelivr.net/gh/dennypa77/mass-upload@main/foto-upload/toko1/pin-button/PB-0000169.png,183720
Graphica Key,toko1,PIN BUTTON,PB-0000170,varian,E:\Project\Mass upload shopee\foto-upload\toko1\pin-button\PB-0000170.png,https://cdn.jsdelivr.net/gh/dennypa77/mass-upload@main/foto-upload/toko1/pin-button/PB-0000170.png,212302
Graphica Key,toko1,PIN BUTTON,PB-0000171,varian,E:\Project\Mass upload shopee\foto-upload\toko1\pin-button\PB-0000171.png,https://cdn.jsdelivr.net/gh/dennypa77/mass-upload@main/foto-upload/toko1/pin-button/PB-0000171.png,233167
Graphica Key,toko1,PIN BUTTON,PB-0000172,varian,E:\Project\Mass upload shopee\foto-upload\toko1\pin-button\PB-0000172.png,https://cdn.jsdelivr.net/gh/dennypa77/mass-upload@main/foto-upload/toko1/pin-button/PB-0000172.png,225983
Graphica Key,toko1,PIN BUTTON,PB-0000173,varian,E:\Project\Mass upload shopee\foto-upload\toko1\pin-button\PB-0000173.png,https://cdn.jsdelivr.net/gh/dennypa77/mass-upload@main/foto-upload/toko1/pin-button/PB-0000173.png,193049
Graphica Key,toko1,PIN BUTTON,PB-0000174,varian,E:\Project\Mass upload shopee\foto-upload\toko1\pin-button\PB-0000174.png,https://cdn.jsdelivr.net/gh/dennypa77/mass-upload@main/foto-upload/toko1/pin-button/PB-0000174.png,270382
Graphica Key,toko1,PIN BUTTON,PB-0000175,varian,E:\Project\Mass upload shopee\foto-upload\toko1\pin-button\PB-0000175.png,https://cdn.jsdelivr.net/gh/dennypa77/mass-upload@main/foto-upload/toko1/pin-button/PB-0000175.png,252541
Graphica Key,toko1,PIN BUTTON,PB-0000176,varian,E:\Project\Mass upload shopee\foto-upload\toko1\pin-button\PB-0000176.png,https://cdn.jsdelivr.net/gh/dennypa77/mass-upload@main/foto-upload/toko1/pin-button/PB-0000176.png,195432
Graphica Key,toko1,PIN BUTTON,PB-0000177,varian,E:\Project\Mass upload shopee\foto-upload\toko1\pin-button\PB-0000177.png,https://cdn.jsdelivr.net/gh/dennypa77/mass-upload@main/foto-upload/toko1/pin-button/PB-0000177.png,232517
Graphica Key,toko1,PIN BUTTON,PB-0000178,varian,E:\Project\Mass upload shopee\foto-upload\toko1\pin-button\PB-0000178.png,https://cdn.jsdelivr.net/gh/dennypa77/mass-upload@main/foto-upload/toko1/pin-button/PB-0000178.png,285292
Graphica Key,toko1,PIN BUTTON,PB-0000179,varian,E:\Project\Mass upload shopee\foto-upload\toko1\pin-button\PB-0000179.png,https://cdn.jsdelivr.net/gh/dennypa77/mass-upload@main/foto-upload/toko1/pin-button/PB-0000179.png,238128
Graphica Key,toko1,PIN BUTTON,PB-0000180,varian,E:\Project\Mass upload shopee\foto-upload\toko1\pin-button\PB-0000180.png,https://cdn.jsdelivr.net/gh/dennypa77/mass-upload@main/foto-upload/toko1/pin-button/PB-0000180.png,235070
Graphica Key,toko1,PIN BUTTON,PB-0000181,varian,E:\Project\Mass upload shopee\foto-upload\toko1\pin-button\PB-0000181.png,https://cdn.jsdelivr.net/gh/dennypa77/mass-upload@main/foto-upload/toko1/pin-button/PB-0000181.png,228093
Graphica Key,toko1,PIN BUTTON,PB-0000182,varian,E:\Project\Mass upload shopee\foto-upload\toko1\pin-button\PB-0000182.png,https://cdn.jsdelivr.net/gh/dennypa77/mass-upload@main/foto-upload/toko1/pin-button/PB-0000182.png,204893
Graphica Key,toko1,PIN BUTTON,PB-0000183,varian,E:\Project\Mass upload shopee\foto-upload\toko1\pin-button\PB-0000183.png,https://cdn.jsdelivr.net/gh/dennypa77/mass-upload@main/foto-upload/toko1/pin-button/PB-0000183.png,210267
Graphica Key,toko1,PIN BUTTON,PB-0000184,varian,E:\Project\Mass upload shopee\foto-upload\toko1\pin-button\PB-0000184.png,https://cdn.jsdelivr.net/gh/dennypa77/mass-upload@main/foto-upload/toko1/pin-button/PB-0000184.png,252732
Graphica Key,toko1,PIN BUTTON,PB-0000185,varian,E:\Project\Mass upload shopee\foto-upload\toko1\pin-button\PB-0000185.png,https://cdn.jsdelivr.net/gh/dennypa77/mass-upload@main/foto-upload/toko1/pin-button/PB-0000185.png,223205
Graphica Key,toko1,PIN BUTTON,PB-0000186,varian,E:\Project\Mass upload shopee\foto-upload\toko1\pin-button\PB-0000186.png,https://cdn.jsdelivr.net/gh/dennypa77/mass-upload@main/foto-upload/toko1/pin-button/PB-0000186.png,153200
Graphica Key,toko1,PIN BUTTON,PB-0000187,varian,E:\Project\Mass upload shopee\foto-upload\toko1\pin-button\PB-0000187.png,https://cdn.jsdelivr.net/gh/dennypa77/mass-upload@main/foto-upload/toko1/pin-button/PB-0000187.png,208268
Graphica Key,toko1,PIN BUTTON,PB-0000188,varian,E:\Project\Mass upload shopee\foto-upload\toko1\pin-button\PB-0000188.png,https://cdn.jsdelivr.net/gh/dennypa77/mass-upload@main/foto-upload/toko1/pin-button/PB-0000188.png,274632
Graphica Key,toko1,PIN BUTTON,PB-0000189,varian,E:\Project\Mass upload shopee\foto-upload\toko1\pin-button\PB-0000189.png,https://cdn.jsdelivr.net/gh/dennypa77/mass-upload@main/foto-upload/toko1/pin-button/PB-0000189.png,219884
Graphica Key,toko1,PIN BUTTON,PB-0000190,varian,E:\Project\Mass upload shopee\foto-upload\toko1\pin-button\PB-0000190.png,https://cdn.jsdelivr.net/gh/dennypa77/mass-upload@main/foto-upload/toko1/pin-button/PB-0000190.png,209352
Graphica Key,toko1,PIN BUTTON,PB-0000191,varian,E:\Project\Mass upload shopee\foto-upload\toko1\pin-button\PB-0000191.png,https://cdn.jsdelivr.net/gh/dennypa77/mass-upload@main/foto-upload/toko1/pin-button/PB-0000191.png,205520
Graphica Key,toko1,PIN BUTTON,PB-0000192,varian,E:\Project\Mass upload shopee\foto-upload\toko1\pin-button\PB-0000192.png,https://cdn.jsdelivr.net/gh/dennypa77/mass-upload@main/foto-upload/toko1/pin-button/PB-0000192.png,208489
Graphica Key,toko1,PIN BUTTON,PB-0000193,varian,E:\Project\Mass upload shopee\foto-upload\toko1\pin-button\PB-0000193.png,https://cdn.jsdelivr.net/gh/dennypa77/mass-upload@main/foto-upload/toko1/pin-button/PB-0000193.png,201644
Graphica Key,toko1,PIN BUTTON,PB-0000194,varian,E:\Project\Mass upload shopee\foto-upload\toko1\pin-button\PB-0000194.png,https://cdn.jsdelivr.net/gh/dennypa77/mass-upload@main/foto-upload/toko1/pin-button/PB-0000194.png,264720
Graphica Key,toko1,PIN BUTTON,PB-0000195,varian,E:\Project\Mass upload shopee\foto-upload\toko1\pin-button\PB-0000195.png,https://cdn.jsdelivr.net/gh/dennypa77/mass-upload@main/foto-upload/toko1/pin-button/PB-0000195.png,269124
Graphica Key,toko1,PIN BUTTON,PB-0000196,varian,E:\Project\Mass upload shopee\foto-upload\toko1\pin-button\PB-0000196.png,https://cdn.jsdelivr.net/gh/dennypa77/mass-upload@main/foto-upload/toko1/pin-button/PB-0000196.png,252330
Graphica Key,toko1,PIN BUTTON,PB-0000197,varian,E:\Project\Mass upload shopee\foto-upload\toko1\pin-button\PB-0000197.png,https://cdn.jsdelivr.net/gh/dennypa77/mass-upload@main/foto-upload/toko1/pin-button/PB-0000197.png,236377
Graphica Key,toko1,PIN BUTTON,PB-0000198,varian,E:\Project\Mass upload shopee\foto-upload\toko1\pin-button\PB-0000198.png,https://cdn.jsdelivr.net/gh/dennypa77/mass-upload@main/foto-upload/toko1/pin-button/PB-0000198.png,190319
Graphica Key,toko1,PIN BUTTON,PB-0000199,varian,E:\Project\Mass upload shopee\foto-upload\toko1\pin-button\PB-0000199.png,https://cdn.jsdelivr.net/gh/dennypa77/mass-upload@main/foto-upload/toko1/pin-button/PB-0000199.png,216098
Graphica Key,toko1,PIN BUTTON,PB-0000200,varian,E:\Project\Mass upload shopee\foto-upload\toko1\pin-button\PB-0000200.png,https://cdn.jsdelivr.net/gh/dennypa77/mass-upload@main/foto-upload/toko1/pin-button/PB-0000200.png,239318
Graphica Key,toko1,PIN BUTTON,PB-0000201,varian,E:\Project\Mass upload shopee\foto-upload\toko1\pin-button\PB-0000201.png,https://cdn.jsdelivr.net/gh/dennypa77/mass-upload@main/foto-upload/toko1/pin-button/PB-0000201.png,680417
Graphica Key,toko1,PIN BUTTON,PB-0000202,varian,E:\Project\Mass upload shopee\foto-upload\toko1\pin-button\PB-0000202.png,https://cdn.jsdelivr.net/gh/dennypa77/mass-upload@main/foto-upload/toko1/pin-button/PB-0000202.png,754835
Graphica Key,toko1,PIN BUTTON,PB-0000203,varian,E:\Project\Mass upload shopee\foto-upload\toko1\pin-button\PB-0000203.png,https://cdn.jsdelivr.net/gh/dennypa77/mass-upload@main/foto-upload/toko1/pin-button/PB-0000203.png,723345
Graphica Key,toko1,PIN BUTTON,PB-0000204,varian,E:\Project\Mass upload shopee\foto-upload\toko1\pin-button\PB-0000204.png,https://cdn.jsdelivr.net/gh/dennypa77/mass-upload@main/foto-upload/toko1/pin-button/PB-0000204.png,583081
Graphica Key,toko1,PIN BUTTON,PB-0000205,varian,E:\Project\Mass upload shopee\foto-upload\toko1\pin-button\PB-0000205.png,https://cdn.jsdelivr.net/gh/dennypa77/mass-upload@main/foto-upload/toko1/pin-button/PB-0000205.png,464484
Graphica Key,toko1,PIN BUTTON,PB-0000206,varian,E:\Project\Mass upload shopee\foto-upload\toko1\pin-button\PB-0000206.png,https://cdn.jsdelivr.net/gh/dennypa77/mass-upload@main/foto-upload/toko1/pin-button/PB-0000206.png,526276
Graphica Key,toko1,PIN BUTTON,PB-0000207,varian,E:\Project\Mass upload shopee\foto-upload\toko1\pin-button\PB-0000207.png,https://cdn.jsdelivr.net/gh/dennypa77/mass-upload@main/foto-upload/toko1/pin-button/PB-0000207.png,640030
Graphica Key,toko1,PIN BUTTON,PB-0000208,varian,E:\Project\Mass upload shopee\foto-upload\toko1\pin-button\PB-0000208.png,https://cdn.jsdelivr.net/gh/dennypa77/mass-upload@main/foto-upload/toko1/pin-button/PB-0000208.png,712403
Graphica Key,toko1,PIN BUTTON,PB-0000209,varian,E:\Project\Mass upload shopee\foto-upload\toko1\pin-button\PB-0000209.png,https://cdn.jsdelivr.net/gh/dennypa77/mass-upload@main/foto-upload/toko1/pin-button/PB-0000209.png,808576
Graphica Key,toko1,PIN BUTTON,PB-0000210,varian,E:\Project\Mass upload shopee\foto-upload\toko1\pin-button\PB-0000210.png,https://cdn.jsdelivr.net/gh/dennypa77/mass-upload@main/foto-upload/toko1/pin-button/PB-0000210.png,790292
Graphica Key,toko1,PIN BUTTON,PB-0000211,varian,E:\Project\Mass upload shopee\foto-upload\toko1\pin-button\PB-0000211.png,https://cdn.jsdelivr.net/gh/dennypa77/mass-upload@main/foto-upload/toko1/pin-button/PB-0000211.png,624404
Graphica Key,toko1,PIN BUTTON,PB-0000212,varian,E:\Project\Mass upload shopee\foto-upload\toko1\pin-button\PB-0000212.png,https://cdn.jsdelivr.net/gh/dennypa77/mass-upload@main/foto-upload/toko1/pin-button/PB-0000212.png,771247
Graphica Key,toko1,PIN BUTTON,PB-0000213,varian,E:\Project\Mass upload shopee\foto-upload\toko1\pin-button\PB-0000213.png,https://cdn.jsdelivr.net/gh/dennypa77/mass-upload@main/foto-upload/toko1/pin-button/PB-0000213.png,771419
Graphica Key,toko1,PIN BUTTON,PB-0000214,varian,E:\Project\Mass upload shopee\foto-upload\toko1\pin-button\PB-0000214.png,https://cdn.jsdelivr.net/gh/dennypa77/mass-upload@main/foto-upload/toko1/pin-button/PB-0000214.png,715537
Graphica Key,toko1,PIN BUTTON,PB-0000215,varian,E:\Project\Mass upload shopee\foto-upload\toko1\pin-button\PB-0000215.png,https://cdn.jsdelivr.net/gh/dennypa77/mass-upload@main/foto-upload/toko1/pin-button/PB-0000215.png,867920
Graphica Key,toko1,PIN BUTTON,PB-0000216,varian,E:\Project\Mass upload shopee\foto-upload\toko1\pin-button\PB-0000216.png,https://cdn.jsdelivr.net/gh/dennypa77/mass-upload@main/foto-upload/toko1/pin-button/PB-0000216.png,724043
Graphica Key,toko1,PIN BUTTON,PB-0000217,varian,E:\Project\Mass upload shopee\foto-upload\toko1\pin-button\PB-0000217.png,https://cdn.jsdelivr.net/gh/dennypa77/mass-upload@main/foto-upload/toko1/pin-button/PB-0000217.png,701596
Graphica Key,toko1,PIN BUTTON,PB-0000218,varian,E:\Project\Mass upload shopee\foto-upload\toko1\pin-button\PB-0000218.png,https://cdn.jsdelivr.net/gh/dennypa77/mass-upload@main/foto-upload/toko1/pin-button/PB-0000218.png,871563
Graphica Key,toko1,PIN BUTTON,PB-0000219,varian,E:\Project\Mass upload shopee\foto-upload\toko1\pin-button\PB-0000219.png,https://cdn.jsdelivr.net/gh/dennypa77/mass-upload@main/foto-upload/toko1/pin-button/PB-0000219.png,546169
Graphica Key,toko1,PIN BUTTON,PB-0000220,varian,E:\Project\Mass upload shopee\foto-upload\toko1\pin-button\PB-0000220.png,https://cdn.jsdelivr.net/gh/dennypa77/mass-upload@main/foto-upload/toko1/pin-button/PB-0000220.png,504709
Graphica Key,toko1,PIN BUTTON,PB-0000221,varian,E:\Project\Mass upload shopee\foto-upload\toko1\pin-button\PB-0000221.png,https://cdn.jsdelivr.net/gh/dennypa77/mass-upload@main/foto-upload/toko1/pin-button/PB-0000221.png,809639
Graphica Key,toko1,PIN BUTTON,PB-0000222,varian,E:\Project\Mass upload shopee\foto-upload\toko1\pin-button\PB-0000222.png,https://cdn.jsdelivr.net/gh/dennypa77/mass-upload@main/foto-upload/toko1/pin-button/PB-0000222.png,656910
Graphica Key,toko1,PIN BUTTON,PB-0000223,varian,E:\Project\Mass upload shopee\foto-upload\toko1\pin-button\PB-0000223.png,https://cdn.jsdelivr.net/gh/dennypa77/mass-upload@main/foto-upload/toko1/pin-button/PB-0000223.png,662281
Graphica Key,toko1,PIN BUTTON,PB-0000224,varian,E:\Project\Mass upload shopee\foto-upload\toko1\pin-button\PB-0000224.png,https://cdn.jsdelivr.net/gh/dennypa77/mass-upload@main/foto-upload/toko1/pin-button/PB-0000224.png,702081
Graphica Key,toko1,PIN BUTTON,PB-0000225,varian,E:\Project\Mass upload shopee\foto-upload\toko1\pin-button\PB-0000225.png,https://cdn.jsdelivr.net/gh/dennypa77/mass-upload@main/foto-upload/toko1/pin-button/PB-0000225.png,644088
Graphica Key,toko1,PIN BUTTON,PB-0000226,varian,E:\Project\Mass upload shopee\foto-upload\toko1\pin-button\PB-0000226.png,https://cdn.jsdelivr.net/gh/dennypa77/mass-upload@main/foto-upload/toko1/pin-button/PB-0000226.png,571603
Graphica Key,toko1,PIN BUTTON,PB-0000227,varian,E:\Project\Mass upload shopee\foto-upload\toko1\pin-button\PB-0000227.png,https://cdn.jsdelivr.net/gh/dennypa77/mass-upload@main/foto-upload/toko1/pin-button/PB-0000227.png,690197
Graphica Key,toko1,PIN BUTTON,PB-0000228,varian,E:\Project\Mass upload shopee\foto-upload\toko1\pin-button\PB-0000228.png,https://cdn.jsdelivr.net/gh/dennypa77/mass-upload@main/foto-upload/toko1/pin-button/PB-0000228.png,738868
Graphica Key,toko1,PIN BUTTON,PB-0000229,varian,E:\Project\Mass upload shopee\foto-upload\toko1\pin-button\PB-0000229.png,https://cdn.jsdelivr.net/gh/dennypa77/mass-upload@main/foto-upload/toko1/pin-button/PB-0000229.png,704654
Graphica Key,toko1,PIN BUTTON,PB-0000230,varian,E:\Project\Mass upload shopee\foto-upload\toko1\pin-button\PB-0000230.png,https://cdn.jsdelivr.net/gh/dennypa77/mass-upload@main/foto-upload/toko1/pin-button/PB-0000230.png,840724
Graphica Key,toko1,PIN BUTTON,PB-0000231,varian,E:\Project\Mass upload shopee\foto-upload\toko1\pin-button\PB-0000231.png,https://cdn.jsdelivr.net/gh/dennypa77/mass-upload@main/foto-upload/toko1/pin-button/PB-0000231.png,726607
Graphica Key,toko1,PIN BUTTON,PB-0000232,varian,E:\Project\Mass upload shopee\foto-upload\toko1\pin-button\PB-0000232.png,https://cdn.jsdelivr.net/gh/dennypa77/mass-upload@main/foto-upload/toko1/pin-button/PB-0000232.png,771897
Graphica Key,toko1,PIN BUTTON,PB-0000233,varian,E:\Project\Mass upload shopee\foto-upload\toko1\pin-button\PB-0000233.png,https://cdn.jsdelivr.net/gh/dennypa77/mass-upload@main/foto-upload/toko1/pin-button/PB-0000233.png,988152
Graphica Key,toko1,PIN BUTTON,PB-0000234,varian,E:\Project\Mass upload shopee\foto-upload\toko1\pin-button\PB-0000234.png,https://cdn.jsdelivr.net/gh/dennypa77/mass-upload@main/foto-upload/toko1/pin-button/PB-0000234.png,717556
Graphica Key,toko1,PIN BUTTON,PB-0000235,varian,E:\Project\Mass upload shopee\foto-upload\toko1\pin-button\PB-0000235.png,https://cdn.jsdelivr.net/gh/dennypa77/mass-upload@main/foto-upload/toko1/pin-button/PB-0000235.png,776380
Graphica Key,toko1,PIN BUTTON,PB-0000236,varian,E:\Project\Mass upload shopee\foto-upload\toko1\pin-button\PB-0000236.png,https://cdn.jsdelivr.net/gh/dennypa77/mass-upload@main/foto-upload/toko1/pin-button/PB-0000236.png,826571
Graphica Key,toko1,PIN BUTTON,PB-0000237,varian,E:\Project\Mass upload shopee\foto-upload\toko1\pin-button\PB-0000237.png,https://cdn.jsdelivr.net/gh/dennypa77/mass-upload@main/foto-upload/toko1/pin-button/PB-0000237.png,691922
Graphica Key,toko1,PIN BUTTON,PB-0000238,varian,E:\Project\Mass upload shopee\foto-upload\toko1\pin-button\PB-0000238.png,https://cdn.jsdelivr.net/gh/dennypa77/mass-upload@main/foto-upload/toko1/pin-button/PB-0000238.png,816671
Graphica Key,toko1,PIN BUTTON,PB-0000239,varian,E:\Project\Mass upload shopee\foto-upload\toko1\pin-button\PB-0000239.png,https://cdn.jsdelivr.net/gh/dennypa77/mass-upload@main/foto-upload/toko1/pin-button/PB-0000239.png,514515
Graphica Key,toko1,PIN BUTTON,PB-0000240,varian,E:\Project\Mass upload shopee\foto-upload\toko1\pin-button\PB-0000240.png,https://cdn.jsdelivr.net/gh/dennypa77/mass-upload@main/foto-upload/toko1/pin-button/PB-0000240.png,446731
Graphica Key,toko1,PIN BUTTON,PB-0000241,varian,E:\Project\Mass upload shopee\foto-upload\toko1\pin-button\PB-0000241.png,https://cdn.jsdelivr.net/gh/dennypa77/mass-upload@main/foto-upload/toko1/pin-button/PB-0000241.png,549463
Graphica Key,toko1,PIN BUTTON,PB-0000242,varian,E:\Project\Mass upload shopee\foto-upload\toko1\pin-button\PB-0000242.png,https://cdn.jsdelivr.net/gh/dennypa77/mass-upload@main/foto-upload/toko1/pin-button/PB-0000242.png,640795
Graphica Key,toko1,PIN BUTTON,PB-0000243,varian,E:\Project\Mass upload shopee\foto-upload\toko1\pin-button\PB-0000243.png,https://cdn.jsdelivr.net/gh/dennypa77/mass-upload@main/foto-upload/toko1/pin-button/PB-0000243.png,762762
Graphica Key,toko1,PIN BUTTON,PB-0000244,varian,E:\Project\Mass upload shopee\foto-upload\toko1\pin-button\PB-0000244.png,https://cdn.jsdelivr.net/gh/dennypa77/mass-upload@main/foto-upload/toko1/pin-button/PB-0000244.png,953104
Graphica Key,toko1,PIN BUTTON,PB-0000245,varian,E:\Project\Mass upload shopee\foto-upload\toko1\pin-button\PB-0000245.png,https://cdn.jsdelivr.net/gh/dennypa77/mass-upload@main/foto-upload/toko1/pin-button/PB-0000245.png,587198
Graphica Key,toko1,PIN BUTTON,PB-0000246,varian,E:\Project\Mass upload shopee\foto-upload\toko1\pin-button\PB-0000246.png,https://cdn.jsdelivr.net/gh/dennypa77/mass-upload@main/foto-upload/toko1/pin-button/PB-0000246.png,724413
Graphica Key,toko1,PIN BUTTON,PB-0000247,varian,E:\Project\Mass upload shopee\foto-upload\toko1\pin-button\PB-0000247.png,https://cdn.jsdelivr.net/gh/dennypa77/mass-upload@main/foto-upload/toko1/pin-button/PB-0000247.png,676923
Graphica Key,toko1,PIN BUTTON,PB-0000248,varian,E:\Project\Mass upload shopee\foto-upload\toko1\pin-button\PB-0000248.png,https://cdn.jsdelivr.net/gh/dennypa77/mass-upload@main/foto-upload/toko1/pin-button/PB-0000248.png,744212
Graphica Key,toko1,PIN BUTTON,PB-0000249,varian,E:\Project\Mass upload shopee\foto-upload\toko1\pin-button\PB-0000249.png,https://cdn.jsdelivr.net/gh/dennypa77/mass-upload@main/foto-upload/toko1/pin-button/PB-0000249.png,821629
Graphica Key,toko1,PIN BUTTON,PB-BLACKPINK-UTAMA1,utama,E:\Project\Mass upload shopee\foto-upload\toko1\pin-button\PB-BLACKPINK-utama1.png,https://cdn.jsdelivr.net/gh/dennypa77/mass-upload@main/foto-upload/toko1/pin-button/PB-BLACKPINK-utama1.png,1928049
Graphica Key,toko1,PIN BUTTON,PB-BLACKPINK-UTAMA2,utama,E:\Project\Mass upload shopee\foto-upload\toko1\pin-button\PB-BLACKPINK-utama2.png,https://cdn.jsdelivr.net/gh/dennypa77/mass-upload@main/foto-upload/toko1/pin-button/PB-BLACKPINK-utama2.png,624801
Graphica Key,toko1,PIN BUTTON,PB-BLACKPINK-UTAMA3,utama,E:\Project\Mass upload shopee\foto-upload\toko1\pin-button\PB-BLACKPINK-utama3.png,https://cdn.jsdelivr.net/gh/dennypa77/mass-upload@main/foto-upload/toko1/pin-button/PB-BLACKPINK-utama3.png,1665439
Graphica Key,toko1,PIN BUTTON,PB-BTS-UTAMA1,utama,E:\Project\Mass upload shopee\foto-upload\toko1\pin-button\PB-BTS-utama1.png,https://cdn.jsdelivr.net/gh/dennypa77/mass-upload@main/foto-upload/toko1/pin-button/PB-BTS-utama1.png,1755284
Graphica Key,toko1,PIN BUTTON,PB-BTS-UTAMA2,utama,E:\Project\Mass upload shopee\foto-upload\toko1\pin-button\PB-BTS-utama2.png,https://cdn.jsdelivr.net/gh/dennypa77/mass-upload@main/foto-upload/toko1/pin-button/PB-BTS-utama2.png,612282
Graphica Key,toko1,PIN BUTTON,PB-BTS-UTAMA3,utama,E:\Project\Mass upload shopee\foto-upload\toko1\pin-button\PB-BTS-utama3.png,https://cdn.jsdelivr.net/gh/dennypa77/mass-upload@main/foto-upload/toko1/pin-button/PB-BTS-utama3.png,1596751
Graphica Key,toko1,PIN BUTTON,PB-CORTIS-UTAMA1,utama,E:\Project\Mass upload shopee\foto-upload\toko1\pin-button\PB-CORTIS-utama1.png,https://cdn.jsdelivr.net/gh/dennypa77/mass-upload@main/foto-upload/toko1/pin-button/PB-CORTIS-utama1.png,2012762
Graphica Key,toko1,PIN BUTTON,PB-CORTIS-UTAMA2,utama,E:\Project\Mass upload shopee\foto-upload\toko1\pin-button\PB-CORTIS-utama2.png,https://cdn.jsdelivr.net/gh/dennypa77/mass-upload@main/foto-upload/toko1/pin-button/PB-CORTIS-utama2.png,1009210
Graphica Key,toko1,PIN BUTTON,PB-CORTIS-UTAMA3,utama,E:\Project\Mass upload shopee\foto-upload\toko1\pin-button\PB-CORTIS-utama3.png,https://cdn.jsdelivr.net/gh/dennypa77/mass-upload@main/foto-upload/toko1/pin-button/PB-CORTIS-utama3.png,1200239
Graphica Key,toko1,PIN BUTTON,PB-HEARTS2HEARTS-UTAMA1,utama,E:\Project\Mass upload shopee\foto-upload\toko1\pin-button\PB-HEARTS2HEARTS-utama1.png,https://cdn.jsdelivr.net/gh/dennypa77/mass-upload@main/foto-upload/toko1/pin-button/PB-HEARTS2HEARTS-utama1.png,1955423
Graphica Key,toko1,PIN BUTTON,PB-HEARTS2HEARTS-UTAMA2,utama,E:\Project\Mass upload shopee\foto-upload\toko1\pin-button\PB-HEARTS2HEARTS-utama2.png,https://cdn.jsdelivr.net/gh/dennypa77/mass-upload@main/foto-upload/toko1/pin-button/PB-HEARTS2HEARTS-utama2.png,568603
Graphica Key,toko1,PIN BUTTON,PB-HEARTS2HEARTS-UTAMA3,utama,E:\Project\Mass upload shopee\foto-upload\toko1\pin-button\PB-HEARTS2HEARTS-utama3.png,https://cdn.jsdelivr.net/gh/dennypa77/mass-upload@main/foto-upload/toko1/pin-button/PB-HEARTS2HEARTS-utama3.png,1214177
